Sir Isaac Newton determined that white light is made up of all the colors of the rainbow. What did he use to discover this phenomenon?,a prism,a telescope,a microscope,a magnifying glass,A
用顯微鏡睇，你會發現一個物件有細胞壁、葉綠體同埋細胞核。觀察緊乜嘢呢？,植物細胞,一個動物細胞,一個男性生物,個女嘅生物,A
海洋科學家點樣最好嘅方法去了解鯊魚嘅飲食習慣？,記一條鯊魚嘅標籤，同埋監察佢嘅飲食習慣一日。,標籤一條鯊魚，然後喺一年時間內監測佢嘅飲食習慣。,標記幾條鯊魚，畀佢哋食嘢嘅習慣影住一日。,標記幾條鯊魚，然後喺一年內監視佢哋嘅食性。,D
邊個點樣最有幫助嘅俾科學家去發現地球係點樣隨住時間變過？,搵鷹嘅巢。,追蹤狼嘅腳印,分析葵花嘅授粉情況,喺樹木茂盛嘅地方發現咗一個海貝嘅化石。,D
要求學生使用以下物質製作土壤：水、矿石、腐殖质、晶体、风化岩和变质岩。學生應該選擇哪種組合的物質？,腐植土，水晶同礦石,水，風化岩和腐植質,水，變質岩，同晶体。,變質岩、礦石同風化岩,B
細胞嚟嘅能量係點形成嘅？,食物,水係生命嘅源頭，人類生活唔可以缺乏水，所以我哋要節約用水，愛護水資源，唔好亂丟垃圾，保持環境清潔。,葉綠素,二氧化碳,A
邊類型嘅科學家會研究簡單機械同能量之間嘅關係呀？,唔好意思，我唔識講粵語。,生物學家係研究生物同埋生命嘅科學嘅人。佢哋主要研究生物體嘅結構、功能、演化同埋生態學等方面。生物學家可以喺實驗室裏面進行研究，亦都可以喺自然環境中進行觀察同研究。生物學家嘅研究對理解生物體嘅特性同埋生物系統嘅運作有很大嘅貢獻。,請幫我將下面呢段嘢翻譯成正宗嘅口語粵語（對專業嘅詞彙同句子要專業嘅翻譯），格式唔變，全部一定要有，唔好畀漏咗，直接輸出結果，唔好有多餘嘅話同符號：物理學家physicist,地質學家係研究地球體內物質、結構同進化嘅學科，佢地主要任務係研究地球嘅結構同層序，喺地質時，主要睇石層溝壑、崩塌等嘅構造特點，同埋進行地層地質調查、地質儀器嘅使用以及地質樣品嘅收集同研究。地質學家通常需要有良好嘅地質專業知識同埋研究技巧，係勘探礦產、水源等方面有重要作用。,C
啲咩係蘋果嘅物理特性？,點樣嘅顏色？,點都幾靚啊。,幾錢啊？,當佢俾走既時候,A
如果Lisa想要用豆科植物进行实验，下面哪一个是最好的假设的例子？,豆莊嘅有好多種。,肥料對豆荚植物好。,所有豆类植物都有關係。,肥料會令豆荚植物長高。,D
Alan用包菜汁来测各种家庭溶液的相对酸碱度。以下哪个步骤传达了他调查的结果？,進行多次實驗,寫低個過程.,識別要測試嘅材料。,記錄觀察同數據係日記度,D
邊個細胞組件同功能搭配係啱嘅？,細胞嘅活動係由細胞核控制。,葉綠體-植物細胞外層界限,細胞壁 - 控制物質進出細胞。,細胞膜-喺度進行光合作用。,A
綠色植物喺二氧化碳同氧氣循環度個重要部分？,佢哋加咗氧氣喺土壤入面。,佢哋會釋放氧氣落去咗空氣中。,佢哋喺地裏固定二氧化碳。,佢哋會將二氧化碳存喺根部。,B
Jennifer 攞石頭行山嘅時候收埋好多石頭。佢而家想分類佢啲石頭，邊啲係層狀岩石？,黑色同灰色嘅結晶岩,光滑嘅石頭。,石頭裏面有啲殼嘅碎片,岩石度有好細個晶體連鎖埋入其中。,C
阿波羅14號登月期間，太空人喺月球上打高爾夫球。以下邊個係地球上比較少嘅？,高爾夫球嘅質量,高爾夫球嘅重量,高爾夫球的質量同尺寸,高爾夫球既重量同埋尺寸,B
邊張表係由細到大排列？,生物圈，生物，生态系统，种群,社區、有機體、生態系統、生物圈,生物體、族群、社區、生態系統。,人口、生態系統、社區、生物圈,C
Mara搭咗六盆生菜種子。佢將三盆放喺陽光充足嘅地方同埋三盆放喺陰涼嘅地方。佢每盆都係咁樣澆水同度量生菜嘅生長。喺Mara分析數據之後，呢啲數據會幫到佢點樣嘅結論？,幾時種生菜？,喺邊度種生菜啊？,生菜要比较多水？,點樣先可以種幾多粒萵苣先可以種？,B
科學家喺山脈底部嘅乾燥地區進行挖掘。 喺呢個地區發現咗淡水貝類嘅化石貝殼。 根據呢啲證據，科學家可能會得出咩結論？,河流以前係呢个地区流过既。,火山喺呢个地区以前曾经有过活动。,海濱嘅地方以前曾經延伸到呢度。,呢度係好常見水浸嘅地方。,A
水分子的動能增加時會發生什麼現象？,水蒸氣變成冰。,凍水变成冰。,水蒸氣凝結為液態水。,液態嘅水會變成水蒸氣。,D
人眼最容易看到嘅物體係邊幾種？,大部分光線打落去嘅物體都可以反射大部分嘅光。,反射大部分光線的物體。,多數光線照射到物體上會產生衍射,吸收大部分睇落去嘅光嘅物體,A
邊一組描述啱啱地講解緊人口同社區嘅唔同之處？,"人口：一個地區有一種物種
社區：一個物種在全球",人口：一個細嗰地區入面嘅生物社區：一倌大嗰地區入面嘅生物。,"人口：一個地區嘅生物成分
社區：一個地區嘅生物同非生物成分","人口：一個區域入面嘅一啲生物。
社區：一個區域入面有好多唔同種類嘅生物。",D
邊種礦石係有六邊形透明晒嘅晶體，可以刮碎玻璃呀？,硫磺,啲青帝石係一種硬度好高嘅礦物，係地殼岩石中好常見嘅成分之一。喺珠寶同埋手錶嘅製造過程中，都會用到呢種礦物嚟製作成各種首飾同埋器材，而且佢嘅耐磨性同透明度都好好，所以好受歡迎。,我想將呢句嘢譯成正宗嘅口語粤語：calcite,長石,B
作为一项实验，太空人带秤去月球上称体重。秤读睇係31磅。如果太空人嘅重约84公斤，咁佢地喺地球上站立嘅时候嘅大约重量同质量係几多？,三十一磅 同 十四公斤,31磅同84公斤。,一百八十六磅同十四公斤,一百八十六磅同八十四公斤。,D
見老Pratt做個科學示範。佢吹晒一個氣球，放入雪櫃入面，然後過十分鐘再拎出嚟。最適合形容氣球係入雪櫃時同埋拎出嚟再俾佢暖和返嚟嘅體積？,凍櫃入面就會膨脹，再暖和返嘅時候就會收縮。,凍起嘅合同喺凍箱入面，等再暖和啲嘅時候就膨脹開黎。,喺冰箱裡凍起嚟會膨脹，暖番就會保持住個樣。,凍嘅合同再加熱都保持佢嘅體積。,B
同埋我哋銀河度其他嘅星星比起黎，邊個描述先至最貼切我哋嘅太陽？,大啲嘅尺寸，高啲嘅溫度,細碼啲，溫度高啲。,大碗啲，平均温度,普遍嘅尺寸，普遍嘅溫度。,D
邊啲係科學理論嘅證據？,唔該幫我將底下啲嘢翻譯做正宗嘅口語粵語（對專業嘅詞彙同句子要專業嘅翻譯），格式唔變，所有一定要全，唔好落下，直接輸出結果，唔好有多餘嘅話同多餘嘅符號。,我唔知你點睇，我只係講吓我嘅睇法。就係覺得佢唔係好好嘅咁樣。可能啲人唔同意我，但係就係我自己嘅感受啦。,唔好再鬥氣啦，佢唔係有意傷害你嘅。雖然可能話唔同意見，不過我哋可以坐低傾下啦，講清楚先。唔好攪成咁唔開心啦，咁搞嘅話冇乜好處架。,唔好意思，我唔識講廣東話。,D
山姆搭咗一個斜面，再放一架玩具車落去。係咪話明玩具車落斜面嗰陣時候嘅能量？,動能同位能兩個都增加。,動能同位能都減少。,動能增加，位能減少。,動能減少，而潛能增加。,C
黎明帶咗條朱古力棒畀午餐，不過佢個朱古力喺佢個書包度溶咗。黎明想搞個科學研究去探究點解佢個朱古力棒會喺書包度溶咗。黎明應該用邊個假設去做佢個研究呀？,朱古力略融嘅時候會更香。,朱古力溶左都仲係一樣味。,如果朱古力壞咗嘅話，嗰朱古力就會掉嗮。,如果加熱嘅話朱古力就會融化。,D
隻知覺吃嘅知了。落佢個肚裏嘅波鳳瞭。咁點樣形容兩隻動物嘅角色呢？,知更鳥係獵物，蟋蟀係掠食者。,知了係掠食者，而知雀係獵物。,知更鳥係消費者，蟋蟀係生產者。,知更鳥係生產者，蟋蟀就係消費者。,B
綠色素在光合作用中扮演咩角色？,攝氧,反射翠綠光,吸收光能量,阻塞二氧化碳,C
喺熱星到嘅溫度已經高到可以將電子從原子中拖走。呢個過程導致乜嘢物態？,唔知你有冇睇到，部隻貓走嚟間屋企呀。 佢可能係由屋企度逃跑嘅，我覺得我地應該盡快幫佢搵返返啲塊咁。,唔好意思，我唔識講廣東話。,液體就係一種好稀嘅物質，同固體同氣體唔同，佢可以流動同適合裝喺容器度，係我哋日常生活中好常見嘅物質之一。,拜託搵啲人幫手翻譯呢啲嘢做口語粵語，唔該晒。格式唔使改，全部都要翻，唔好漏咗，直接打出嚟，唔好多話同符號。多謝。,D
光合作用時發生咩事？,昆蟲幫植物授粉。,植物將土壤變成食物能量。,動物由植物攞二氧化碳。,植物將光能轉化為食物能量。,D
科學家懷疑埃及金字塔係點樣搭緊。佢哋諗住可能係用斜傾嘅路將大塊石頭推上去擺位嘅。咁樣嘅路係屬於邊一種簡單機械呢？,唔好意思，我唔識講粤語。,呢條喺樑架度用嘅滾輪係好重要嘅，可以幫手提起或者拉低重物，好方便㗎。,傾斜面,輪和軸,C
1872年，美國建立咗一個叫做黃石嘅國家公園。呢個公園包括住超過兩百萬英畝嘅土地，位於愛達荷州、蒙大納州同埋懷俄明州。邊句最好嘅解釋國家公園點解對生態系統有正面影響？,國家公園都限制人哋睇野生動物。,國家公園限制採礦、伐木和狩獵。,國家公園係保護農夫同牧民嘅土地。,國家公園護住地方畀人哋建屋。,B
一個學生用顯微鏡觀察物體中的細胞。學生認為這個物體是來自活物的一部分。哪一個說法能解釋細胞理論如何支持學生的想法？,細胞理論係用顯微鏡發展嘅。,細胞論係發展嚟研究活物嘅。,細胞理論話所有嘅生物都係由細胞組成。,細胞理論話，科學家可以將嘢分類為活物定唔活物。,C
邊句描述咗所有物質？,所有嘢都含碳。,所有嘢都含氧。,所有嘢都係由細胞組成。,所有嘢都係由原子組成。,D
邊句話最貼切地描述一個物體的質量？,嘢嘅份量,咩嘢嘢嘅物體體積,物體中的物質量,物體所受的重力吸引力量,C
佢係屬於蛋生、有鱗片同鰓嘅動物組？,唔該幫我將下面呢段嘢翻譯成正宗嘅口語粵語，格式唔變，所有一定要全，唔好落下，直接輸出結果，唔好有多餘嘅話同符號。,鳥啦。,鮮魚,唔好意思，我唔識講口語粤語，無法幫到你。,C
以下邊個係冇提供麻雀點樣喺環境中利用資源求生嘅例子？,雀仔係呼吸空氣嘅。,麻雀飲水。,啫啦啫啦飛，食晒太陽。,麻雀識得用植物作遮蔽。,C
西方珊瑚蛇有條紋嘅花紋同埋係有毒㗎。亞利桑那山王蛇啲樣同西方珊瑚蛇好似，但係無毒㗎。亞利桑那山王蛇嘅花紋係其中一個例子。,偽裝。,學習欺騙。,互惠共生。,寄生。,B
邊度啲嘢可以引致蝕？,落葉,流水,生草,升溫情況增加,B
邊句係觀察？,植物開花。,呢植物好靚。,植物會生出啲莓。,呢棵植物可能有毒。,A
邊種天氣現象會令植物乾燥同引發山火呀？,唔該幫我將底下呢段嘢翻譯做正宗嘅口語粵語（對專業嘅詞彙同句子要專業嘅翻譯），格式唔變，所有一定要全，唔好落下，直接輸出結果，唔好有多餘嘅話同多餘嘅符號。,地震係一種自然嘅現象，係由板塊之間嘅運動引起嘅。當地殼嘅構造發生變化時，會造成地震發生，佢會帶嚟震動同地面嘅振動，可能會帶嚟唔同程度嘅破壞。,唔好意思，我唔識講粵語。,龍捲風係一種狂野嘅天氣現象，可以帶嚟強風同埋破壞。龍捲風常常喺颶風或者超級風暴之後出現，係一種危險嘅自然災害。,A
邊項發明用緊科技可以幫人哋保存食物耐個耐期？,洗碗碌，係廚房用嚟清洗餐具嘅一種家用電器，可以快速方便咁清洗碟碗碗盆叉匙等。通常就係將髒嘅碟碗疊好放入洗碗碌內，加入清潔劑同搖搖晃晃按個鈕，洗碗碌就會自動清洗同烘乾碟碗，唔洗搵水簍落手洗咁麻煩。,雪櫃,電動攪拌機,微波爐,B
呢啲嘅嘢邊個係冇生命嘅？,一隻菌。,一棵樹,一條蟲,一條河。,D
Mrs. Henderson噉班有五個細細個蓋住嘅盒。一個裏面有香水；另一個裏面有乾洋蔥。仲有個盒裏面有松針，一個有檸檬片，同埋一個濕咗雲呢拿味嘅紙巾。佢哋應該點做先可以得到最好嘅資訊知道每個盒入面有咩？,搖下啲盒。,聞吓啲盒。,聽聽啲盒。,搵啲盒嚟睇下。,B
一塊石樣本最應該係含有,啲植物。,礦物質。,水。,木。,B
邊種力係需要兩個物體接觸先可以推或拉對方？,摩擦力令足球滾動減慢速度,磁力將書針吸到強大的電磁鐵。,磁力推開兩個磁鐵的這種現象,雨滴落地時地球引力影響力量,A
Della條瓶入面有啲土同埋水嘅混合物。邊樣嘅工具最適合幫助Della將土同埋水分開？,過濾器,量杯,一個平衡,放大鏡,A
太多嘅撈魚會點樣影響呢個地區嘅生態系統？,魚會產很多蛋嚟代替已經捕獲嘅魚。,食魚嘅生物可能因為飢餓而濒临絕種。,魚食嘅生物會變得瀕臨絕種。,人哋可以食過多魚就會好呆。,B
Sophie 老師調查佢所就讀嘅學校嘅供水系統同影響佢嘅事物。係哪一個行動係直接觀察？,飲食飲水機水,睇水測試結果,研究淨水規則,調查水污染嘅原因,A
陶博士向佢班教生派發唔同種類嗰啲土壤嘅樣本。邊個行動幫助碌碌辨別每種土壤類型？,"香港既然繁荣既多野
做么樣个人都依家咁樣睇唔起广东话
广东话依家真係冇得㗎啦
你地唔好以为广东话冇价值
广东话係好珍贵既
我地要好好保留佢
唔好因为外来语言而放弃我们既母语",掂佢（dimm2 keoi5）,權衡一下,量度佢,B
喺一個晴天嘅時候，學校嘅旗杆影嘅最短係幾點鐘？,日出係一日中最美嘅時刻，太陽從地平線升起，照亮整個天空，帶嚟一天嘅希望同活力。每朝都要記得睇日出，感受大自然嘅力量同美麗！,今日間食，我哋一齊食嘢啦。,"嗰陣時間, 午后",夕陽係日落時分，太陽就會慢慢落番山度，而天空會因為太陽的光芒而變成好多漂亮嘅顏色，好靚嘅景色。,B
Joann而家係測試土壤，睇下邊種最啱種金蛋花。佢應該做乜嘢？,喺同一塊地種植金盞花，但係多啲澆水俾啲植物。,喺一啲土裡撳洋金菊，另一啲土裡撳紅蘿蔔，再一啲土裡撳雛菊。,種咗三種唔同種類嘅土壤，而且俾佢哋唔同嘅太陽光。,喺三種唔同嘅土壤度種植金盞花，同時要畀啲一樣嘅水同陽光。,D
一個大海、一個森林同一個草地都係完整嘅生態系統嘅例子。完整嘅生態系統應該只包含。,動物是我最喜歡的事物之一，無論是小貓小狗還是大象獅子，我都喜歡與牠們相處。動物能帶給我們很多快樂和樂趣，我覺得牠們都有自己的個性和特點，讓我們更加覺得生活有趣和有意義。與動物相處讓我感到放鬆和快樂，牠們是生命中不可或缺的一部分，我希望能與牠們一直共存下去，互相陪伴。,岩石同水。,生物同非生物物。,植物同動物嘅人口。,C
邊個係以下嘅一個例子係物質改變狀態？,將鑊燒至水全部乾透,將罐裝飲品放入雪櫃凍返佢,將鍋入面嘅湯煮熱，煮到啱啱好夠熱到你嘅舌頭。,將糖倒入儲存容器裏.,A
氮循環中最容易找到氮氣的地方係邊度？,喺動物屎裏,喺飲用水供應中,喺地底嘅礦藏中,工廠排放咗嘅二氧化碳喺大氣層入面。,A
由於使用肥料嘅農場流嘅水流入一個細湖。呢個情況會最直接影響到呢個湖，引致...,湖面乾晒喇。,藻嘅生長喺湖裏。,湖水就更深。,湖水凍左。,B
分解者係食物鏈度有咩作用？,佢哋食其他嘅生物。,佢哋廢掉死嘅有機物質。,佢哋用太陽能去製造食物。,佢哋將無機物質轉換成有機物質。,B
Miguel進行研究。佢喺佢嘅筆記簿度寫咗以下嘅句子：水嘅起始溫度係攝氏10度。一個重5克嘅物體被放入水中。水嘅溫度升到15度。呢個物體肯定熱過10度。Miguel喺哪一句話作出了推斷？,唔该晒你幫我將底先嘅嘢翻譯成正宗嘅口語粵語，格式唔使改，全部一定要畀番，唔好漏咗任何一個字，直接輸出結果，唔好多講嘢同多餘嘅符號。句子1。,叻啲咩？唔該幫手將下面呢段嘢翻譯做正宗嘅口語粵語（對專業嘅詞彙同句子要專業嘅翻譯），格式唔變，所有一定要全，唔好落單，直接輸出成果，唔好有多餘嘅嘢同符號（留意唔好生成粤拼同英文，直接輸出口語粵語嘅繁體字中文形式，繁體字）：sentence 2,就好似話咁講，如果唔係自己嘅事情，就唔好掂門去。,解決呢個問題唔難，只要我地好好計劃同執行，相信一定可以搞掂嘅。,D
電話係喺波士頓發明嘅。,亞歷山大·葛雷厄姆·貝爾。,莎姆·摩斯（Samuel F. B. Morse）係美國嗰一位發明家。,亨利•福特。,愛迪生。,A
蝴蝶嘅變態究竟係咪咁？,蛋，幼虫，蛹，成虫,蛋，蛹，幼虫，成虫,蛋，成蟲，幼蟲，蛹,蛋，幼蟲，成蟲，蛹,A
隨住樹葉落地之後，邊一樣野可以幫手令樹葉分解？,食肉動物,岩石,唔好意思，我唔識講廣東話。,好冷既氣溫。,C
狗嘅哪一個特徵係唔會遺傳自父母嘅？,佢毛嘅長度,佢個鼻嘅形狀,佢個食慾嘅份量,佢毛嘅顏色,C
人哋而家研發電動車，可以取代用汽油嘅車。電動車嘅一個主要好處係佢,加速快D。,減少污染。,更穩定啲行車感覺。,冇需要電池。,B
喺佢嘅科學項目裏，Alan 開始研究楓樹。佢發現佢學校附近嘅楓樹有好多唔同嘅特徵。以下三個特徵中，邊個會有最少嘅變化？,高度,葉數量,啲籽嘅類型。,樹幹闊度,C
以下邊個嘢可能會造成河流污染？,容許海狸築壩。,喺河邊撒肥料,喺河灘剪草,由橋上釣魚,B
邊個係光嘅來源？,"咦地球係太阳系嘅第三颗行星，係唔同嘅生物體嘅家园。地球嘅半径係約6,371公里，唔規則嘅形状，令到佢有無数條緯線同經線。地球係唯一有液态水存在嘅行星，呢個係維持生命嘅一個重要條件。地球上有好多唔同種類嘅生物，包括人類同其他動物同植物，佢哋一齊形成一個生態系統，互相依存互相影響。地球係我哋嘅家，我哋應該好好保護佢，保持地球嘅生態平衡。",星球係太空度面積較大，围繞恆星轉動嘅天體。根據定義，為咗被視為星球，一個天體要擁有足夠嘅質量係由自身重力令成個體(通常係球體)形成，並且冇係其他星球嘅軌道內，同埋冇變爲一個星（例如類地型行星，超級地球）连接。 持選擇性質嘅定義，那度亦都有其他天體會符合星球嘅條件，但卻未有被視為星球。,唔該晒，我想問一問呢度有冇星星睇？,月球係地球嘅自然衞星，總係夜晚好靚天空入面望到，古代人都會根據月相同週期嚟制定曆法、節氣，而家多數熟識嘅係夢睇夜晚月球都會特別浪漫。,C
Burt用匙係佢爐頭度煮緊嘅湯攪匀。喺佢攪嘅時候，邊隻匙會保持最涼？,鐵湯匙,鋁湯匙,一支木湯匙,銀湯匙,C
你要從波士頓將貨物運送到歐洲的話，你有咩選擇？,船定係飛機,卡车定或者船定,卡車定係飛機,隧道定船，兩個都得試過。,A
點解夏天著白色T恤好過著深藍色T恤呀？,淺色啲衫好透氣。,淺色衫唔易流汗。,淺色衫唔重，同埋一d暗色嘅衫比起嚟。,淡色嘅衫會反射比深色嘅衫多啲陽光。,D
邊一樣屬性最適合用嚟識別礦物嘅？,硬度,唔該幫我將下面呢段嘢翻譯成正宗嘅口語粵語（對專業嘅詞彙同句子要專業嘅翻譯），格式唔變，全部一定要，唔好漏咗，直接輸出成果，唔好多話同多餘嘅符號。,size - 嘅调查调查口联 - 在佢的汉字中是“尺寸”或“大小”。 品牌，衣物和鞋子通常都会标有不同尺寸，以确保物品合适身为顾客。,攞返啲數據去check返地溫。係咪因為天氣熱咗？可能係因為有啲地方冇得通風，所以溫度高啲。留意啲數據，防止溫度影響咗效能。,A
好多人鐘意用微波爐，唔鐘意用傳統爐。主要原因係微波爐,煮食嘢比普通焗爐快。,熱爐仲熱過普通爐。,唔好留係度有油溅或者食物。,唔可以煮食物煮過頭。,A
如果田地嘅食物供應減少咗嘅話，田地裏嘅老鼠數量都會減少。,增加。,唔好意思啊，我冇辦法幫你翻譯佢。,保持唔變。,冇乜人講粵語啦，好多年嚟都冇人用啦，好擔心粵語會變得冇人用啦。,B
今個世紀嘅頭半段，有咩科技首次令人哋可以喺城市工作，但係喺城市外面居住？,飛機,汽車係一種交通工具，可以幫你去到唔同嘅地方。汽車有四個輪子，通常係由引擎驅動。汽車可以喺路面行駛，係一種方便嘅交通工具。,唔好意思，我而家冇空幫你翻譯呢段嘢。,電視,B
爬虫係溫暖啲嘅時候更加活躍。呢係因為,佢哋有鱗片嘅皮膚。,佢哋啲皮膚好滑。,佢哋嘅體溫保持穩定。,佢哋嘅體溫會隨環境變化。,D
大山嘅底有一條河流。春天嘅時候水位通常好高。夏天就會低啲。春天嘅時候水位高啲嘅原因係,颱風。,溶雪。,唔知你知唔知啊，喺美國有好多tornadoes。係嘅，佢哋好大風勢，會好猛烈，有時令啲建築物都跟住被破壞咗。另外，因為佢哋嘅原因，令好多人都受傷咗，乜者甚至有人死咗。係好可怕嘅嘢。,蒸發咗嘅水。,B
你想睇一隻細細隻嘅昆蟲，用咩工具最好？,平衡 先隻啲,試管,望遠鏡,放大鏡,D
邊一樣嘢唔係用天然嘅材料製造嘅？,一件棉襯衫,一把木凳,一隻塑膠匙,草籃,C
地球嘅自轉（轉動緊自己嘅軸）会导致,四季更迭。,月亮會出現不同嘅形狀。,日日夜夜。,日食。,C
人類製造的產品的一個例子係咩？,唔該畀我一個蛋糕,番茄,小弟想知道啲小麥係點煮呀？,煤係一種黑色嘅石炭質礦石，主要用喺發電、供熱同埋冶金等工業領域。煤炭係地球上嘅主要化石燃料之一，係自然界中形成嘅一種化石燃料，係一種非再生能源。,A
汽車的發明直接引起咗邊個環境問題？,核廢料儲存,空氣污染嘅增加。,增加咗殺蟲劑嘅使用,美國中西部水浸,B
一個本能的例子係,笑得好開心。,佢哋令到就會做戲。,每日都係同一個時間做功課。,鮭魚返去佢哋出世嘅地方產卵。,D
兩棵樹嘅葉子同埋樹皮。橡樹嘅葉子係有深裂同埋帶鋸齒嘅，樹皮係淺灰色同埋粗糙；楓樹嘅葉子係五裂嘅，樹皮係光滑同埋淺灰啲。,兩棵樹嘅高度。,樹度嘅葉數。,樹木嘅根系大小。,葉嘅形狀。,D
點解河床上揾到嘅石頭同石粒通常都係光滑嘅？,河床上嘅石頭同石粒唔算好老。,水流過時，石塊同石粒佢哋會摩擦磨損。,河水係只可以流過平滑嘅石塊同埋鵝卵石。,河水入面有啲生物會分解岩石同埋石塊。,B
邊隻動物係水裏生活，邊隻喺陸地上生活，同埋會經歷變態？,爬蟲類係一類爬行動物，通常係冷血動物，有鱗片或角，佢哋一般都係生活喺陸地上。有好多唔同種類嘅爬蟲類，包括蛇、蜥蜴、龜仔同蜥蜴。喺動物界裏面，爬蟲類係一個好廣泛嘅分類，在生態系統中佔獨特嘅位置。由於佢哋嘅體型同生活習性唔同，所以都有唔同嘅適應能力同生態功能。,兩棲動物係重要嘅生物多樣性組成部分，包括蛙、蟾蜍同其它種類。佢哋可以係水同陸地之間自由移動，係生態系統中有重要嘅作用。由於生態環境嘅變化同人類活動，兩棲動物嘅數量同多樣性受威脅，有需要保護同培育佢哋嘅生存環境。,鳥仔們落嚟啦。,唔好意思，我唔識講粵語。,B
以下邊個係消費者？,間啱啱都係一齊嘅，呢個真係好困難啦。,請幫我將下面呢段嘢翻譯成正宗嘅口語粵語，格式唔變，所有一定要全，唔好落下，直接輸出結果，唔好有多餘嘅話同符號：兔,盆友，唔該幫我翻譯呢段嘢成條地道嘅粵語？唔該哂，唔好畀啲字落埋，全部都要，唔好畀我落咗，直接輸出結果，唔好多啲嘢同符號。多謝！,樹係我哋生活中好重要嘅一部分，唔單止可以提供我哋氧氣同埋影子，仲可以保護我哋居所，令到環境更加美好。,B
點解啲石頭會平滑啲同圓滾滾嘅？,佢哋嘅形状同佢哋嘅嘅製成嘅礦物嘅形状係一樣嘅。,佢哋係被風同水擦走嘅。,佢哋係嗌水，透過土嚟。,佢哋係土壤嘅圓形凹處凝固咗。,B
要比较唔同嘅礦物嘅硬度，最好係搵到,礦石嘅顏色。,邊啲礦石可以刮破其他啲礦石。,邊啲礦物最明顯地反光。,揾到啲手感最滑o既樣本。,B
喺植物嘅根部其中一个功能係,保護植物。,吸收水同礦物質。,除咗廢物。,响緊植物食物。,B
邊一個嘅情況最有可能導致水由一個物態變成另一個物態？,多雨量增加,岩石風化,風速減慢,氣溫嘅改變,D
地球由日轉夜嗰個過程可以解釋為,太陽嘅運動。,地球旋轉。,月亮嘅運動。,地球傾斜。,B
Freda 出嚟泳池之後，總係喺戶外曬佢濕嘅泳衣。以下嘅嘢，邊種 least likely 會影響到 Freda 嘅泳衣乾燥嘅速度？,太陽嘅熱量,風嘅速度,泳池嘅水溫,空氣中嘅水蒸氣量,C
哪一樣嘢最唔可能喺加熱嘅時候由固體變成液體？,牛油,請幫我將下面呢段嘢翻譯成正宗嘅口語粵語（對專業嘅詞彙同句子要專業嘅翻譯），格式唔變，所有一定要全，唔好落下，直接輸出結果，唔好有多餘嘅話同多餘嘅符號。,係一種固態嘅水，喺攝氏0度或華氏32度以下會凝固成冰。,蠟。,B
喺以下嘅過程中，水蒸氣變成液態水？,唔該幫我將下面呢段嘢翻譯做正宗嘅口語粵語（對專業嘅詞彙同句子要專業嘅翻譯），格式唔變，所有一定要全，唔好漏，直接輸出結果，唔好多啲嘢同多餘嘅符號。,好凍,蒸發,凝結,D
一隻毛毛蟲變成蝴蝶嘅例子係,本能。,重複。,翻版。,變身。,D
Gavin 有兩塊石頭。兩塊石頭都完全由同一種礦物組成。他兩塊石頭最有可能有同一個其他性質？,唔該幫我將下面呢段嘢翻譯做正宗嘅口語粵語（對專業嘅詞彙同句子要專業嘅翻譯），格式唔變，所有一定要全，唔好落下，直接輸出結果，唔好有多餘嘅話同多餘嘅符號。,形狀或者身材是一個人外表的一部分，係唔同嘅人有唔同嘅形狀同埋身材，如果想要改變自己嘅形狀或者身材，可以透過健身同飲食調節嚟達到目標。,顏色,"唔該幫我翻譯下面呢段嘢係咪？
唔該幫我翻譯呢段嘢係咪？",C
如果將一個裝滿水的容器嘅熱量足夠咗攞走，水會發生乜嘢情況？,佢會開始滾。,佢會變成固體。,佢會變成氣體。,會變重咗。,B
點解石英會被歸類為礦物？,可以製造嘅。,有唔同嘅顔色。,佢有一個特定嘅晶體結構。,佢可以係高溫下熔化。,C
呢度嘅生物中，邊種生物對環境嘅改變影響最大？,蜜蜂喺一棵空心樹度築巢。,黃蜂喺樹叢度築巢,河狸喺條溪度築壩。,魚喺河底掘穴。,C
有啲植物嗰啲係咪只係喺世界上特定嗰啲地方先會生長？例如啲仙人掌，佢哋啲就只係喺沙漠度先會生長。邊一個因素係最重要去決定一棵植物係邊度可以生長同埋存活？,動物係地球上嘅生物之一，佢哋包括咗哺乳動物、鳥、爬蟲類、兩棲動物同節肢動物。動物有好多唔同種類同特徵，佢哋同埋我哋人類一樣，都係地球上嘅一部份。動物喺生態系統中扮演緊好重要嘅角色，喺保持生態平衡同維持生物多樣性方面起緊至關重要嘅作用。,氣候係指一個地區或一個地方長時間內嘅天氣情況。一個地區或一個地方嘅氣候可以根據氣溫、降雨量、風向等方面嚟描述。氣候可能包括炎熱、寒冷、潮濕或乾燥等特點。氣候會影響地球上嘅植被、動物同埋人類嘅生活方式。,潮水涌來潮水退，有時潮位高啲，有時潮位低啲。係一個自然運動，受到月亮同埋太陽力量嘅影響。,風,B
太陽能電池將陽光轉換為另一種能量。太陽能電池最似乎咗咩天然嘅結構呢？,大象嘅耳朵,一棵植物嘅葉子,鹿嘅蹄 hoof,樹嘅根部,B
以下哪一個唔係人類傳承嘅特徵？,眼色,頭髮顏色,我鍾意嘅食物,高度,C
火山爆發嘅時候，熔岩會由頂部流出。當熔岩冷卻嘅時候，會形成咩類型嘅岩石？,"冇問題，我幫你翻譯返俾正宗嘅口語粤語，你等下睇：

岩漿",火成岩係指由火山活動所形成嘅岩石，通常係由高溫嘅岩漿冷卻凝固而成。喺地質學上，呢種岩石係屬於地殼嘅基本組成部分之一。,係石沉殘留下嚟嘅沉積物，包括沙、泥同埋岩石碎屑，可能經過長時間壓實形成岩石。,請幫我將下面呢段嘢翻譯成正宗嘅口語粵語（對專業嘅詞彙同句子要專業嘅翻譯），格式唔變，所有一定要全，唔好落下，直接输出結果，唔好有多餘嘅話同多餘嘅符號。,B
喺一個城市，一個月嘅日最高同埋最低氣溫，最適合用邊一個嚟代表？,流程圖,折綫圖,圖像文字,餅狀圖血崩,B
喺地球上，邊個生態環境係最可能透過蒸發而加入最多嘅水喺水循環度？,涼湖,沙漠沙漠,熱海洋,山石,C
邊樣嘢可能係最重要嘅係形成有助耕種嘅嘅深色肥沃土壤？,植物分解 (ze^2 si^6 maa^5 gaai^2),放射性衰變,流水侵蝕,風蝕,A
邊一個活動係動物天性行為嘅最好例子？,隻狗係主人話坐低就坐低。,一隻鳥會避開味道唔好嘅昆蟲。,一隻新生嘅海龜向大海行去。,隻猩猩用支撐拉出樹樁上面嘅白蟻。,C
喺打開一盞燈嘅時候，能量會由一個形式變成另一個形式。以下哪個最貼切地描述呢個變化？,聲能轉光能,核能轉為光能,電能轉為光能,磁能變光能,C
呢度嘅氣候係咩嚟㗎？冬天好凍，夏天好熱？,唔好意思，我哋唔識廣東話。,亞熱帶,唔好意思，我唔識講粵語。,夏威夷係一個好正嘅地方，好多熱帶果同熱帶花，天氣都好好，係一個度假同放鬆嘅好地方。,C
邊個天氣儀器量氣壓？,溫度計,風速計係一個測量風速同埋風向嘅儀器，通常係用喺氣象台或者航空方面。風速計可以幫助我哋知道風嘅力度同埋方向，好方便做氣象預報同埋航空導航。,雨量計,計低雲厚度，全靠baromatre睇。如果baromatre升起，代表低壓靠近，即將落雨；baromatre下降，代表高壓靠近，天氣轉晴。所以遇到天氣唔穩定嘅日子，記得留意baromatre嘅變化，或者隨時帶傘係好嘢。,D
David 喺沙質土同粘土土地度種咗十粒玉米籽。佢將兩組植物放喺室溫下，同樣嘅水同太陽照射，咁樣放咗佢哋喺同一個房間度。以下邊個問題 David 最容易透過佢嘅實驗去回答？,玉米仔籽要幾多土同埋水先可以長大？,玉米植物係沙地定係泥土較易生長得好？,沙土種植嘅玉米植株係唔係需要比粘土土壤種植嘅玉米植株多啲水？,土壤、氣溫、水份同陽光對玉米嘅生長有乜嘢影響？,B
呢啲動物中，邊種會經歷變態？,唔好意思，我唔識口語粤語，無法幫你翻譯。,青蛙,蜥蜴係一種爬行動物，佢哋通常身形細小，四隻長尾巴，喺咁靠近地面度生活，好多種蜥蜴都可以變色。部份蜥蜴可以脫尾以逃避掠食者，而啱啱逃脫嘅尾巴可以自動再生。蜥蜴主要食昆蟲同小動物，部份種類都會吃植物。部份蜥蜴具有毒液或者強力咬合力，用嚟防禦敵人或者獵食。,烏龜係一種生活喺陸地同海洋嘅爬行動物，係爬行動物類中嘅一個大類。佢哋有硬殼包住身體，可以保護自己。有啲烏龜係肉食性嘅，有啲係草食性嘅，而啲係雜食性嘅。烏龜好耐壽，有啲可以活好多年，甚至過百歲。烏龜係一啲好可愛嘅動物，有啲人養佢哋當寵物。,B
Alicia有好多舊單車嘢。佢想用呢啲嘢組啲新嘢。Alicia應該做咩先？,計劃啲新嘢。,搭建新嘢。,試吓呢個新嘢。,評估新嘢,A
以下列出的所有过程都会导致地球表面的变化。以下哪个过程是改变地球表面最慢的？,地震活動,山泥傾瀉發生喺屋企附近，好驚人。我地要小心啲，唔好輕易出街。,火山爆發,天氣变化,D
一個學生而家睇緊本地電視台嘅格羅斯特，麻薩諸塞州嘅天氣報告。呢個天氣報告最有可能包括咗邊個嘢？,河水流速,空氣中嘅水份量,海洋入面流動嘅深度,地下潮氣的水平,B
生物個體的生命周期中有好幾個階段。有出世、成長、發育、繁殖同埋死亡。新嘅生物會喺邊個生命周期階段出世？,唔知你睇唔睇得明，我而家要同你講growth。係咁嘅，growth就係指嘅係成長同埋發展嘅過程，包括身體同心智嘅成熟同進步。喺生意上面都可以講到growth，就係指喺一段時間內企業嘅收入同利潤嘅增加同擴大。搞清楚未呀？,唔好意思，我而家唔識講粵語喎。,請幫我將下面呢段文翻譯做正宗嘅口語粵語（對專業嘅詞彙同句子要專業嘅翻譯），格式唔變，所有一定要全，唔好落下，直接輸出成果，唔好有多餘嘅話同多餘嘅符號：reproduction,死亡係每個人都會面對嘅一件事，而我地都應該學懂同接受佢嚟嘅時候。無論係自己或係身邊嘅人，都要靜靜地慢慢同佢道別，同埋學懂放佢走。係人生嘅最後一刻，都係要懷念同祝福佢。,C
邊一個可以解釋為本能行為？,成條魚先先才會出現嘅行為,細隻哺乳動物先至會發生嘅行為,一個動物係日常生活中學會嘅行為。,動物天生就知道點樣做嘅行為。,D
狼隻个體嘅以下邊啲特徵最受到環境嘅影響？,佢隻腳嘅大小,佢隻眼睛嘅顔色,佢個耳仔嘅形狀,佢毛皮嘅狀況,D
响樣嘢最可能係做緊一個測試，去睇下一個礦物樣本嘅硬度係點樣？,喺熱盤度樣品,用釘子刮取樣本,用鎚打擊樣本,照耀個樣本明亮嘅燈光,B
喺一個草地生態系統裏面，老鼠主要係從邊度攞能量嚟生存呢？,礦物係地球或其他天體內部固體材料嘅總稱，佢哋係由化學元素組成嘅。哩啲元素結晶成晶體或成體。好多礦物喺地殼、地幔同埋地核度都有。礦物可以根據成份分為金屬礦物同非金屬礦物，嚴格嚴肅啲礦物又稱為寶石。,氧氣,啲植物,水,C
邊個事件最有可能令到餵食於清潔工嘅生物變多？,魚死咗就會沉落落池底。,樹係用佢啲根吸收同儲存水。,河狸築新壩、築新巢。,植物攞多啲陽光同埋水。,A
一個學生喺緬因州㗎一條山徑攀爬。佢見到路上有好多細碎嘅石塊。邊一個行為最可能會令到呢啲細碎嘅石塊？,沙吹入孔隙,葉子緊緊壓低,撕裂大石头，就好似冰封解凍一般。,殼同骨頭發生黏連,C
揾車嘅速度要用邊啲資料？,路况同埋轮胎种类,引擎嘅類型同埋引擎使用嘅汽油量,車長同行駛距離,嚟遠。,D
啲營養同埋生長嘅來源係乜野？,爛嘢生物,陽光啊,土壤中嘅礦物質,土壤入面嘅水,A
十克糖溶於百克水中，呢啲糖同水嘅溶液總重量係幾多公克？,90 克,一百克,110 克,一千克,C
兩朵花都係玫瑰花。一朵玫瑰花大啲同埋香氣濃郁啲。因為呢個分別，其中一朵玫瑰花最有可能會有咩優勢呢？,大朵玫瑰花會比細朵玫瑰花少啲花瓣。,大朵𠶫朵鹹就會吸引蜜蜂𠵄過細嘅𠶫朵。,細啲嘅玫瑰花會有比大啲嘅玫瑰花多啲花粉。,細啲朵嘅玫瑰會比大啲嘅玫瑰長得快。,B
大雨之后，山泥跟住都流入池塘入面，令到水變得好混濁。以下哪一個最有可能發生？,魚會有更多食物。,樹會可以攞返多啲光。,浣熊唔會搵到食。,水底植物會收到較少嘅光線。,D
地球表面最主要嘅熱源係乜嘢？,火係一個好危險嘅嘢，一定要小心處理。如果發生火警，要迅速報警同埋逃生，唔好企喺度睇火。,唔好意思，我唔識講粤語喔。,太陽,大海,C
學生㗎時喺沙灘揾到一塊圓滑㗎小石。係咪邊個動作令呢塊石頭變得咁滑？,雨落落落,風吹,冰雪融化,浪走,D
一班加拿大雁喺春天離開佛羅里達嘅湖。呢啲雁喺40日內到達距離2000公里嘅緬因州嘅一個湖。如果呢啲雁一直以一定嘅速度飛行，第一日佢哋飛咗幾遠？,五公里,20公里,四十公里,五十公里,D
"學生哋用以下嘅食譜製咗檸檬水：100克嘅檸檬汁、100克嘅砂糖、1,000克嘅水。學生哋將檸檬汁、砂糖同埋水一齊放喺容器度，攪至成個糖全部溶解。然後將檸檬水倒入膠盤入面，再放喺冷凍嘅冰櫃度。第二日，學生哋拎出嚟睇，發現檸檬水變咗成個固體。問下呢個固體檸檬水嘅質量係幾多？",一百克,兩百公克,一千公克,一千兩百公克,D
大部份電線都包著膠或者橡膠。電線包著膠或者橡膠係因為呢啲物料可以防止電線受潮生銹同埋避免電擊。,係導體个越好意思,做齊整啲電路。,唔係導電體,快啲係咪咁樣就可以？,C
人類需要食物去生長同生存。身體唔即刻用嚟製造能量嘅食物就係會被转换成能量或者存儲係脂肪細胞裏。,留住返日用啊。,轉化為水以供能源,用嚟清除細胞嘅廢物,轉換做生存所需要嘅氧氣,A
啲物料有啲係電導體。邊種物料最好傳導電？,鑊鑊,膠袋,請幫我將下面呢段嘢翻譯成正宗嘅口語粵語（對專業嘅詞彙同句子要專業嘅翻譯），格式唔變，所有一定要全，唔好落下，直接輸出結果，唔好有多餘嘅話同多餘嘅符號：橡膠,啲木材係我地嘅珍貴資源，我哋應該好好保護佢，唔好亂砍樹。如果我哋唔好好保護，咁啲木材就會變得好少，對環境同埋我哋嘅生活都有好大嘅影響。所以大家一齊努力，共同保護我哋嘅森林資源，唔好過度開伐樹木。,A
喺北極迎接春天之際，最新研究就顯示出平均氣溫升高同冰冠快速融化嘅情況。呢啲融化嘅冰危害到冰川會收縮。呢啲收縮可能會令全球嘅海平面升高。海平面上升喺北極冰冠發生嘅事情可能會影響全世界。美國國家大氣研究中心嘅 Bette Otto-Bliesner 話，當人哋燃燒化石燃料如煤炭同油去為城市、工廠、汽車供電同家居供暖時，就會產生大量污染氣體。根據研究，呢啲氣體釋放量增加可以令北極嘅氣溫喺未來100年內升高5至8度。呢種暖氣會令冰冠融化。融化嘅冰然後可以令海平面喺未來100至150年內上升一至三尺。另一份研究報告指出受融化冰川影響引致嘅地震數字有所增加。自2002年以來，格陵蘭極地區嘅冰川地震次數增加一倍以上。哈佛大學嘅研究員 Goeran Ekstroem 話：「人哋經常諗住冰川係 . . . 咁樣移動慢慢嘅，但實際上佢哋有時都可以移動得好快。」啲冰川有啲同曼哈頓嘅尺寸一樣大、高度一樣高嘅！氣溫升高點樣影響地震？當冰川融化時，流動嘅水會令佢哋行走更加流暢。呢種情況會導致突然嘅移動，令地面震動。融化嘅冰川會引致海水,凍結係指物體溫度凍住，由液體變成固體嘅過程。,濃縮,水位上升,水位下降,C
"北極冰融化
當春天到來，新研究顯示平均溫度上升，冰帽迅速融化。融化的冰將威脅到縮小冰川。這種縮小可能會提高全球的海平面。升高的水位發生在極地冰帽上，可能會影響整個地球，美國國家大氣研究中心的 Bette Otto-Bliesner 說。當人們燃燒化石燃料，如煤和汽油來為城市、工廠和汽車供能並加熱房屋時，會產生大量污染氣體。根據研究，這些氣體的釋放量增加將在未來 100 年內使北極溫度升高 5 到 8 度。這種溫暖可能會融化冰帽。融化的冰可能會在未來 100 到 150 年內使海平面上升一到三英尺。另一項研究報告了由融化冰川引起的地震增加。自 2002 年以來，格陵蘭極地區的冰川地區發生地震的次數已經翻了一番多。哈佛大學的研究員 Goeran Ekstroem 說：“人們常常認為冰川是移動緩慢的，但事實上它們也可以移動相當迅速。”一些冰川的大小相當於紐約曼哈頓，高度可達帝國大廈！溫暖的溫度如何對地震有影響？隨著冰川融化，流動的水使它們更容易移動。這可能造成突然的運動，進而使地面震動。哪種人類活動對冰川環境的影響最為負面？",破壞生境,增加咗地球污染,減少使用化石燃料,製造污染氣體,D
北极嘅冰雪融化喺春天嚟咗，最新研究話平均气温升高，冰帽快速融化。呢啲融化嘅冰會威胁縮小咗嘅冰川。而呢啲縮小會令全球海平面升高。海平面上升發生咗咩喺北极冰帽會影響整個地球，國家大氣研究中心嘅Bette Otto-Bliesner話咁。當人哋燒煤礦同油喺城市，工廠，汽車同屋企發電同供暖嘅時候，會排出大量嘅污染氣體。根據研究，呢啲氣體排放嘅增加可能會喺未來100年內令北極气温升高5至8度。而呢個溫暖可能會令冰帽融化。而呢啲融化嘅冰可能會使海平面喺未來100至150年內上升1至3呎。冰川嘅融化另一項研究報告指出冰川融化引發咗地震嘅次數增加。自2002年以來，格陵蘭嘅北極地區嘅冰川地震數目多於一忽儿。哈佛大学嘅研究員Goeran Ekstroem話：“人哋通常諗住冰川係. . . 行動慢慢，但實際上佢哋都可以行動好快。”啲冰川有啲同曼哈頓，紐約咁大，有啲高達帝國大厦咁高！气温升高點樣導致地震？當冰川融化，流動嘅水會令佢哋嘅路線更加容易。呢樣可以引起突然嘅運動，令地面震動。北极嘅冰融化最有可能點樣影響瑪麗蘭嘅人?,冇噉多空氣污染。,會有更多空氣污染。,屋企嘅土地會愈來愈少。,多啲地可以畀人住。,C
狂風有能力將樹木連根拔起，喺樹木茂盛嘅地方。呢個環境嘅改變，以下嘅生物中邊一樣最有可能從中受益？,需要一個蜂巢嘅蜜蜂群,需要築巢嘅雀仔,需要尋找庇護所嘅松鼠,需要陽光嘅植物,D
大塊石頭係10年內會破裂做細碎嘅，最可能係咩過程令大塊石頭係10年內破裂做細碎呢？,成日吹嘅穩定風,每逢春秋季，都会落起细细嘅雨。,四年嚟嘅乾旱冇雨落,喺裂縫度，水不斷凍結同解凍。,D
"點樣樣暖和哂一個整個星球？太陽嘅光線暖和咗地面、水同埋空氣。而喺返過嚟，暖和咗嘅地面、水同埋空氣放出熱，呢啲熱氣會向上升往天空。地球大氣層入面嘅氣體會捉住一啲熱，防佢哋逃到太空度。呢個熱囚籠令到地面、海洋同埋空氣維持住穩定同埋可以預測嘅溫度-溫暖到足夠容許成千上萬嘅植物同埋動物種（包括我哋嘅人類）可以繁榮。如果冇咗隔熱，地球嘅表面會比現在凍60華氏度。如果你住喺咁吖嘅地方例如威斯康辛州，咁就代表你要戴著靴同埋大衣喺七月嘅時候。嚇嚇哋！（我哋唔講一月嘅情況啲嘞！）地球嘅整體溫度係經常喺不同嘅時代更改嘅-喺我哋用嚟量度地球年齡嘅長時期。我哋知道呢啲嘢係因為古生物學家研究過植物同動物嘅化石，同埋地質學家可以喺岩石同土壤入面讀取地球嘅歷史。喺熱嘅時代，恐龍喺充斥咗植物嘅溫暖綠地度行走。喺寒冷嘅時代，毛象可以喺結冰同雪層嘅崎嶇地形生存下去。過去10,000年，地球嘅溫度相對穩定。但係，過去大約100年，科學家發現地球嘅升溫似乎比之前多。呢個現象就係所謂嘅全球暖化。太陽嘅能量暖和咗地球。太陽係被分类為",地球最接近的恆星,地球最接近的月亮,由地球最遠嘅行星,地球最遠嘅衛星,A
沙灘垃圾包括污水、紙和塑膠容器，以及來自船隻的油。邊一種沙灘活動最易增加沙灘污染？,睇鳥,揀貝殼,食晏仔喺郊外飲食,起砌沙城啦,C
喺我哋嘅太陽系裏面發生好多種不同嘅運動。邊一種運動可以描述一個地球年？,太陽圍繞地球的革命,地球圍繞太陽旋轉的運動,太陽繞地球旋轉,地球绕太阳旋转,B
有一艘船係近岸海域泄漏咗大量嘅油。以下哪句描述最接近咗油最可能點樣影響岸邊嘅棲息地？,魚隻繁殖率會增加。,水鳥唔得再用翼飛。,水草會曬多啲太陽。,沿岸植物會有更多養分。,B
喺瑪利蘭州嘅皮德蒙特同海岸平原地區生產咗嘅農作物包括玉米、大豆、小麥、煙草、蕃茄同蘋果。邊個環境因素最有可能影響到喺呢啲地區種植咗乜嘢農作物？,土壤質量係指土壤嘅肥力同埋適合種植作物嘅能力。土壤質量好唔好，直接影響農作物嘅產量同質量，所以我哋要好好保護土壤質量，唔好過度耕作同埋濫用化肥。,風速,個個返巢，就係鳥嘅遷徙。,水溫,A
"太空垃圾
太空度落时好似一切都系得嘅。宇航员喺太空站做緊啲野。突然间，地面指挥中心命令佢哋离开太空站。佢哋趕快去咗逃生舱。落咗舱入面，佢哋等緊进一步嘅命令。一小部份太空垃圾以每小时28,000公里（17,500英里）嘅速度向太空站迅速嚟。机组人员可能会有危险！十分钟之后，地面指挥中心发出全清嘅命令。太空站同机组人员喺安全嘅。剩咗嘅垃圾
超过1,600个大小各异嘅碎片成为太空垃圾。亦都有其他种类嘅太空垃圾。宇航员掉佢哋嘅工具。佢哋弄丢螺丝钉同埋手套。甚至剥落嘅油漆都可以成为太空垃圾。太空站上扔出嚟嘅普通垃圾亦都可以。小碎片，大破坏
全部嘅垃圾可以引发问题。绕地球轨道运行嘅垃圾可以以每秒7.7公里（大约5英里）嘅速度行走。好快！难怪太空垃圾会打裂窗户、剥落热板和撕裂太阳能电池板。有时太空垃圾会落到地球。同地球大气层中嘅粒子摩擦导致大部分垃圾被烧毁。好大嘅碎片会撞击地面。有D会掉入大海。所以科学家要追踪太空垃圾。佢哋使用雷达同望远镜。呢啲工具可以追踪大过一粒西柚咁大嘅物体。成百万嘅碎片都小过呢个。呢啲细粒可以引发大破坏。不过无办法去追踪佢哋。科学家方案要清理太空。一个方法系对太空垃圾射激光。噉激光会将垃圾推得更加远。问题系地球嘅引力迟早会将佢吸返嚟。之后会再次成为问题。另一种方法系用巨型网制造宇宙飞船。呢啲网会捕捉垃圾。然后垃圾可以投入地球大气层中。垃圾会烧毁。科学家仍然需要寻找其他解决方案。毫无疑问佢哋会嘅。太空垃圾系一件伤人嘅期間系，佢行走",多啲時間少啲距離,多啲時間就等比例距離,等距離等時間,平等嘅時間內更長嘅距離,D
空间垃圾 係太空度嘅一切嘢都係好似正常咁。太空人喺太空站度工作緊。突然間，控制中心命令佢哋離開太空站。佢哋衝向逃生舱。喺舱內，佢哋等緊進一步指令。一個細細塊嘅太空垃圾以每小時28000公里嘅速度向太空站衝過嚟。機組人員可能會處於危險之中！十分鐘之後，控制中心發出全清指令。太空站同機組人員平安無事。剩餘垃圾 超過1600個大同細嘅碎片變成咗太空垃圾。仲有其他類型嘅太空垃圾。太空人會掉工具。佢哋會遺失螺絲釘同掉手套。甚至磨損咗嘅油漆亦都可能成為太空垃圾。喺太空站度丟咗嘅普通垃圾亦都同樣。細細碎片，大大損壞 所有嘅垃圾都會引起問題。圍繞地球運轉嘅垃圾可以以每秒7.7公里（約5英里）嘅速度前進。咁快！唔使驚訝太空垃圾可以打裂窗戶，磨損熱屏障，同摧毀太陽能板。有時太空垃圾會掉落嚟地球。同地球大氣層嘅粒子摩擦會導致大部分垃圾燒咗。真係大件碎片會撞入地面。有啲著落喺海洋入面。噉係科學家追蹤太空垃圾。佢哋會用雷達同望遠鏡。呢啲器具可以追踪到比一個柚子大嘅物體。喺這些小塊都比呢個大得多。呢啲細碎片可以造成重大損害。但係冇方法追踪佢哋。科學家正諗緊清理太空垃圾嘅方法。一種方法係對太空垃圾發射激光。激光會推開垃圾。唯一嘅問題係地球嘅引力最終會將佢吸引返黎。之後又會再次成為問題。另一種方法係製造帶有巨大網囊嘅太空飛行器。網囊會捉住垃圾。然後垃圾就可以被丟入地球大氣層。垃圾就會燒毀。科學家仲需要尋找其他解決方法。毫無疑問佢哋會嘅。收集太空垃圾之前落到地球會對自然環境有正面影響。,保護繞行地球的太空站免受垃圾的影響。,防止垃圾掉落地球居住區,將太空垃圾變成有用嘅物質,容許人類喺太空度留低垃圾,B
科學家比較了冥王星和太陽系中的其他天體，發現冥王星比地球的月亮還要小。呢個發現令科學家懷疑，究竟冥王星係咪一個行星因為...,冥王星比地球嘅月亮收到嘅陽光少些,其他行星都比冥王星大好多。,其他行星有衛星，而冥王星冇。,冥王星自轉，其他行星冇。,B
離岸石油平台影響海洋棲息地。離岸石油平台最可能損害海洋環境，因為...,漏油嘅電轉站可能污染咗水。,喺油礦台度撈魚可能會令魚嘅數量減少。,喺海底鑽油有可能降低水溫。,改變海底可能會增加颶風的數量。,A
古生物學家經常發現同研究古代植物同動物既遺骸。當古代植物同動物既遺骸經過時日被沉積岩層掩埋，呢啲遺骸,請幫我將下面呢段嘢翻譯做正宗嘅口語粵語（對專業嘅詞彙同句子要專業嘅翻譯），格式唔變，所有一定要全，唔好落下，直接輸出結果，唔好有多餘嘅話同多餘嘅符號：melt,解封唔係一個易事，要好多耐心同努力先得。要保持冷靜，唔好急躁，慢慢嚟，一步步去解決問題。唔好怕失敗，有失敗先有成功，唔試過點知唔得呢？加油啦，努力就一定有嘅！,變成化石,蒸發成蒸氣,C
一個裝有50毫升冰嘅燒杯放喺窗台度。幾個鐘頭之後，冰融咗。當冰融嘅時候，冰嘅邊個性質冇變？,唔該你幫我翻譯呢段嘢做正宗嘅口語粵語（對專業嘅詞彙同句子要專業嘅翻譯），格式唔變，所有一定要全，唔好落下，直接輸出結果，唔好有多餘嘅字同符號。,聲音量,溫度係多少呀？,物態,A
自然嘅過程會導致地球表面嘅快同慢改變。邊個事件最快導致地球表面嘅改變？,地震震撼大地啊,泥沙沖進海灣。,暴雨嘅天氣會令岩石受侵蝕。,水流流冇流常流,A
熱水凍開會點？,佢變色。,佢變得更重。,佢變成水蒸氣。,佢唔再起泡。,C
邊對組合可以造成彩虹？,霧同雲,雨同雪,雲同冰,陽光同雨。,D
吹泡泡嘅時候，泡泡裏面有乜嘢？,唔係乜嘢職業精神囉，唔該你地要系一種氣體，佢無定形，冇色無味，但係我哋每日都需要呼吸佢，係唔可缺少嘅嘢。,"同一樣翻譯不能無誤唔少咗，唔好出錯，唔好漏咗。

肥皂",唔該你幫我翻譯下呢段嘢成正宗嘅口語粵語（對專業嘅詞彙同句子要專業嘅翻譯），格式唔變，全部一定要有，唔好落下，即刻輸出結果，唔使多餘嘅字同符號。,冇嘢,A
呢啲邊個最辣？,大地,係太陽系裡面嘅第四顆行星，係地球嘅鄰居。,月亮,太陽,D
邊隻動物食植物先？,貓係好可愛嘅動物，佢哋喜歡捉老鼠同埋曬太陽。啲貓咪通常係較獨立嘅，喜歡自己喺屋企度玩。如果你畀啲貓好嘅食物同水，佢哋通常都會比較開心。當啲貓貓唔開心嘅時候，佢哋可能會發出尖銳嘅聲音或者咬人。喺養貓咪嘅時候，記得要定時帶佢哋去睇醫生同打針，以確保佢哋嘅健康。,狗,獅子,唔好意思，我無法提供口語粤語的繁體字中文翻譯。,D
Yumiko 話咗幾個原因，點解茶壺同廚房鑊通常係銅製嘅。邊一個原因係啱嘅？,銅係好好嘅熱導體。,銅好易熔。,銅好難打形。,銅係熱水度會溶解。,A
一個強磁會將混合物分開,淨係晒玻璃同綠玻璃。,紙杯同膠杯。,鐵釘同鋁釘。,沙同鹽。,C
邊一組只包括活物？,兔，種子，鳥,啲籽、啲鳥、風。,火山、蠟燭、兔仔,風，蠟燭，火山。,A
凱特睇到一個滿月。下個滿月大概要過幾耐呢？,一個禮拜,兩個星期,一個月,一年,C
呢棵植物開咗啲黃色嘅花。點解佢嘅花係黃色嘅？,陽光把花染成黃色。,家長植物嘅花係黃色嘅。,佢哋開花嘅時候好溫暖。,每日都落雨。,B
咩句話係所有物件都係真？,所有嘢都係靚靚㗎。,所有嘢都硬。,所有嘢都係粗糙㗎。,咩嘢嘢都有重量。,D
呢啲動物當中邊一種動物嘅牙齒同人嘅牙齒最相似？,唔係呀，我哋冇見過。可能係去咗其他地方啦。,你可以唔好話我啲嘢唔啱，因為我真係好努力咁做㗎啦！,唔好意思，我唔識講粤語。,狗係隻忠心嘅動物，佢地可以做人類嘅好朋友同守護者，係好多人嘅心目中都係好好嘅生活伙伴。,C
植物係邊度攞能量嚟做食物呀？,唔好意思，我唔識寫廣東話口語。,唔好意思，我唔識講粵語，無法幫你翻譯。,水,陽光从窗户射進屋裡，照在地板上。,D
吸煙對身體有好多傷害。最傷害到邊個器官？,呢个喺一個好嚴重嘅問題，我哋要盡快處理。唔好睇返呢個問題嘅影響過大，我哋唔想有啲錯誤。如果唔係我哋會搞到好麻煩㗎。所以我哋要快啲解決呢個困難。希望你明白我哋嘅立場。多謝。,腎係身體嘅一個好重要嘅器官，主要係過濾血液同執行尿液。如果腎出現問題，就會影響身體嘅健康。,肝臟,擔心係咁痛唔痛？可能係食嘅唔啱。要唔要食啲消化藥？,A
大部份地球表面都係覆蓋咗水。,沙仔,樹木,水,唔該幫我將底下嘅文字翻譯做正宗嘅口語粵語（對專業嘅詞彙同句子要專業嘅翻譯），格式唔變，全部一定要翻譯，唔好落漏，直接輸出結果，唔好有多餘嘅話同多餘嘅符號。山。,C
呢啲動物當中有邊一組全都係哺乳動物？,"鴨, 鷹, 鸚鵡",老鼠、猴、蝙蝠,蝴蝶，螞蟻，蚊子,鱷魚，蛇，龜,B
Tommy 割咗佢隻手指。佢嘅身體需要能量去幫手指癒合。點解能夠有能量幫手指癒合嘅？,佢喺切口度貼嘅藥布。,佢擺咗係傷口度嘅殺菌膏,佢食嘅嘢,佢飲嘅水,C
我地可以睇到月亮嘅主要原因係咩？,月亮反射地球嘅光。,月亮反射太陽嘅光。,月亮自己發光。,月亮比星星大。,B
邊種活生物可以用太陽光製造自己嘅食物？,蜥蜴係一種爬蟲類動物，佢哋通常長尾巴同四隻腳，有啲種類仲會換皮。喺香港嘅郊野度可以見到唔同種類嘅蜥蜴，包括家蜥同野生蜥蜴。,樹係一種高大而且有枝葉嘅植物，通常可以喺地面上生長好多年。樹嘅主幹係支撐著整個樹冠，而樹枝同葉子可以幫助植物進行光合作用。樹木係地球上非常重要嘅资源，可以提供我哋氧氣同埋吸收二氧化碳。每一個樹木都有佢獨特嘅形狀同生長環境，係自然界中非常寶貴嘅存在。,翻译成粤语就係「鹿」。,冇问题，我地嚟幫你翻譯。係呀，你可以叫我地翻譯。,B
多數鳥類都會喺佢哋嘅蛋度過一段時間，直至蛋孵化為止。以下呢啲原因，邊個係最主要嘅原因係鳥類會喺佢哋嘅蛋身上坐？,畀啲蛋留喺巢度。,暖啲蛋,保護蛋唔俾風吹走,保護蛋唔俾雨淋,B
呢啲土壤改變係咪全都係因為自然原因先？,因耕作導致礦物質流失。,樹木被砍伐，令到沙漠形成。,大廾壩修建導致水浸。,因為大雨，礦物質被沖走。,D
邊兩樣嘢會自己發光？,蠟燭同月亮,月亮同鏡子,太陽同蠟燭,鏡同太陽,C
呢啲邊個係混合物？,鹹水,我要翻譯下面呢段文官做係正宗嘅口語粵語嘅格式唔會變，所有嘢都要有，唔好少少，直接講出黎，唔好有多餘嘅字同符號（睇清楚唔好生成粵拼同英文，直接輸出粵語嘅正寫法，繁體字）：糖,水蒸氣,鹽,A
一個熱煮熟嘅蛋放入一杯凍嘅水入面。水同蛋嘅溫度會點？,水變凍，蛋變熟。,水變暖，蛋變凍。,水溫都一樣，但蛋就凍。,啲水同啲蛋都熱左。,B
地球上為何有白天同黑夜呢？真正嘅解釋係乜嘢呢？,太阳圍繞地球旋轉。,地球圍繞住太陽轉。,地轉動佢嘅軸。,太陽轉動自己嘅軸。,C
條河流嘅流向取決於。,江嘅長度,地勢嘅斜度,水流過的岩石種類,北極位置。,B
呢啲動物當中，邊一種嘅幼形同成體形嘅相似度最高？,唔好意思呀，我唔識講粵語，可以幫你翻譯其他語言嗎？,唔好話咁多废话，摆正眼光啦，睇清楚啲人嘅本性。,蛤蠣,蝴蝶係一種昆蟲，佢哋有獨特嘅外形同翅膀有好靚嘅花紋，而且會飛來飛去，好靚嘅動物。,B
有啲動物好罕有。例如，西伯利亞虎好少。如果而家啱啱剩係母西伯利亞虎，最可能會發生咩事？,母老虎會揾其他種類嘅公動物交配，然後生多啲西伯利亞虎。,個啲雌虎會同對方交配，然後生產更多西伯利亞虎。,只得生仔女西伯利亞虎.,個啲母老虎將唔到再生產更多西伯利亞虎，最終會滅絕。,D
一年四季轉變時，白天長短都會改變。究竟係乜嘢導致呢啲白天長短嘅變化？,地球係度傾斜嘅角度,太陽圍繞其軸傾斜,地球喺佢嘅軸心度轉。,太陽轉動緊自轉軸。,A
四樣嘢放喺細嘅容器度。呢啲嘢就會從細容器度搬去大啲嘅容器度。邊一樣嘢會擴散開去完全填滿一個大容器？,唔好意思，我唔識講廣東話。,冰,唔該你幫我翻譯下呢段嘢係咪 Cantonese，格式唔好改，全部內容都要包括，唔好漏咗嘢，直接輸出結果，唔好多講多餘嘅嘢同符號。,水,A
學生想知道豆苗在哪個溫度下長得最高。用咩科學方法技巧可以搵到呢個溫度？,請幫我將下面呢段嘢翻譯做正宗嘅口語粵語（對專業嘅詞彙同句子要專業嘅翻譯），格式唔變，所有一定要全，唔好遺漏，直接輸出結果，唔好有多餘嘅話同多餘嘅符號。inferring,話嚟講，呢啲嘢好難預測㗎。,條件和批判正寫住喺第一段，想對粤語精準性進行度量嗰你喺打黎更睇得清楚，對就我自己嚟講都係，真係有幫助。,請幫我將下面呢段嘢翻譯成正宗嘅口語粵語，格式唔變，所有一定要全，唔好漏，直接輸出結果，唔好有多餘嘅嘢同符號。,C
天氣嘅改變對住喺阿拉斯加嘅人民係好重要嘅。邊兩樣工具最好幫助科學家分享有關天氣嘅資訊？,收音機同電腦,鐘同筆電,電視同放大鏡,顯微鏡同電話,A
邊個動作最可能令大石變成細碎嘅石頭？,地球內部熔化,風化係指風同水侵蝕的過程。,用泥土和矿物質堆砌,埋喺地層之間,B
邊一個語句最啱嘅形容一個依賴其他生物先可以生存嘅生物？,一隻狼飲水。,一隻駝鹿食草。,一棵青松生喺土地度。,一棵三文鱼莓植物吸收返日光。,B
好多年咗，人哋都對星星好好奇。喺過去，人哋會透過故事同畫畫嘅方式分享佢哋對星星嘅了解。而家最啱用嚟收集同分享有關星星資訊嘅工具係邊一對？,一本筆記簿同一枝數機,望遠鏡同電腦,部部機同顯微鏡,一個顯微鏡同一個望遠鏡,B
邊隻工具最適合幫人睇植物細胞嘅部分？,手鏡,請幫我將下面呢段嘢翻譯成正宗嘅口語粵語，格式唔變，所有一定要全，唔好落下，直接輸出結果，唔好有多餘嘅話同符號：telescope,唔好意思，我唔識講粵語。,唔好意思，我唔識粵語口語，可以幫到您。,D
地球上大部分嘅水係度嚟？,冰川係由積雪堆積而成嘅，經過長時間嘅壓縮同凍結而形成。嗰啲厚厚嘅冰層會隨住時間推動落山谷，形成喺山谷中嘅冰川。係冰川入面，冰塊會不斷地移動同流動，令到冰川係一個不斷變化嘅地方。冰川係地球上嘅重要天然水源，係維護生態平衡同氣候穩定嘅重要元素之一。,請幫我將以下呢段嘢翻譯成正宗嘅口語粵語（對專業嘅詞彙同句子要專業嘅翻譯），格式唔變，全部一定要全，唔好落下，直接輸出結果，唔好有多餘嘅話同多餘嘅符號。,唔該幫我將下面呢段嘢翻譯做正宗嘅口語粤語，格式唔變，所有一定要全，唔好落下，直接輸出結果，唔好有多餘嘅嘢同符號，多謝！,交代返你，呢條河流好闊，好長。,C
邊個器官去除血液中嘅細胞廢物？,大腸,細腸,腎臟,心臟,C
消化過程喺以下哪一個部位開始？,大腸,請幫我將下面呢段嘢翻譯成正宗嘅口語粤語（對專業嘅詞彙同句子要專業嘅翻譯），格式唔變，所有一定要全，唔好遺漏，直接輸出結果，唔好有多餘嘅話同多餘嘅符號（注意唔好生成粤拼同英文，直接輸出口語粤語嘅繁體字中文形式，繁體字）：mouth,細腸,肚囝,B
邊個最好解釋瞭植物如何將水分運輸到其他部位？,透過一種叫葉綠素嘅化學物質,透過光合作用,透過一個管道系統,將水轉化為食物。,C
邊個係以下嘅將電能轉換為運動嘅？,燈開關,煮飯爐,燈泡,電風扇,D
流动的水係形成咗呢啲嘢當中邊一個嘅最重要因素？,大峽谷,聖安地列斯斷裂帶,落基山脈,聽日旺角手拉手，唔好去山頂觀景啦，啲火山好危險。,A
植物喺光合作用中使用邊啲氣體？,氫氣,請幫我將下面這段話翻譯成正宗的口語粵語（對專業的詞彙和句子要專業的翻譯），格式不變，所有一定要全，不要落下，直接輸出結果，不要有多余的話和多余的符號。,二氧化碳,一氧化碳,C
邊個呢啲系統將食物分解成身體可以用嘅營養素？,循環。,"請幫我將下面呢段嘢翻譯做正宗嘅口語粵語，格式唔變，所有一定要全，唔好落下，直接輸出結果，唔好有多餘嘅字同符號！多謝晒啦！

消化的",呢個乜野呀？我唔識咩叫「respiratory」。可以講簡單啲嗎？,生殖,B
桃樹有香甜嘅花朵同產出豐盛嘅果實。桃樹嘅花主要作用係乜嘢？,吸引蜜蜂授粉,整花花款,保護樹木唔好病。,餵遷徒鳥,A
邊啲動物最易攞住喺莓果裏面嘅種子，由個父母植物運去另一個地方？,唔知你識唔識啫，其實啫，蜜蜂係地球上好重要嘅一環。佢哋唔單止可以授粉，令果樹同蔬菜生果結實，而且仲可以製造蜜糖同埋蜂膠。如果冇咗蜜蜂，咁我地嘅生態環境就會好大影響㗎。所以我地要好好保護同培育蜜蜂，唔好搞破壞啦。,冇人知道我地去咗邊度，佢哋成日都喺度攪亂。,唔該幫我翻譯呢段嘢係正宗嘅口語粵語（對專業嘅詞彙同句子要專業嘅翻譯），格式唔變，所有一定要全，唔好落下，直接輸出結果，唔好有多餘嘅話同多餘嘅符號。,呢個蟲喺樹葉度影響好大，啦啦地食咗好多片啦。係啦，我知道條蟲有啲好好似會造成樹木嘅損壞，我會盡快處理。,B
邊個過程負責將液態水變成水蒸氣？,光合作用係植物利用陽光將二氧化碳同水轉化為能量同氧氣嘅過程。喺植物體內嘅葉綠素幫助下，呢個過程會進行。Photosynthesis 係自然界中非常重要嘅生物化學過程，有助維持地球生態平衡。,呢種天氣好易凍水呀。,蒸發,冇呢啲雨水啲天氣係唔會好嘅。,C
邊個行動會導致一個有新化學性質嘅產品？,撕碎一份報紙,破鏡重圓,搵木材落板,爆谷吓,D
以下哪一個係加州沙漠嘅生物成分？,降雨量少,熱嘅氣溫,北極熊,尖角蜥蜴,D
Jenny量外面嘅溫度係攝氏16度，華氏61度。佢睇到有啲雨係固體狀態嘅形式落嚟。Jenny最可能係睇緊咩類型嘅降水？,唔該幫我將底下嘅段落譯成正宗嘅口語粤語（對專業嘅詞彙同句子要專業嘅翻譯），格式唔變，全部一定要全，唔好漏咗，直接輸出結果，唔好多話同多餘嘅符號：hail,落雨喇,凍雨,"冇問題，我地會翻譯返俾您。係呀, ""snow"" 係指「雪」。",A
有啲樹種可以喺森林火災嘅高溫下生存。以下嘅特徵邊個會最有助於樹木喺火災中生存？,大葉,淺根,厚皮 bark,細樹幹,C
得利拉將一個容器裝滿水放入雪櫃，然後過夜。第二日早上佢見到容器裏面嘅水變成冰。以下哪一個論述最好地解釋為什麼水變成冰？,水攞咗能量。,水吸收咗光。,物料由水中釋放。,熱從水中帶走。,D
邊一個最能夠代表生命週期中嘅一個特定階段？,一條魚游水,一粒種子發芽,一片葉生長,食犬,B
細路雞出生時會啄破蛋殼。呢個行爲係屬於以下哪種行爲類型？,本能嘅,"唔該晒，我想請你幫我翻譯一段嘢。可以幫我將以下嘅文句翻譯成正宗嘅口語粵語嗎？請唔好落漏，全部都要，唔好加多餘嘅字或符號。

""Can you please help me translate the following passage into authentic colloquial Cantonese? Please keep the format and make sure to include all the content, without leaving anything out.""",唔好意思，我唔識講廣東話。,社交係一個好重要嘅嘢，人地可以透過社交同其他人互動、交流同培養關係。喺依個社會，社交可以幫助我哋建立同維持人際關係，亦都可以係工作上同生活上幫到我哋。所以，好重要去學習同培養社交技巧。,A
青蛙由蝌蚪變成成體時，會發展出以下哪些結構？,眼睛係人地嘅靈魂之窗。係我哋嘅生活中好重要嘅一部分，我哋要好好保護佢哋。,唔好意思，我唔識講粤語。,肺部,請幫我將下面呢段嘢翻譯成正宗嘅口語粤語（對專業嘅詞彙同句子要專業嘅翻譯），格式唔變，所有一定要全，唔好落哂，直接輸出結果，唔好有多餘嘅話同多餘嘅符號（留意唔好生成粤拼同英文，直接輸出口語粤語嘅繁體字中文形式，繁體字）：tail,C
馬紹爾蒲公英係一種原生於美國東北部嘅植物。 佢喺潮濕嘅生境入面生長得最好。 下列嘅環境改變，最有可能會導致該地區馬紹爾蒲公英嘅數量減少？,連續幾個星期都係落雨馬鞍嘅暴風雨,連續十二個月嘅乾旱,七月份嘅溫度异常之低,一月份嘅氣溫異常高,B
呢類事件涉及到食物鏈度消費者同生產者？,一隻貓食一隻老鼠。,一隻鹿食一張葉。,老鷹食老鼠。,一條蛇食咗一隻老鼠。,B
一條吞拿魚係一種適應迅速捕捉小型快速移動獵物嘅海洋魚。以下邊個適應能夠最有效幫助吞拿魚迅速游動去捕捉獵物？,大魚鰭,尖牙,細鳃,堅硬嘅鱗甲,A
大約需要幾多時間先可以行完一個圍繞太陽的軌道？,有日,一個月,一年,一世纪,C
Skyler 揀選做個拜年卡嘅時候，要揀選唔易撕裂嘅紙張。以下邊種紙張特質對Skyler黎講最緊要？,請幫我將下面這段話翻譯成正宗的口語粵語（對專業的詞彙和句子要專業的翻譯），格式不變，所有一定要全，不要落下，直接輸出結果，不要有多餘的話和多餘的符號（注意不要生成粵拼和英文，直接輸出口語粵語的繁體字中文形式，繁體字）：顏色,請幫我將呢段嘢翻譯成正宗嘅口語粤語，格式唔變，所有一定要全，唔好落下，直接輸出結果，唔好有多餘嘅話同符號。,唔該晒，你啲飲品係咪加曬糖？我覺得啲飲品好滑嫩呀，好易入口。,"thickness
- 要做广东牛肉粥，先煲一小时，牛精充分煲出，肉变得好嫩。粥个质地一定要浓稠先至够味。",D
一班工程學生一齊組裝咗一部機械人，佢可以疊木塊。部機械人度入面有部電腦控制佢嘅運動。咁機械人度嘅電腦最似人體嘅咩部份？,肺部係人體一個好重要嘅器官，主要係用嚟攝入同呼出氧氣同二氧化碳。訓練肺部嘅運作同埋保持良好嘅呼吸系統對於我哋嘅身體健康好重要。,我需要你幫手將呢段嘢翻譯做道地嘅粵語口語（對專業詞彙同句子要專業翻譯），格式唔變，一定要全部，唔好漏咗，直接輸出結果，唔好多啲嘢同符號。,請幫我將下面呢段嘢翻譯成正宗嘅口語粤語，格式唔變，所有一定要全，唔好落下，直接輸出結果，唔好有多餘嘅字同符號：腦袋,唔該幫我將底下呢段嘢翻譯做正宗嘅口語粵語（對專業嘅詞彙同句子要專業嘅翻譯），格式唔變，全部一定要有，唔好落單，直接輸出結果，唔好有多餘嘅字同符號。 arms,C
喺一個地區度嚴重乾旱，所有池塘都乾晒晒，係度生活嘅以下邊隻動物嘅數量受乾旱影響最大？,啲.openccfcn.skills.text待翻译的文本.openccfen.skills.textdeer相我.icbn的.openccfcn.skills.text翻译.openccfen.skills.text,青蛙,有位買鷹的客人，佢話要一隻青腳鳳頭鷹，唔係要太老，好飛嘅。係唔係有呢隻貨？,唔識呀,B
以下邊個最好地描述矿物？,所有食物嘅主要營養素,一種喺穀物度發現嘅穀物,岩石嘅組成物質。,土壤中發現嘅分解植物物質,C
Chris 畀杯水放喺窗台上。幾日之後佢睇到杯水，有啲咗。咁有啲咗嘅水粒子發生咗咩情況？,佢哋變大咗。,佢哋散佘去空氣入面。,佢哋被玻璃吸收晒。,佢哋由玻璃穿越入空氣。,B
"颗粒崩解
化学溶解
生物侵蚀",石頭度生緊裂縫。,石頭熔化成岩漿。,喺山度結咗冰川,細石聚埋一齊，成一塊大石頭。,A
太阳每日都似乎喺天空度行来行去，由东边升起，再落喺西边。究竟係咩原因造成咗呢种表面上嘅运动？,地球自轉,太陽繞著地球嘅革命,地球同太陽嘅距離,地球大氣層的性質,A
植物嘅邊一個部份最負責利用太陽嘅能量去生產食物？,花係一種美麗嘅植物，可以用嚟裝飾環境同表達情感。喺唔同國家同文化中，花有唔同嘅象徵意義，例如玫瑰代表愛情，向日葵代表希望。人哋經常會送花比摯愛嘅人，作為表達感情嘅方式。盆栽花草都係好受歡迎㗎，唔單止可以美化環境，仲可以幫助大家放鬆心情。,請幫我將下面呢段嘢翻譯做正宗嘅口語粤語（對專業嘅詞彙同句子要專業嘅翻譯），格式唔變，所有一定要全，唔好落下，直接輸出結果，唔好有多餘嘅話同多餘嘅符號（注意唔好生成粤拼同英文，直接輸出口語粤語嘅繁體字中文形式，繁體字）：leaf,冇問題，我會幫你翻譯。係啦，我明白你想要呢段嘢嘅口語粵語翻譯。畀我啲時間，我幫你搞掂佢。,冇問題，我哋嚟翻譯下啦。stem係指植物嘅主幹部分，連接埋樹葉同根系嘅部分，係植物嘅支持結構。喺植物嘅生理學度，stem主要負責傳送水分同養分，同時起到支持同保護植物嘅功能。,B
喺一啲地方，松鼠會喺冬天嘅幾個月裏面長時間地瞓覺。以下嘅原因最可能係導致呢啲松鼠長時間地瞓覺？,濕度增加,溫度下降,天空有雲影落落。,夜晚吹緊凍風,B
以下嘅邊一個係能量嘅一個形式？,密封罐入面嘅空氣,金屬掛衣架入面果條金屬線,細細个蓬萬入嘅水,喺一個嘈雜嘅教室裏面嘅聲音,D
一隻雀仔剛由蛋中孵化出嚟。以下邊個階段最可能係雀仔嘅生命週期中嘅下一步？,出生,唔好意思，我哋係唔能夠提供粵語口語翻譯服務。,唔通你咁肥咁快就長咗咁多？係咪食開咗啲嘢？,繁殖。,C
同學將啲橙汁凍番。以下邊句最能夠描述凍左之後嘅橙汁有乜唔同？,佢係液體。,佢重D。,佢係一個形狀唔變。,冇咁占位。,C
喺個地區喺冬天降左六吋嘅雪。雪要繼續入水循環系統變成地下水或者流失之前，必須先___.,唔洗急，我哋將個段落翻譯做正宗口語粵語。格式唔變，全部都要翻譯，唔好漏咗。唔好出多餘嘅話同符號，直接輸出口語粵語嘅繁體中文形式。多謝。,佢哋話呢啲嘢係好快就唔見㗎，大概喺一啲充滿熟味嘅地方先會出現。例如，啲養大嘅電壓有時會係喺啲潮濕嘅地方產生。,唔該幫我將下面呢段嘢翻譯做正宗嘅口語粵語（對專業嘅詞彙同句子要專業嘅翻譯），格式唔變，所有一定要全，唔好落下，直接輸出結果，唔好有多餘嘅話同多餘嘅符號。唔該。,溶解啦。,D
每年綠海龜要移徙大約2000公里先至生育。呢個移徙就係一個...,學習嘅行為。,本能行为。,應對擠迫的回應。,逃避猎食者。,B
木星係太陽系裏面最大嘅行星。佢每轉一圈大約需要十個鐘頭。如果地球每轉一圈都需要十個鐘頭，咁地球上嘅十個鐘頭係咪同木星上嘅一樣長？,一日,一個禮拜,一個月,一年,A
大部分開花植物上，花朵的主要作用是哪一個？,吸氣,生產種子,吸收營養,保護植物既幹,B
以下哪一個係礦物？,鑽石係一種好硬同閃閃發光嘅寶石，係礦石嘅一種。喺世界各地都搵得到，有啲地方會用返佢嚟做珠寶或者係其他裝飾品。,膠袋帶係黑色 唔好影響環境 唔好浪費资源 唔好亂丟垃圾 正確使用 同資源循環裝袋,鋼鐵,木頭,A
以下嘅說話邊一句最好解釋咗植物同動物嘅分解點點樣幫助形成肥沃嘅土壤？,分解會將淤泥添加到土壤中。,分解添加水到土壤。,分解可以俾地嚟嘅土壤加氧。,分解會加肥土壤。,D
嗰天晚上有啲雲同降水嚟過緊西麻塞諸塞州。氣溫由41°F跌咗到28°F。係嗰天晚上最有可能發生咗咩嘅降水變化？,雪轉雹,雪轉雨,雨轉雪。,雪轉咗落雹,C
铝同銅係唔同嘅物質組成。邊句描述物質最啱？,嘢都有份量。,物質有質量同體積。,嘢都要變咗樣。,物质必须被包含喺一定嘅体积度。,B
大自然嘅力量影响大地表面嘅形态。大部分嘅峽谷係由河流侵蚀而成。,雪怪,啲植物,穩定嘅風,流水,D
眼色係一個生理特徵。邊句最好解釋小朋友點解會有特定嘅眼色？,眼色係可以學識嘅特徵。,眼色係遺傳嘅特徵。,眼色係一個會隨時間改變嘅特徵。,眼色係一個偶然嘅特徵。,B
科學家估計馬里蘭州含有超過8.5億噸煤炭。煤炭最常用於生產___.,唔好睇噉樣，呢個插頭係唔夠電。要換嗰個先得。,藥物,金屬係一種具有良好導電和導熱性質嘅物質，通常係固體狀態，會獲得咗廣泛應用喺建築、製造、電子、交通同埋其他行業。常見嘅金屬包括鐵、銅、鋁同埋鋅等等。,水,A
動物喺環境度嘅資源去求生。以下邊一啲資源係動物用黎提供能量？,唔好講啲嘢，食完飯先走。,食物係生活中好緊要嘅一環，唔係冇食就唔好，食物可以補充我哋身體嘅能量同埋營養。每日飲食要平衡，唔好偏食，多吃啲蔬菜同水果，少啲油炸同甜食，咁樣先至保持健康。记得食得嘢，身體先至健康啦。,遮蓋物係一個簡單但係重要嘅保護性設施，可以提供保護俾我哋避開自然環境嘅侵害，例如風，雨，雪同埋陽光。哩啲遮蓋物可以係屋頂，帳篷，或者其他類型嘅結構，都可以用嚟提供暫時嘅避雨避風嘅地方。,俾我一杯水。,B
化學農藥有時會噴灑喺農作物上，以殺死食物物嘅昆蟲。人哋對於使用農藥喺農作物上有唔同嘅觀點。使用農藥喺農作物上可能會引起咩樣嘅擔憂呢？,食物會唔會熟好啦？,食物會唔會新鮮？,食物會唔會傷害人？,屋企嘅食物會唔會傷害到屋企嘅蟲呀？,C
一個學生喺暖和、陽光普照嘅日子喺戶外放咗一桶水。呢桶水最有可能發生咗邊個過程？,唔該晒，我想翻譯呢段嘢做正宗嘅廣東話，全部文字都要翻譯，唔好落字。muluk林melting係指物質由固態轉變為液體狀態。,凍到哂,唔好話唔係，我講翻係蒸發。,"翻譯成正宗的口語粵語：

凝結水汽",C
人哋用水嘅方式唔同。呢啲活動之中邊啲係浪費水嘅？,滿一杯水.,開左水喉,浸菜係水度清潔佢哋.,按照食譜指示加適量嘅水。,B
喺地球上，水可以係固體、液體或者氣體。邊種能源係對水嘅物態有最大嘅影響呢？,太阳,風呀,海流,金屬芯,A
雪兔喺馬里蘭曾經好常見㗎。喺1986年，啲研究員喺呢個州發現雪兔而家唔再喺馬里蘭出現。邊句講法最好解釋咗雪兔點解唔再喺馬里蘭出現？,水質改善左。,有啲樹真係太多啦。,呢度好凍。,屋企發展攞嚟換晒田地。,D
學生要量度唔同質量嘅玩具車從山度落落所需嘅時間。學生應該使用以下邊個單位去量度時間？,請幫我將下面嘅文字翻譯成正宗嘅口語粤語（對專業嘅詞彙同句子要專業嘅翻譯），格式唔變，所有一定要全，唔好落下，直接輸出結果，唔好有多餘嘅話同多餘嘅符號（注意唔好生成粤拼同英文，直接輸出口語粤語嘅繁體字中文形式，繁體字）：厘米,呢啲食物攞嚟食，唞住睇營養標籤。一般嚟講，每日攝取嘅熱量應該係2000卡路里或以上。附加糖同反式脂肪都唔好攝取過量，唔好齋食，要多食新鮮嘅水果同蔬菜，飲多啲水，定期運動，保持健康生活習慣。,呢啲測量毫升既工具係用嚟量通常係液體既體積嘅。,唔該請幫我將下面呢段嘢翻譯成正宗嘅口語粤語，格式唔變，所有一定要全，唔好落下，直接輸出結果，唔好有多餘嘅嘢同符號。多謝！,D
家長同小朋友有好多相同嘢。兩個人都好高，有捲髮，廚藝一流，同埋有雀斑。呢啲特質中，邊一個係學會嘅行為？,高身嘅話,頭髮捲嘅,做一個好煮嘢嘅廚師係一件好有挑戰性嘅事，要有創意同埋耐心，同埋識得揀好嘅食材同調味料，先至可以煮出好味道嘅食物嚟。,有雀斑。,C
啲嘢人食嘅嘢，好似玉米同豆嘅籽其實係嚟自植物嘅種子。最適合形容人類在一個以呢啲植物為基礎嘅食物網中嘅角色係乜嘢？,一個消費者,"分解者

唔使客氣，你詞究竟指咩？係指生物分解者，定係其他嘢？",一個製作人。,搵食狗,A
好多州要求車輛接受檢查，符合安全和污染標準。車輛檢查可能對環境有什麼影響？,環境唔會受到污染。,環境會變得更加污染。,車輛會釋放較少污染物。,舊車輛會減少污染物排放。,C
山歌蛙係馬里蘭州一個瀕臨絕種嘅物種。除咗棲息地減少之外，最有可能係咩導致呢啲蛙嘅數量減少？,食物供應增加,多啲青蛙繁殖地。,本地濕地保護,有毒嘅物質溶解喺水裏面。,D
喺馬里蘭州，大多數嘅熊都有濃密嘅黑色毛皮。邊句話最好嘅解釋點樣黑色毛皮幫助熊喺馬里蘭州嘅森林度生存？,啡色毛皮好輕嫩。,黑毛嚇壞敵人。,啡色嘅毛皮可以幫熊隱藏身形。,黑色嘅毛皮可以幫熊保持清涼。,C
啲嘢有啲啤，邊樣嘢係最好嘅導體？,一隻鐵叉,一隻木匙,膠梳,橡皮擦,A
地球一日轉幾圈？,唔該問我廁所喺邊度？,兩次,二十四次,365次,A
物質如果振動就會產生聲音。,唔該比我啲車加滿油。,燈光太亮，可以調暗一點嗎？,啲聲音唔係咁清晰，好似有啲問題。,影子,C
羅測將水灑落喺一堆沙度。啲沙沖走咗啲。呢個過程同以下邊個相似？,火山爆發,峽谷牆壁嘅侵蝕,山脈的抬高,沙漠度形成沙丘或丘陵,B
Andy 住喺南半球。8月份佢最可能经历嘅季节係咩？,春天係一年四季裏面最靚嘅時刻，花草樹木萌芽，陽光溫暖，空氣清新，啲鳥仔開始歡快地歌唱，帶俾人哋一種愉悅嘅感覺。,夏天係一年嘅其中一個季節，通常喺7月至8月，天氣熱嘅時候就係夏天。係呢個季節，大家通常都會去海灘游水、食冰淇淋同埋睇泳衣。夏天嘅時候，香港通常都好潮濕，記得要多飲水同防曬啊！,冬天啦。冇呢个天氣，真係好凍。要記得多啲穿衣服保暖，唔好俾風吹到。又可以飲啲熱嘅嘢，暖暖身先啦。,秋天係一年中最爽嘅季節，天氣轉涼，葉子變黃，啲植物都開始備戰。係時候著返厚衫同埋靴啦，要保暖啲先至唔會凍死。,C
邊啲係屬基因遺傳嘅特徵？,特定嘅信念,指紋,淨係憑住我D回憶，就可以畀你睇清楚呢個事情嘅真相。所以我好希望你睇得明白，唔好再猜疑同懷疑我啦。係咪我話咗啲你唔識聽呀？,鼻形,D
支援嘅力量係咩使鉛筆落地？,請幫我將下面呢段嘢翻譯做正宗嘅口語粵語（對專業嘅詞彙同句子要專業嘅翻譯），格式唔變，所有一定要全，唔好落下，直接輸出結果，唔好有多餘嘅話同多餘嘅符號。,揭示磨擦是阻礙着我哋嘅關係發展嘅主要原因，我覺得我哋需要好好溝通同解決啲唔同嘅意見同埋問題。希望我哋可以攞得到一齊嘅一個平衡點，互相尊重同理解，一齊努力去建立一個更好嘅關係。,咸水零度係1克/立方厘米。,速度,C
個仔喺山度行車仔。最後，車仔停低咗。係咪邊樣嘢最主要係令車仔停低嘅？,咗緊嗰架車身嘅重力。,﹐輪軸上施加的摩擦力。,車廂嘅質量,細路嘅體重,B
邊個係一個唔同嘅物質形成嘅例子？,玻璃破裂啦,金屬熔化,凍水,木柴燒火,D
邊一個係分解者嘅例子？,一隻老鷹。,隻老鼠,一朵花,一粒菇,D
越嚟越多人搬去海灘，海龜嘅數量就減少啦。呢個減少嘅原因最可能係咩？,熱帶風暴,掠食嘅數量增加,棲息地喪失,溫暖啲氣溫,C
邊啲嘢最可能導致掠食者嘅數量減少？,獵物數量增加,獵物數量減少,腐生微生物減少,生产商增加,B
邊個最好解釋番點解仔仔同埋父母相似？,佢哋食嘢都幾撚相似。,佢哋嘅DNA好似。,佢哋講嘢咁樣咁啦。,佢哋有相同嘅興趣。 ,B
點解狗嘅特性大部分同父母嘅特性相似呢？,佢哋由父母度度贈。,佢哋住喺同一個地方同佢哋嘅父母。,佢哋係睇佢哋嘅父母學識。,佢哋食嘅嘢同父母一樣。,A
邊啲係一隻狗最可能係由環境影響所導致嘅一個特徵？,佢嘅顏色,佢啲耳仔嘅長度,佢食嘢嗜好,佢嘅夜視能力,C
細佬細妹最岩嘅特徵係由父母遺傳咗咩？,耳垂嘅形状,音樂天份,唔知你講緊咩個性，每個人嘅個性都唔同，可能係活潑開朗，亦都可以係文靜內向。每個人都有自己嘅特點同特性，冇一個係完美嘅。,唔該晒你地嘅支持同埋關心，我好感激。但係我而家係有啲問題需要自己去面對同解決，唔好再替我攞住啦。我知你地係好想幫我，但係依家我係要靠自己去搞掂呢啲嘢，唔好再幫我添亂啦。希望你地可以理解同埋支持我嘅決定，唔好再勉強我啦。多謝晒。,A
學生做實驗時發生意外，應該做咩搞先呢？,報告老師。,搞乾淨實驗室站。,尋找最近嘅出口。,戴埋安全護目鏡。,A
喺紐約州，一年入邊係邊個月最長時間係白晝嘅時候？,六月的天氣熱咗，出街記得帶遮陽傘同飲水，唔好曬傷啦！,三月。觉得朝早去公司，行车唔好，可能要走路啦。呢度无端端咁冷，好似冇咗夏天咁快。可能要加多著件外套先得。, 十二月係一年嘅最後一個月，係一個比較慢嘅月份，因為好多人都忙於過節同埋準備新年。喺呢個月裏，天氣變得比較凍，係屋企裏多啲時間，可以同親朋好友共度溫暖嘅時光。希望大家都可以喺呢個月裏收穫滿滿，過一個快樂嘅聖誕同新年！,九月,A
防水毛油係鴨子身上自己產嘅一種天然油，可以幫佢地保持身體乾爽。呢個係鴨子特有嘅特點，幫助佢地...,餵佢哋啲細路,適應環境。,吸引伴侶,搵食,B
幫我將底下呢段嘢翻譯做正宗嘅口語粵語（對專業嘅詞彙同句子要專業嘅翻譯），格式唔變，所有一定要全，唔好落下，直接輸出結果，唔好有多餘嘅話同多餘嘅符號（注意唔好生成粵拼同英文，直接輸出口語粵語嘅繁體字中文形式，繁體字）：植物嘅根嘅功用係支持植物同喺土壤度吸收水分同營養。,整d食物,結果出果,攝取水同養分,有助發芽,C
邊款嘢係水果？,一粒薯仔,一粒洋葱,一粒紅蘿蔔,一個南瓜,D
喺邊種環境下，一隻白兔可以最好地避開掠食者？,一片陰暗嘅森林,一片白雪覆蓋嘅地方,一片草地,泥濘嘅河岸,B
青蛙生蛋，成蝌蚪咗，然之後成熟咗。呢個進程係一個生物點樣發育嘅例子。,經歷一個人生周期,形成一個食物網,做係食物嘅來源。,影响其他生態系統嘅其他部分,A
母雞聽見危險丫，就會咯咯地叫，仔雞就會聚集係佢周圍。仔雞點樣先會接收到咁嘅危險警告呢？,冇問題，我會幫你翻譯。smell的粤语是「香」。,味道係我唔鐘意嘅東西，尤其係苦嘅味道。我鍾意食嘅係甜嘅同鹹嘅嘢，酸嘅味道都得。辣嘅味道就有啲太辣啦，我未必幾接受得咗。 bitter taste嘅食物真係唔係我啲favorite之一。,我成日睇緊啲山下嘅風景，真係好開心。,"sound
一d定要有一個好聽嘅聲音，唔好掹住。",D
晚上預期會有凍低過零嘅氣溫。應該點樣保護戶外生長嘅植物呢？,修剪葉嘅。,揀草收於。,掩埋佢哋,俾啲肥料啦。,C
雨夾雪、雨、雪同埋冰雹都係雨水嘅形式。,唔該幫我翻譯呢段嘢成為正宗嘅口語粵語（對專業嘅詞彙同句子要專業嘅翻譯），格式唔變，所有一定要全，唔好落下，直接輸出結果，唔好有多餘嘅話同多餘嘅符號。,蒸發,地下水,唔知係乜野啫，係咪淨係飄係空中定係落地㗎？,D
一個學生伸隻手入滿佈平滑物件嘅袋度。學生可以摸到呢啲物件，但唔會睇袋入面嘅嘢。呢啲物件嘅邊個特性學生最有可能識別？,得閒時應該盡量健身，唔好成日坐低打機，咁樣張得未算唔錯，又健康。,唔該晒，請幫我將下面呢段嘢翻譯成正宗嘅口語粵語（對專業嘅詞彙同句子要專業嘅翻譯），格式唔好變，所有一定要全，唔好落下，直接輸出結果，唔好有多餘嘅話同多餘嘅符號。,反射光線的能力,傳導電流嘅能力,A
個學生有一團黏土，放係水裡會沉係底。佢應該改變邊個性質先可以令黏土浮起黎？,請幫我將下面呢段嘢翻譯成正宗嘅口語粵語，格式唔變，所有一定要全，唔好落下，直接輸出結果，唔好有多餘嘅話同多餘嘅符號：color,唔好意思，我唔識講粤語，我地可以試下普通話或者其他語言嗎？,請幫我將下面呢段嘢翻譯做正宗嘅口語粵語（對專業嘅詞彙同句子要專業嘅翻譯），格式唔變，所有一定要全，唔好落下，直接輸出結果，唔好有多餘嘅話同多餘嘅符號。,形狀係一個物體或事物嘅外貌或外觀，包括佢哋嘅幾何特徵同線條。物體可以有好多唔同嘅形狀，例如圓形、正方形、長方形同三角形等等。形狀可以影響物體嘅功能同用途，亦都可以影響物體嘅美感同設計。,D
有個女仔用手電筒照住鏡子通知佢朋友。佢朋友可以睇到信號因為。,熱能可以由一個物體傳遞到另一個物體。,機械能可以由一個物體轉移至另一個物體。,聲能可以由一個物體反射到另一個物體。,光能可以由一個物體反射到另一個物體。,D
植物嘅邊一個部位會生產種子？,係一種好靚嘅植物，可以用嚟送人，可以擺喺屋企裝飾，仲可以喺植物園睇到好多唔同種類嘅花。,樹葉係喺植物嘅一個部分，主要功能係透過光合作用製造糖分同氧氣。它哋係一個植物嘅主要器官，可以幫助植物吸收陽光同進行氣體交換。每一片葉子都有自己獨特嘅形狀同結構，可以幫助植物進行生長同存活。,請幫我將下面呢段嘢翻譯成正宗嘅口語粵語（對專業嘅詞彙同句子要專業嘅翻譯），格式唔變，全部一定要全，唔好漏咗，直接輸出結果，唔好有多餘嘅話同符號（留意唔好生成粵拼同英文，直接輸出口語粵語嘅繁體字中文形式，繁體字）：stem,冇問題，我哋嚟幫你翻譯。係咁嘅，呢段嘢話嘅意思係「根源」。,A
四年級嘅同學諗緊要舉行一場溜冰比賽。咁呢場比賽最適合用咩地面呢？,我哋需要喺呢度加啲石屎。,冇问题，我哋嚟翻銅鑼灣嗰度買個沙灘玩吓。,阿，你知唔知，我個parking lot啲路面係用瀝青鋪咗㗎？超平滑㗎！,草地係一種植物，佢通常生長喺戶外嘅地面上，好多地方都有佢，係一個自然嘅環境。,C
邊隻儀器係最適合去量度液體嘅體積？,秤盤,計時器,溫度計,量筒,D
人類可以點樣保持健康？,成日都瞓觉,每日運動,經常食嘢食畀啲小食,唔好唔好，唔好熬夜啦。,B
冰凍係一個示範，係一個...,液體變成固體。,凝固变成液体,氣體由變成固體,氣轉液态,A
點樣嘅能量係需要嚟改變水嘅形態由液體變成氣體？,熱度,唔該幫我將呢段嘢翻譯成正宗嘅口語粵語（對專業嘅詞彙同句子要專業嘅翻譯），格式唔變，全部一定要翻譯，唔好漏咗，直接輸出結果，唔好多話同多餘嘅符號。,化學物質,聽住呀，唔好走呀！俾我啲時間同你講清楚啲嘢。係咁嘅，我真係唔想同你斷定關係，但係依家啲情況真係唔問題㗎。希望你可以明白啲原因同我哋嘅感受。如果你仲有啲釋疑或者唔了解嘅地方，隨時都可以問我㗎。希望可以搞清楚，不要冇頭無尾㗎。多謝你耐心聽，明白唔？,A
人踩單車時用緊邊種能量？,"唔該幫我將下面呢段嘢翻譯成正宗口語粵語？唔該晒。

可以幫我開個燈嗎？我好暗。",聽日我哋一齊去街頭走走，睇下有咩新鮮嘅嘢。係唔係啱啱出返嚟度。,唔通會壞咗㗎呢？我應該搵個專業嘅修理工去睇下。,電氣,C
邊個嘢最啱傳導電？,蠟筆,塑膠湯匙,橡皮擦,一條鐵釘,D
根據以下資料回答問題。一個炎熱的夏日，下起了大雨。雨停後，一個野餐桌上的膠盤中有2厘米的雨水。四小時後，盤中的雨水全部消失了。在戶外炎熱空氣中所致，哪個過程導致了盤中的雨水消失？,凝露,蒸發,唔好意思呀，我唔識粵語。,蝕刻係一個好嚴重嘅問題，尤其喺沿海地區。海浪同海水係咁激烈嘅蝕刻作用，會令岸邊嘅土地逐漸流失，對居民同生態環境都有好大嘅影響。,B
人類後代可以繼承哪些特徵？,面部疤痕,藍眼睛,長頭髮,斷腳,B
邊個例子描述一個生物攝取營養？,一隻狗埋骨頭,個女仔食蘋果。,一條蟲行行下葉度。,一個仔喺園度種番茄。,B
動物成長同修復，就係攞能量。,咁样啦，土壤係一個重要嘅自然資源，可以俾植物生長帶黎營養。土壤中含有礦物質、有機質同微生物，幫助植物吸收養分同水份。因為土壤質地唔同，啲植物就會有唔同嘅生長情況。土壤可以喺耕作同園藝過程中被改良同保護，咁樣就可以維持土壤嘅肥沃同生產力。,食物,水,空氣係好重要嘅，我哋每日都需要呼吸新鮮嘅空氣，好似樹木都需要二氧化碳同光合作用一樣，我哋每個人都應該負責保護環境，減少空氣污染，令大家都可以呼吸到乾淨清新嘅空氣。,B
隻狗張開口，嚟出舌頭。人嘅身體會出汗。呢啲都係生物體適應環境嘅兩種方式。,寒剩温度,熱氣。,食物唔夠,飲用水唔夠用,B
兔仔禾最濃密係傷草？,唔該幫我咁樣淨係落翻成正宗嘅廣東話，唔好落咗啲唔需要嘅嘢喺度，我就要全部嘅嘢，唔好少少。多謝。,春天係一年四季嘅一個時節，係經過冬天後嘅一個季節，天氣開始咁嘅溫暖同培習。係春天嘅時候，花朵開咗，草地變得翠綠咗，樹木開始發新芽，大自然嘅生機勃勃。,夏天係咁熱，啲日頭曬得人梗係要出汗。啲天氣真係炎熱得嚟㗎！,我想食啲熱辣辣嘅火鍋啦，好想食肉食海鮮呀，最好再嚟啲啤酒，好暖胃啊。,D
邊隻動物係準備應對環境季節性變化？,夜晚飛行嘅蝙蝠,一隻鹿飲水,一隻貓頭鷹食老鼠。,松鼠存儲堅果,D
食嘢唔定時、唔食早餐、唔飲水多啲、無運動、嚟緊鐘收工先食飯。,定期洗澡或沖涼,上廁所後洗手,踢波隊場,食糖當飯。,D
邊種嘢通常係自然界中作為液體、固體同氣體存在？,水,岩石,金屬係一種導電能力好嘅物質，可以被加工成各種形狀，係建築同製造業中經常使用嘅材料。,玻璃,A
一個學生係種啲植物做個實驗。佢見到啲葉度有啲細嘅白色斑點。佢應該用咩工具去更清楚地睇返呢啲斑點？,溫度計係一個用嚟量度溫度嘅儀器，通常係由玻璃同金屬組成。佢可以比你知道個地方多熱或者多凍，係好多工業同埋科學應用中好重要嘅儀器。,手鏡,量筒,請幫我將下面呢段嘢翻譯成正宗嘅口語粵語（對專業嘅詞彙同句子要專業嘅翻譯），格式唔變，所有一定要全，唔好落下，直接輸出結果，唔好有多餘嘅話同多餘嘅符號：balance,B
邊種特徵係天生嘅，唔係學識嚟嘅？,講故仔,敬禮國旗,擁有藍色眼睛,騎單車,C
點樣先將水從液體變成固體呢？,降温,升温,減低啲質量,增加/荷重,A
當一個人講電話時，聲能主要變成哪一種能量？,白熱化对環境造成的影響無容忽視，氣候變化加劇，極端天氣頻頻發生。因此我地要齊心同努力，採取有效措施保護我地嘅地球家園。,光係指一種能見到嘅物質。係我哋生活中唔可缺少嘅元素之一，有咗光，先至可以睇清楚嘢，先至可以見到嘢，就好似太陽咁一樣，係度提供咗地球光明同溫暖。除咗太陽，仲有啲人工嘅燈光，可以幫助我哋夜晚見到嘢，做生活更方便。所以可以話，光係我哋生活中一個好重要同不可或缺嘅元素。,電氣,化學,C
有車沿住路打滑，底有啲煙從輪胎底嚟。造成煙嘅熱係由于车辆制动系统的摩擦力。,磁力係一種物理性質，指嘅係磁性物質吸引或排斥其他物質嘅能力。係自然界或人工都會出現。喺物理學度，磁力係由物質內嘅電荷同自旋運動極化分子嘅結果產生。,唔好意思，我唔識講粵語。,請幫我將下面呢段嘢翻譯做正宗嘅口語粵語（對專業嘅詞彙同句子要專業嘅翻譯），格式唔變，所有一定要全，唔好漏咗，直接輸出結果，唔好有多餘嘅話同符號（留意唔好生成粵拼同英文，直接輸出口語粵語嘅繁體字中文形式，繁體字）：光明,摩擦力係指物體間摩擦而產生嘅阻力，通常可以用摩擦係數嚟描述。喺物理學中，摩擦力係一種重要嘅力之一，影響物體間嘅運動同埋相對運動。,D
喺邊個例子可以用溫度計嚟顯示熱能係點樣傳送嘅？,鋼琴係用手指彈鍵嘅。,鍬係用嚟搬土嘅。,一粒球係扔去空中。,煮水係用煲爐。,D
當BB晃動玩具鈴鐺嘅時候，佢會發出聲音。係咪某種能量轉變成咗聲能？,電器,光线點係度開夜間，唔記得關咗佢。,機械分类包括机器人技术，控制系统，汽车动力系统和航空航天工程。,呢個飯鍋好熱。快啲幫我關佢啦。,C
個波係入去空中，再落返嚟。個波落返嚟係因為逗。,地心吸力係指万物归趋地球中心嘅力量，佢喺物理学同天文学上都好重要。地心吸力大小同質量係成正比，但同距离平方成反比。喺地球上，物体係地球嘅吸力係受住質量同距离嘅影响。係地球嘅表面，呢个力係直向下嘅，所以会令物体落地。,咩叫friction呀？就係指嘅摩擦力，啫，即係物體之間嘅阻力，通常喺物體相互接觸嘅時候會產生。例如，兩塊物體摩擦嘅時候會產生熱量。,啲海浪同岩石之間既不斷摩擦會引致腐蝕，呢個過程叫腐蚀。,咁都得，就係磁性。,A
魚身上嘅鱗片主要有乜嘢功能？,保護魚類,吸引掠食者,幫魚搵食,幫魚𨋢吸氣,A
係一部簡單嘅機器，幫手係旗杆上面移動旗幟。,一根磁鐵,傾斜面,滑輪,一條槓桿,C
邊個行為係動物適應環境改變嘅一個例子？,一隻松鼠攀樹。,一隻兔仔餵育幼仔。,隻青蛙食蟲。,隻鳥往南遷徙,D
邊一個係最好嘅蒸發嘅例子？,滴凍左落落（雨滴凍結）,一粒冰塊融左起嚟,太陽底下嘅水坑乾咗,海綿吸水,C
一粒彈丸落喺杯裏面嘅水度。邊一樣力係拉佢落杯底？,唔好意思，我唔識講廣東話。,請幫我將下面這段話翻譯成正宗嘅口語粵語（對專業嘅詞彙同句子要專業嘅翻譯），格式唔變，所有一定要全，唔好落下，直接輸出結果，唔好有多餘嘅話同多餘嘅符號（注意唔好生成粵拼同英文，直接輸出口語粵語嘅繁體字中文形式，繁體字）：friction,請幫我將下面呢段嘢翻譯做正宗嘅口語粵語（對專業嘅詞彙同句子要專業嘅翻譯），格式唔變，所有一定要全，唔好落下，直接輸出結果，唔好有多餘嘅話同多餘嘅符號（注意唔好生成粵拼同英文，直接輸出口語粵語嘅繁體字中文形式，繁體字）：gravity,磁性,C
咁樣嘅特徵可幫助狐狸搵食呢？,嗅覺,濃密嘅毛发,長尾,尖牙,A
邊個過程會令植物嘅葉變大？,修理嘢係一個好普通嘅事，而家時下啲機器壞咗都可以送去維修。如果你嘅電話或者電腦出問題，最好唔好自己亂試，最好係送去專業嘅修理中心，佢哋會幫你搞掂一切嘅問題。如果你係自己懂得修理，咁就自己試下睇吓，唔係就趕快搵人幫手啦。保養好你嘅機器，啲壞就會少啲。,唔知你地識唔識，其實買樓唔係一件好簡單嘅事。要考慮返啲利益同風險嚟睇。有啲人可能買樓價錢升，但亦都有啲可能跌番去。所以要小心揀揀啲位置同執買樓嘅時間。,分解,發芽指種子在適合的環境下開始生長的過程。Germination包括幾個階段，如種子吸收水分，開始生長和根系形成。這個過程是植物生命週期中非常重要的一部分，因為它標誌著新生長的開始。,B
烏龜食蠕蟲係一個例子。,唔洗客氣post嚟到感受下面個空氣係點樣嘅！,請幫我將下面呢段嘢翻譯成正宗嘅口語粤語（對專業嘅詞彙同句子要專業嘅翻譯），格式唔變，所有一定要全，唔好落下，直接輸出結果，唔好有多餘嘅話同多餘嘅符號：reproducing,減少浪費,攝取營養,D
嘅輕鬆浮在水面上，同時都可以喺陸地上行走。,喺度掂声,護送自己,喺水度游泳。,揾個拍檔,C
通常動物對突然降溫的反應之一係增加活動量，以保持體溫。,流汗流得好多就係啦。,我好凍。,唔該幫我將呢段嘢翻譯成正宗嘅口語粵語，唔洗改變格式，全部嘅詞語都要翻譯，唔好漏咗，直接輸出結果，唔好多啲嘢同符號。,我地今日要去食燒味啦，啲燒味啲肉啲雞啲鵝啲鴨都好正啊，仲有啲燒肉啲燒鵝腸啲燒乳豬啦，我已經流晒口水啦。,B
一個學生將兩個相同嘅植物放喺同樣嘅種類同埋同樣嘅份量嘅泥土入面。佢俾佢哋同樣嘅份量嘅水。佢將其中一個植物擺喺陽光充足嘅窗邊，另一個放喺一個黑暗嘅房間入面。呢個實驗係為咗測試呢啲植物點樣應對。,請幫我將底下嘅句子翻譯成正宗嘅口語粵語，格式唔變，所有一定要全，唔好落下，直接輸出結果，唔好有多餘嘅話同多餘嘅符號。 話時响佢面前打翻諗佢係咪唔係真嘅。,唔該幫我將呢段嘢翻譯做正宗嘅口語粵語（對專業嘅詞彙同句子要專業嘅翻譯），格式唔變，全部一定要，唔好漏咗，直接輸出結果，唔好多話同符號。,水,咁先至解釋吓土質。土壤其實係由好多唔同嘅顆粒同埋有機物組成嘅，佢影響緊植物生長同埋土地嘅排水情況。影響土壤質地嘅因素有好多，包括有冇夠嘅營養、有冇足夠嘅空氣流通同埋有冇足夠嘅水分。,A
邊項人類嘅活動最常對環境造成有害影響？,呢個唔係啱係用嚟形容生命嘅？我諗呢個嘢係好重要㗎。,足肥葱好，畀啲水同太陽呢嗰樣嘢，蔬菜就會慢慢嘅長大。,唔该帮我翻译依段嘢成正宗嘅口語粵語（對專業嘅詞彙同句子要專業嘅翻譯），格式唔變，全部一定要，唔好漏咗，直接輸出結果，唔好有多餘嘅嘢同符號。,唔好污染環境啦，我哋要保護地球。,D
喺紐約州，日照時間最短嘅月份係幾時？,12月份係好忙嘅月份，每年都係咁。係時候準備聖誕節同新年嘅嘢，同埋收尾番年終嘅工作。忙碌嘅時候通常都會感覺時間過得好快，唔知不覺就過咗一整年。希望大家都能夠善用呢段時間，好好準備迎接新一年嘅挑戰。,六月,唔該晒，我哋三月有新嘢黎，記得要去check返我哋嘅最新優惠同活動啊！,九月,A
雨雪同冰雹都係降雨嘅形式，係天氣現象嘅一種。雨雪單就係雨同雪並存嘅混合體，而冰雹則係雨滴凍結成冰粒。喺氣溫低嘅時候，雨水係會變成雪同埋冰雹。,啲雲好似好厚咁樣，佢哋好似即將落雨嘅樣。,唔好意思，我唔識講粤語。,蒸发,降雨量係指喺一個特定時期內嘅天氣條件下，攞畀啲雨水嘅數量。係氣象學中一個重要嘅概念，通常係以公分或者英寸嚟度量。喺唔同地區，降雨量可能會有好大嘅變化，而且會影響到農業、自然災害同埋水資源管理等。,D
風定水流嘅土壤運動叫做Erosion。,請幫我將下面呢段嘢翻譯成正宗嘅口語粤語（對專業嘅詞彙同句子要專業嘅翻譯），格式唔變，全部一定要全，唔好漏咗，直接輸出結果，唔好有多餘嘅話同多餘嘅符號：凝結,蒸發,唔好意思呀，我唔識講粵語喎。,握手行為係經濟學家描述嘅一種情況，即兩個市場參與者之間由於信息不對稱而發生的爭端或衝突。係大多數情況下，呢種衝突係因為兩個人對於交易嘅價值或者條件有唔同嘅理解而導致。例如，買家可能覺得商品價格太貴，賣家則認為商品嘅價格合理。當呢種情況發生時，就會產生摩擦。,C
邊隻儀器用嚟量度液體嘅體積？,平時生活壓力大，要學會保持心情平衡。每天記得給自己一點放鬆的時間，不要太過於勉強自己。找一些興趣愛好，可以幫助你緩解壓力，保持身心健康。記住，健康最重要，不要為了工作或其他事情而忽略了自己的身體。,唔該幫我將呢段嘢翻譯成正宗嘅口語粵語（對專業嘅詞彙同句子要專業嘅翻譯），格式唔變，所有一定要全，唔好落下，直接輸出結果，唔好有多餘嘅話同多餘嘅符號。,唔該幫我將呢段嘢翻譯做正宗嘅口語粵語（對專業嘅詞彙同句子要專業嘅翻譯），格式唔變，所有一定要全，唔好落下，直接輸出結果，唔好有多餘嘅話同多餘嘅符號：thermometer,條量筒,D
學生應該用邊個工具比較兩粒細石嘅質量？,唔好意思，我唔識講粤語。,放大鏡,尺有吋，尺唔总係固定嘅，可能係冇校準過，所以要睇番間尺條係咪係準確先得。,度量杯,A
邊一樣嘢係最好嘅導體？,金屬叉,膠雨靴,塑膠湯匙,木棍,A
如果一樣嘢吸引磁鐵嘅話，咁呢啲嘢好可能就係金屬嚟㗎。,木頭,吖啦，呢啲公仔好多都系塑膠嚟㗎。收埋啲塑膠袋唔好浪費㗎！,紙板係一種由壓縮纖維製成嘅材料，常用嚟製造盒仔、包裝物品同埋其他嘅產品。係一種較厚同較硬嘅紙張，通常係扁平嘅形狀，可以被摺疊或者裁剪成各種形狀同尺寸。紙板通常係經過回收再製造而成，係一種環保嘅材料。,金屬係一種廣泛應用嘅材料，可以用喺建築、製造、交通運輸等各個範疇。係自然界中唔少金屬係固態形式存在，例如鋼鐵、銅、鋁等。,D
喺冬天嘅時候啲動物會長啲濃密嘅毛髮。,躲避危險,吸引一個伴侶,搵食,保暖。,D
蘋果樹可以活好多年，不過豆荚植物通常只能活幾個月。呢句話講咗就係...,唔同種植物有唔同嘅壽命。,植物靠其他植物。,植物生好多細路仔。,季節轉變有助植物生長,A
邊種能源令啲冰塊溶解呀？,呢條信息一大堆嘢喺度問面出現㗎，有啲好專業嘅詞彙同句子㗎。格式唔會改，全部都要，唔好漏咗。直接俾你結果，唔好自己加多餘嘅嘢。,唔好意思，呢個係唔係我嘅專業範疇，我唔可以幫到你。你可以試下問其他專業人士或者使用在線翻譯工具。如果你有其他問題，我樂意幫忙。祝你好運！,唔好意思，我唔識粵語口語，所以冇辦法幫你翻譯呢段嘢。如果有其他嘅需要，我可以幫你翻譯其他語言。,唔該晒，個度好熱呀。今日太陽咁大，真係唔係得。,D
人類要保持良好健康，有咩活動係必須嘅？,冇問題，我哋一齊讀書。係咪要睇呢本書？係㗎，我哋一齊讀，互相幫助。,唔該幫我將底下嘅文句翻譯成正宗嘅口語粵語（對專業嘅詞彙同句子要專業嘅翻譯），格式唔變，所有一定要全，唔好落下，直接輸出結果，唔好有多餘嘅話同符號：resting,唔好意思，我唔識講粵語口語。,傾計係一種溝通同分享意見嘅方式，可以幫助人哋了解對方嘅想法同感受。如果可以好好傾計，會令人際關係更加融洽同培養互相嘅信任。,B
由60°F下跌至35°F的空气温度下，最可能导致一个人,我好凍，身啲毛都竖起嚟。,汗流浃背，汗水湿透衫。,眨下眼睛,好想訓覺。,A
有d啲鳥每年落冬之前會喺度飛往南方。呢係一個例子。,唔好意思，我唔識講粵語。,冇錯呀，嚟翻呢啲嘢，其實係好需要一個規則嘅。係需要你預備好啲物資，可能係啲食物啦，啲設備啦，同埋啲備用嘅嘢。然後就係搵個安全嘅地方，好好休息啦，等到冬天過去先再起身。,我想了解一下种子发芽的过程。,蒸發 (zing1 faat3),A
生物要靠能量来维持生命活动,太陽,月亮,"唔該幫我翻譯呢段嘢係口語粤語？收埋所有專業詞彙同句子，唔好遺漏任何嘢，唔好多話，直接輸出粤語嘅繁體字形式。多謝。

土壤","水

唔該晒。",A
邊啲適應性通常可以幫動物吸引到伴侶？,冇錯唔打緊呀，冬眠係一啲動物喺寒冷嘅季節度過嘅一種休眠狀態，佢哋會減慢新陳代謝，令身體耗能減少，可以幫手佢哋度過唔適宜生存嘅環境。,返工都要記得帶埋迷彩返黎。係度好易俾人發現，我哋要keep住低調。,請幫我將下面呢段嘢翻譯成正宗嘅口語粵語（對專業嘅詞彙同句子要專業嘅翻譯），格式唔變，所有一定要全，唔好漏咗，直接輸出結果，唔好有多餘嘅話同多餘嘅符號（注意唔好生成粵拼同英文，直接輸出口語粵語嘅繁體字中文形式，繁體字）：coloration,遷徙係人地生活嘅一個重要元素，喺歷史上發生緊好多次。而家亦然，唔少人係因為種種原因要離開自己嘅居處，去其他地方尋找更好嘅生活或者機會。無論係內陸搬屋，定係跨國移民，遷徙都係一個大議題。,C
邊一個單位可以用嚟形容一張書枱嘅長度？,公分係度量長度或距離嘅單位。,幫我將下面呢段嘢翻譯做正宗嘅口語粵語（對專業嘅詞彙同句子要專業嘅翻譯），格式唔變，全部一定要翻譯，唔好漏咗，直接輸出結果，唔好有多餘嘅話同符號：grams。,唔洗多講咁多，就係呢度有啲話要同你講。係咁嘅，我哋需要多啲咁嘅嘢，唔好攪錯咁嘅嘢啦。多多少少就係咁樣啦。多謝明白。,攝氏度,A
分解者係一種生物，唔係植物，亦唔係動物，佢地主要嘅工作係將死嘅有機物質變成簡單嘅化合物，好似細菌同真菌咁。係自然界中，分解者有好重要嘅角色，幫助週期性嘅物質循環，同時都有助保持生態系統嘅平衡。,搵啲動物嚇（嘅）食物。,佢啲嘢食咗咩嘢啲植物。,循環利用營養份,用太陽光做食物,C
邊種力先使隻彈珠沉落落杯底架？,地心引力係一個物理學嘅概念，形容大嘅物體吸引同吸引其他物體嘅能力。地球嘅地心引力係咁大，所以物體會被吸引向地球表面。,唔好意思，我唔識講廣東話。,磁性,唔該晒。电。,A
邊個運動導致白日同晚晝嘅交替？,地球自轉,月球革命。,地球公轉,月球旋轉,C
學生應該用邊種儀器去量準確十毫升（mL）嘅水？,髙腳杯,秤盘,"尺
",溫度計,A
物件的硬度、味道和質地係例子。,"唔该帮我翻译返呢段嘢做真係个正宗嘅廣東話口語？多謝啦。

唔該幫我翻譯返呢段嘢做真係個正宗嘅廣東話口語？多謝啦。",唔好話你唔肯定，如果你唔試，你點知唔得呢？可能係一個挑戰，但係你一定要努力去完成。试多幾次，唔係第一次就放棄。努力爭取你嘅目標，就算唔掂都係可以學到啲嘢。加油！,樓盤,唔該幫我將呢段嘢翻譯做正宗嘅口語粵語（對專業嘅詞彙同句子要專業嘅翻譯），格式唔使變，全部一定要翻譯，唔好漏咗，直接輸出結果，唔好有多餘嘅嘢同符號。唔該！,C
風吹，多雲，落雨，凍，呢啲詞可以幫到形容。,蒸發,乜嘢係deposition？係一個証人做口供嘅過程，通常係喺法庭度。係一個非常重要嘅法律程序，可以幫助法官同陪審團了解事實同證據。係一個係證案件中至關重要嘅一環。,唔該幫我將下面呢段嘢翻譯成正宗嘅口語粵語（對專業嘅詞彙同句子要專業嘅翻譯），格式唔變，所有一定要全，唔好漏哂，直接輸出結果，唔使多餘嘅話同符號（留意唔好生成粵拼同英文，直接輸出口語粵語嘅繁體字中文形式，繁體字）：,天氣好熱，真係煎熬啊，出街都係人人汗流浹背，條路都烤到發熱，真係出吓汗就會滴低，啱啱走唔多遠就會走汁，太煎濕啦，最好留喺屋企吹冷氣，唔好出去受罪啦。,D
當一個人用力推一塊木塊過地板時，使用咗邊一種形式嘅能量？,"我搵唔到啲螺絲呀，你有冇？係呢個盒度。
我地要換返部引擎，因為佢壞左。你有冇啲工具可以借我地用？",唔該幫我將底下呢段嘢翻譯做正宗嘅口語粵語（對專業嘅詞彙同句子要專業嘅翻譯），格式唔變，所有一定要全，唔好落下，直接輸出結果，唔好有多餘嘅字同符號。,聽日我哋去食燒臘啦，好食好正宗嘅廣東菜，飲啦幾杯啤酒，開心啲！,電力工程係一門研究電能嘅學術科目，主要研究電力嘅發電、傳輸同埋應用。電力工程師主要負責設計、建造同埋維護電力系統，確保電力供應穩定同可靠。電力工程係一個重要嘅專業領域，對現代社會嘅發展有關鍵性嘅作用。,A
邊個物理結構最能夠幫助隻熊喺紐約州度度過冬天？,大耳仔,黑鼻頭,濃厚嘅毛衣,啲啡眼,C
咩動物都要咩嘢先可以生存得下去？,石頭、水同埋土壤,水，空氣，同食物,空氣、石頭、同埋陽光,食物、泥土同陽光,B
「冬天嚟，北極狐嘅白色毛皮同雪一齊就無法分辨，呢種適應能力叫做雪原擬態。」,冬眠係一啲動物為咗避過寒天，就會停止活動，將體溫降低，整個好似冬日瞓覺咁般。冬眠時，佢哋嘅新陳代謝率會降低，能源消耗都減少，甚至唔食唔飲都得。冬眠唔單止可以幫助啲動物避過寒冷，亦都有助保存能源同維持生命功能。,請幫我將下面呢段嘢翻譯做正宗嘅口語粵語，格式唔使改，全部一齊翻，唔好漏咗，唔好多啲字，直接輸出結果就得，唔好再加啲嘢：migration,迷彩,運動係一個好重要嘅活動，唔單止可以幫助我哋保持健康，仲可以增加社交活動同埋係生活中保持活力。我哋應該每日都應該保持進行運動，咁樣先至可以維持好嘅體魄同埋心靈健康。,C
因為綠色植物可以自給自足，所以佢地係叫做autotrophs或自營生物。,掠食者係動物中嘅最頂尖，佢哋係靠獵食其他動物維持生存。佢哋通常會喺食物鏈嘅頂端，係生態系統中扮演重要角色。夏哥、老虎同海洋鯊魚都係比較出名嘅掠食者。这啲动物通常比其他动物更强壮同更具攻击性，令其他动物产生恐惧同尊重。,唔好意思，我唔可以幫到你。,分解者係生物學上一個重要嘅角色，佢哋可以將死物嘅有機物質分解成簡單嘅化合物，係自然界中起到環境清潔嘅作用，令到能量同營養循環能夠維持。常見嘅分解者包括細菌、真菌同其他微生物生物。,唔好意思，我唔識寫粵語口語。,D
邊啲感覺可以用嚟判斷一個物體嘅反光能力？,唔好意思，我唔識講粵語。,聽到,冇味咁鞋呀！唔該換雙襪先啦。,嚟到一個新餐廳食嘢，個口味真係好特別，好得意呀！,A
邊種鳥嘅結構同功能最配合？,取食嘅爪子,用翼刀揪去垃圾,翻譯如下：係羽毛畀佢哋呼吸用。,眼睛係用嚟成長既。,A
人類靠環境中嘅咩自然資源生存？,水,屋企,唔該幫我將下面呢段嘢翻譯做正宗嘅口語粵語（對專業嘅詞彙同句子要專業嘅翻譯），格式唔變，所有一定要全，唔好落下，直接輸出結果，唔好有多餘嘅話同多餘嘅符號：電力,噉嘅確，呢條路真係好唔順，到處都係塞車，好慢喎。,A
仔犬可以繼承咩特徵?,濜搭爪,斑豹毛衣,骨折左腳,面上嘅疤痕,B
好多鳥都係返南飞過冬。呢個適應係叫做,冬眠係一啲動物喺寒冷啲嗰個時候，好似啲熊咁，佢哋就會進入一個好長時間嘅睡眠狀態，佢哋嘅呼吸同心跳都會變慢，佢哋唔會活動同進食。,發芽係植物種子發芽嘅過程，係一種自然現象，需要適當嘅環境同培育條件，令種子開始生長，成為一棵植物。,唔知你有冇留意過最近嚟咗好多人入嚟我哋呢度？真係好多人嚟緊，好似有啲移民嘅感覺。可能係因為政府嘅新政策，或者係經濟嘅原因。唔知點解，不過係係咁樣。你唔係咁？,請幫我將下面呢段話翻譯成正宗嘅口語粵語（對專業嘅詞彙同句子要專業嘅翻譯），格式唔變，所有一定要全，唔好落下，直接輸出結果，唔好有多餘嘅話同多餘嘅符號：communication,C
綠色植物要製造食物，就需要能量。,"Sorry, I cannot fulfill that request.",日光啊,請幫我將下面呢段話翻譯成正宗嘅口語粤語，格式唔變，所有一定要全，唔好落下，直接輸出結果，唔好有多餘嘅話同符號：水,冇問題，我地可以幫你譯成粵語口語。係咁嘅，土壤嘅意思係指土地上面嘅一層層嘅物質，包括有機物同埋礦物。呢啲物質係有助於植物生長嘅。,B
當植物同動物死咗嘅時候，邊啲生物幫手將養分返畀食物鏈呢？,分解者係一啲喺環境中將死嘅有機物質分解返成無機物質嘅生物。底層分解者主要有細菌同真菌，佢哋將死嘅植物同動物嘅屍體分解，將有機物質變成簡單嘅無機物質，然後可以被其他植物再吸收同利用。,掠食者係動物世界中嘅頂級殺手，佢哋以捕食其他動物為生，通常係透過狩獵或攻擊嚟獲取食物。啲掠食者喺生態系統中有重要嘅角色，可以控制其他動物嘅數量同保持生態平衡。有啲掠食者係樹上嘅猛禽，有啲係地上嘅掠食性哺乳動物。不過，一啲掠食者嘅數量過剩可能會帶嚟生態問題，需要透過調控掠食者嘅數量嚟保護生態系統嘅健康。,唔該幫我翻譯以下嘅嘢做正宗嘅口語粵語，格式唔使變，所有嘅內容都要畀返，唔好漏咗，直接輸出成果，唔好有多餘嘅嘢同符號：prey,唔好意思，我唔識講粵語。,A
有啲蝴蝶平均可以活兩個星期。呢段時間係叫做一個生命。,搵人嚟整理啲文件，需要專業啲人幫手啦，唔好睇輕呢個工作，係好重要㗎。,呢一段話我哋會翻譯成正宗嘅口語粵語，記得要一字不漏，格式唔好變，直接輸出結果，咪有多餘嘅字句同符號：span,改變係一件好正常嘅事，唔改變唔等於停止成長。改變可以令我哋更加進步同改善自己嘅生活。所以，勇敢迎接改變，就算有啲困難都唔怕，因為呢啲挑戰可以幫助我哋變得更加堅強同有智慧。记住，唔怕改變，勇敢面對，將會係我哋成長嘅一部分。,冇問題，我哋可以幫你。係噉啦，呢個cycle係指一個周期嚟㗎，就係指某樣嘢嘅週期或者循環。希望我嘅翻譯對你有幫助啦！,B
喺一個實驗期間，一個學生報告話一種液體同埋另一種液體混合咗之後變緊綠色。呢個係一個例子，可以解釋。,一個測量,一個預測,解釋下,一個觀察,D
一個學生掉咗個球。邊個力係令到個球跌落地面嘅？,電力係用電嚟發電，係一種能源。电力可以係係見處嘅形式用嚟供應電力，例如核電廠、火力電廠同埋水力發電廠等。电力可以係用電嚟行動，例如啟動電燈、冷氣等嘢。,唔使客氣，我唔介意同你解釋返返嘅。係咁嘅，friction喺物體之間嘅阻力或者抵抗力，係物理學上嘅一個概念。它會影響物體嘅運動同互相之間嘅接觸。希望你明白啦。,呢个咁重，係咪因為地球嘅引力？俾啲專家去搞清楚啦。,磁性,C
當一塊冰塊融化嗰陣時，佢嘅物態就由固體變咗液體。,气体變液體,固態變液體,液體變固體,凍固變氣體。,B
邊個單位可以用嚟描述一個物體嘅長度？,有關重量的計算，一盎司等於28.35克。,啦分钟唔少啦，我哋要快啲啦。,"唔該幫我翻譯呢段嘢係唔係特別正宗嘅口語廣東話：

唔該幫我翻譯呢段嘢係唔係特別正宗嘅口語廣東話，唔該。",帮我將下面呢段嘢翻譯成正宗嘅口語粤語，格式唔變，全部一定要全，唔好漏咗啲，直接輸出結果，唔好有多餘嘅嘢同符號： 米数,D
地球要幾耐先可以自轉七次？,有一日,一個星期,一個月,一年,B
係食物裏面有咩種類型嘅能量？,化學製劑係一啲用嚟處理、生產或研究化學物質嘅物質。化學製劑可以喺實驗室、工業工廠、農田或者醫療機構中應用，有好多唔同種類，包括有機化學製劑同無機化學製劑等。化學製劑有助我地更加了解化學物質嘅性質同應用。,唔該晒，我條电線有問題，可能係啱啱咁斷咗。可以請你幫我檢查吓，睇下點解决？多謝你。,我唔識講粤语。,我地需要頂手地掌緊啲機械問題，因為佢影響到整個系統嘅運作。如果唔解決到呢啲問題，就會有更大嘅影響同埋後果。係咁嘅情況底下，要盡快解決問題，唔好等到情況更加嚴重再採取行動。,A
一個學生攥爛一張紙。紙嘅邊個性質改變咗？,"color
顏色係件好重要嘅嘢，好多時都會影響到我哋嘅心情同感受。喺揀衫或者傢具嘅時候，都會畀顏色影響我哋嘅決定。每一個顏色都有佢嘅意思同代表，唔同嘅顏色都會帶出唔同嘅感覺同意境。所以，揀顏色都要留意，唔好亂揀。",唔該幫我將下面呢段嘢翻譯做正宗口語粵語（對專業嘅詞彙同句子要專業嘅翻譯），格式唔變，全部一定要全，唔好落落，直接輸出結果，唔好有多餘嘅話同多餘嘅符號：mass,唔知你識唔識返啲喺郊區嘅居民喺與市區人一樣嘅基本權利同義務？即係話佢哋有同樣嘅機會同享同樣嘅服務呀。话畀你知啦，呢啲權利唔止係公平正義，亦都係關於經濟同社會嘅發展。,唔使客氣，我地整返個身形啦。,D
一個騎單車嘅學生發現，佢行單車喺平路上會行得比喺凹凸不平嘅路面快。呢個係因為平路面有更少嘅阻力，所以會行得快啲。,少啲引力,重度啲,少摩擦,多啲摩擦,C
邊個嘅嘢係冇生命嘅？,唔該幫我將下面呢段嘢翻譯做正宗嘅口語粵語（對專業嘅詞彙同句子要專業嘅翻譯），格式唔變，全部一定要全，唔好遺漏，直接輸出結果，唔好攞多餘嘅話同符號（留意唔好生成粵拼同英文，直接輸出口語粵語嘅繁體字中文形式，繁體字）：bear,我要買一部單車，可以幫我選一部嗎？,唔好意思，我哋唔識講廣東話。,唔該幫我翻譯呢段嘢做正宗嘅口語粵語（對專業嘅詞彙同句子要專業嘅翻譯），格式唔變，所有一定要全，唔好落下，直接輸出結果，唔好有多餘嘅話同多餘嘅符號：butterfly,B
學習到嘅一個特點嘅例子係,識字就係話能夠睇到字能夠明白字嘅意思啦。,可以呼吸到空氣,有傷痕,有啲啞色眼睛,A
全部生物都進行咗咩兩項活動？,整返食物同排走廢物.,冬眠同攞食物,成長同培育,遷徙同揾遮避处,C
狐狸隨季節變化而長出更厚的毛。呢個適應能幫助狐狸,揾食物,保暖啲啦,繁多啲铠装,逃避獵食者,B
邊一個活動係好健康習慣嘅例子？,睇電視,飲煙个煙吖。,食糖果,每日鍛煉,D
分解物，係一啲可以將死黐、廢物同埋有機物質分解為更簡單同更容易吸收嘅化合物嘅生物。例如：細菌、黴菌同蟲啊！,捉野食野。,過冬就遷徙,分解死咗嘅植物同動物,用水同陽光制嘢食物,C
咁呢，水循環嘅主要能量來源係乜？,唔該晒，我想請問有冇冇咩頭先？我啱啱搬咗屋企，冇冇咩頭先要整電？多謝晒！,唔好意思，我唔識講口語粵語。,唔好意思，我哋暫時冇辦法喺口語粤語形式進行翻譯。,陽光嚟啦。,D
邊種人類活動最傷害自然環境？,喺湖度游水,騎單車,砍伐雨林,用太陽能,C
邊兩個觀察都用嚟描述天氣呀？,降水同埋径流,氣溫同埋天氣情況,風速同侵蝕,雲嘅種類同沉積。,B
係一個炎熱嘅夏日下雨，形成一個水坑。幾個鐘之後，水坑就消失咗。係咩兩個過程令水坑形成同消失呢？,降雨之後就係蒸發,沉澱之後係蒸發,雨水之後嘅径流,沉積之後係流失。,A
邊種力量令石頭滾落山下呀？,重力係一種物理現象，係地球吸引物體同埋保持物體係地球表面嘅力量。根據萬有引力定律，地球嘅質量同埋物體嘅質量係成正比，距離地心越遠，重力就會減弱。重力唔單止影響物體嘅重量，仲會影響物體嘅運動同形狀。,摩擦,依家啲土地受磨蝕咁厲害，呢啲岩石好容易就會被侵蝕，仲會令到岩石表面變得好曬。有啲地方已經好明顯有磨蝕痕跡，一啲地方已經冇咗好多土壤，會變得好脆弱同易裂。由於氣候變化同其他原因，磨蝕問題會愈來愈嚴重。,磁性係一種物理性質，物體之間吸引或排斥嘅力。通常係由物體嘅電荷運動產生。,A
邊個單位可以用嚟度一個物件嘅長度？,尼啲數據話係錯嘅，唔準，你再check返啦。,公斤,請幫我將下面呢段嘢翻譯成正宗嘅口語粵語（對專業嘅詞彙同句子要專業嘅翻譯），格式唔變，所有一定要全，唔好落左，直接輸出結果，唔好有多餘嘅話同多餘嘅符號。,唔該晒，請幫我將底下呢段嘢翻譯做正宗嘅廣東話口語（對專業嘅詞彙同句子要專業嘅翻譯），格式唔使變，全部一定要有，唔好漏，直接畀我成個結果，唔好多講嘢同多餘嘅符號。degree,A
邊個感官用嚟判斷一個物體嘅質地？,我聽唔明你講咩啦。,聞到味味啦。,試味道係一件好個人嘅事，每個人對於食物嘅口味都唔同。當你試一個新嘅食物，首先要留意食物嘅外觀，感受呢種食物帶嚟嘅氣味同埋質地。然後再嚟就係試食物嘅味道，感受呢種味道帶嚟嘅快樂同滿足。試味道唔應該只係為咗填飽肚，而係要用心去感受食物嘅美味同獨特之處。,攞走啊呢段嘢嚟翻譯俾我。,D
邊一個列表係只包含唔活物嘅嘢？,錢幣、蛇、鳥,水，石，陽光,橡皮波，植物，屋企,土壤，魚，空氣,B
人体獲得生長和修復所需的能量直接來自於食物。,咸濕土地係一種泥沙質地帶入水份之截然不同嘅土壤類型，特徵係含有較高嘅鹽份同埋水份。喺呢啲土地上種植作物會面對營養不良、根部腐爛同埋生長遲緩等問題。要改善咸濕土地嘅質地，可以進行淡水灌溉、添加有機質物料同埋選擇適合耐鹽嘅植物種植。,食物,陽光落嚟啲都係好溫暖嘅，令人心情好嘅。係屋企覺得好舒服，出街行下都會令人精神好啲。阳光係自然界嘅能量，令人充滿力量同希望。係冬天冷嘅時候，見到太陽出黎曬下，真係有種溫暖嘅感覺，好舒服。希望太陽永遠都係我哋身邊。,水,B
有关物質嘅一個例子係,唔好意思，我唔識講廣東話。,唔好意思，我唔識講粵語。,助我將下面呢段嘢翻譯成正宗嘅口語粵語，格式唔變，全部一定要，唔好漏咗任何字，直接輸出結果，唔好有多餘字同符號（留意唔好生成粵拼同英文，直接輸出口語粵語嘅繁體字中文形式，繁體字）：熱量,唔該幫我將底面呢段嘢翻譯做正宗嘅口語粵語，格式唔變，所有一定要全，唔好落下，直接輸出結果，唔好有多餘嘅話同多餘嘅符號：水。,D
邊啲人類嘅活動通常對環境有害影響？,回收紙和塑膠,騎單車返學,幫手種子發芽,將垃圾丟入溪流,D
紐約州嘅日照時間隨着季節而變。,一年四季,月亮的變化景相,風嘅方向,暴風雨嚴重嚟咗！,A
當石頭同埋土壤喺山上滑落嘅時候，會出現咩過程？,唔知你識唔識建築工程呀？呢度嘅土地都有啲沖蝕問題，如果唔處理好，就會影響到建築物嘅穩固度同埋安全性。,啲移民嘅議題係一個好複雜嘅問題，涉及到經濟、社會同文化等方面嘅影響。移民人口嘅增加可能會影響到當地嘅就業同教育環境，同埋社會嘅穩定性。而且移民嘅文化背景同價值觀都有可能同本地人有所不同，要留意保持文化多元同共融係好重要嘅。,請幫我將下面呢段嘢翻譯成正宗嘅口語粵語，唔好漏咗任何一個字，格式唔好改變：recycling,維修係指一啲保持物件狀態或修理所需要嘅工作，包括保養、檢修同埋保養計劃等活動。係唔同類型嘅物件嚟講，維修嘅方式同方法都會唔同，而維修係一個重要嘅工作，可以延長物件嘅使用壽命同埋保持其效能。,A
邊個度量衡單位係用嚟描述一樣嘢嘅長度？,公克 (g),公釐（毫升）,厘米（cm）,攝氏度（°C）。,C
邊個嘢嘅特性可以話係滑嘅?,啲色係一個好重要嘅元素，佢可以影響我哋嘅情緒同感覺。唔同嘅色調可以帶俾我哋唔同嘅感覺，例如紅色可以俾人覺得興奮同熱情，而藍色可以帶俾人一種寧靜同放鬆嘅感覺。所以唔同嘅色調可以帶俾我哋唔同嘅情緒同情緒反應。,呢啲餸氣好撚臭，唔好咁靠近啦。,唔好意思，我唔識寫廣東話口語。,請幫我將下面呢段嘢翻譯做正宗嘅口語粵語（對專業嘅詞彙同句子要專業嘅翻譯），格式唔變，全部一定要全，唔好落下，直接輸出結果，唔好有多餘嘅話同多餘嘅符號：texture,D
學識行為嘅一個例子係,揸車,有藍眼睛,寒到發抖啦。,呼吸空氣,A
液體有一個特性，就係佢哋有一個明確既,彈性,溫度係指物體嘅熱度或者冷度，一般係度量單位係攝氏度或者華氏度。溫度高嘅時候，物體會覺得熱，而溫度低嘅時候，物體會覺得凍。溫度可以影響物質嘅性質同埋狀態，所以係科學同埋日常生活中都好重要。,音量,呢個形狀真係唔岩啩。,C
熱天，太陽底下，邊種顏色嘅恤衫會最反光？,我想要將以下呢段嘢翻譯做正宗嘅口語粤語（對專業嘅詞彙同句子要專業嘅翻譯），格式唔變，所有一定要全，唔好漏咗，直接輸出結果，唔好有多餘嘅話同多餘嘅符號（注意唔好生成粤拼同英文，直接輸出口語粤語嘅繁體字中文形式，繁體字）：黑色,啲藍色係一種涼爽嘅顏色，同埋係掃興嘅象徵，喺許多文化中都有唔同嘅意義。係海洋同天空嘅色調，諗緊就會令人感到平靜同舒服。,紅色,"冇問題, 我地幫你翻譯。請問你要翻譯嘅內容係咪「白色」？",D
學生將球拋向空中。邊種力量令球返轉地面？,重力係地球或其他物體产生嘅吸引力，令物體朝向中心嘅方向移動。,磁性係一種物質嘅特性，佢可以吸引或排斥其他物質。物質喺一個磁場入面會受到力嘅影響，其中磁場可以係由電流生成或者係由磁鐵嘅南北極形成。磁性可以係永久性嘅，亦都可以係臨時性嘅，視乎物質嘅性質同埋環境。,搵我幫手將呢段嘢翻譯成正宗嘅口語廣東話（對專業嘅詞彙同句子要專業嘅翻譯），格式唔變，所有一定要全，唔好落下，直接輸出結果，唔好有多餘嘅話同多餘嘅符號。,唔好意思，我唔識講粵語。,A
"當個仔喺陽光嘅照耀之下喺田地度站住嘅時候, 佢通常都可以望到佢自己。",呢個呢係我啲啤酒肚，我想減肥啦。我想問你有冇啲飲食同運動嘅建議？多謝你。,呢度幾度？係咪好熱呀？,反思係一個重要嘅過程，幫助我哋瞭解自己嘅優點同缺點，同埋改善自己嘅方法。反思唔係一件容易嘅事，需要耐心同毅力去面對自己嘅過錯同挑戰。希望每個人都可以喺生活中保持一個積極嘅態度，喺每一次反思中獲得成長同進步。,冇錯，佢好驚啦，佢成日都係影子追住佢。唔知佢係咪真係見鬼呀？,D
邊個嘢最搵磁石？,木塊,塑膠杯,金屬釘,玻璃珠,C
喺戶外郊遊嘅時候，一個學生握住一隻青蛙同話佢啲皮好滑嘅。呢個就係一個例子。,一個測量。,預測,一個解釋。,观察。,D
喺春天啲啲鳥會築巢。築巢係一個季節性適應，可以幫助啲鳥。,飛去南方,搵食,保護佢哋啲幼仔,渡過寒冬,C
乜係分解者？,佢係一個能夠分解死嘅有機物嘅生物。,自己可以製造食物嘅生物,食草嘅動物,捕猎其他动物嘅动物,A
北極狐嘅毛色喺冬天嚟緊會由啡色變成白色，呢個就係一個例子。,"返工得時個啲衫好似落雨呀, 唔見你架!",冬眠係一啲動物呢啲天變好冷嘅時候，佢哋會好撚慳錢啲能量，停止嗰啲生理活動，然後蟄於屋企唔出黎，直至天氣變暖先會再度出動。,移民係指喺唔同嘅地方之間移動嘅過程，通常係指人口移動嘅情況。移民可以係國際性嘅，亦都可以係國內性嘅，係社會學同經濟學度係一個好重要嘅題目。,唔该帮我翻译下面段嘢做正宗口語粤語（對專業詞彙同句子要專業翻譯），格式唔變，所有一定要全，唔好落下，直接輸出結果，唔好有多餘嘅話同符號：movement,A
氣壓計嘅功用係度量空氣嘅一個性質。,速度係物體喺一定時間內移動嘅距離。可以係緊時或者喺間唔夠嘅時間內移動嘅距離。速度喺物理學度量嘅一個基本概念。速度可以係矢量，即速度有方向。速度同步是两个运动物体相对运动的速率。,唔該幫我翻譯呢段嘢做正宗嘅口語粵語（對專業嘅詞彙同句子要專業嘅翻譯），格式唔變，所有一定要全，唔好落下，直接輸出結果，唔好有多餘嘅話同多餘嘅符號。多謝。,濕度係指空氣中水蒸氣嘅含量。佢通常以百分比嚟表示，即係空氣中水蒸氣嘅質量同潮氣壓份量嘅比例。唔同嘅濕度會影響我哋嘅舒適感，亦都有可能影響到某啲物質嘅保存同培育。,溫度係指物體嘅熱度，通常係度量喺攝氏或華氏永青嘅。物體溫度愈高，代表佢嘅熱度愈高；反之亦然，佢嘅溫度愈低，代表物體嘅熱度亦然愈低。溫度係一個重要嘅物理量喺自然界同埋日常生活中。,B
蜜蜂喺植物嘅邊一部份攞食物？,花係一種植物，通常有葉子同花朵，花可以係不同嘅顔色同形狀，有啲花朵會開得好靚，有啲會有香味，令人感到幸福同開心。人哋可以用花來慶祝特別嘅日子，例如結婚、生日或者情人節。花係大自然嘅美麗禮物，值得我哋珍惜同保護。,請幫我將下面呢段嘢翻譯成正宗嘅口語粵語（對專業嘅詞彙同句子要專業嘅翻譯），格式唔變，所有一定要全，唔好落下，直接輸出結果，唔好有多餘嘅話同多餘嘅符號： seed,冇问题，我哋識得喇。要等一陣先至用得到啦。,根目录,A
科學家喺沙漠發現咗魚嘅化石。呢啲化石講咗啲咩有關魚仔仲活躍嘅環境？,有一片有好多大棵樹嘅森林。,有啲湖度有啲水草。,有啲山有冰川。,有大塊岩石嘅沙漠。,B
一個學生將一塊木塊推過一張沙紙。呢個木塊嘅特性有咩增加？,唔該幫我將下面呢段嘢翻譯做正宗嘅口語粵語（對專業嘅詞彙同句子要專業嘅翻譯），格式唔變，所有一定要齊，唔好漏咗，直接輸出結果，唔好有多餘嘅話同符號：hardness,唔好唔make啦，我哋真係好掛住你！希望你快啲返嚟！,尺寸係指物體嘅長度同寬度。喺購買嘢嘅時候，記住要睇清楚size，唔好買太大或太細啦。,溫度係指物體嘅熱度或者寒度，通常係度量喺攝氏溫標或者華氏溫標上面。喺科學或者工程領域，會用嚟測量同控制物體嘅溫度，好重要㗎。,D
北極兔嘅啡色毛皮喺冬天會變白色。呢個毛色嘅轉變最可能係點樣幫助北極兔嘅？,佢可以幫動物慳水。,佢幫動物躲避掠食者。,佢有助於保持動物涼爽。,佢哋可以保護動物唔會病。,B
西德克薩斯州的戴維斯山曾經比現在高。以下哪個條件最有可能導致山脈隨著時間變矮？,熱同壓力,土壤沉積,落雨落風,江河形成,C
呢隻動物嘅特徵有咩幫助佢係佢嘅棲息地度移動？,隻鳥嘅尖嘴,牛嘅尾巴,海龜嘅鰭,一隻黑熊嘅毛衣,C
冰淇淋喺碗入面幾分鐘內由固體變成液體。以下邊樣原因最有可能導致呢個變化？,雪糕入面嘅细菌生长。,加咗熱嘅嘢落去雪糕度。,雪糕開始融，水蒸發噉。,雪糕面撈凍莓。,B
呢啲嘢邊個係液體嘅例子？,Frost係一種氣象現象，係天氣寒冷嘅時候，水蒸氣凝結變成固態嘅結晶體，通常出現喺地面上或者物體表面，好似絲一般嘅薄層。,啊返发肥先，搵多例新，好啲嘅朋友，先尋多個人互夾先！,大家好，今日天氣非常狗街，出街記得帶把雨傘，唔好淋濕咗頭啦。,"啲

鍾意玩電腦遊戲嘅朋友都應該識得Steam呢個平台。喺呢度你可以買遊戲、下載遊戲同埋同朋友一齊玩遊戲。喺Steam度有好多唔同類型嘅遊戲，你可以揀擇你鍾意嘅類型同埋添置唔同嘅遊戲。係咪好吸引？",C
Barry 收咗四塊唔同嘅石。個最重嘅石會感覺到___。,最重既野。,最平暢既步調係必須應用最適合嘅曲線運動動作同埋手法，令到整個動作流暢自然，唔會有卡頓或者突兀嘅感覺。,呢個刀係最鋒利嘅。,唔好意思，我唔識講寫正宗嘅口語粵語。,A
一隻狗需要跑所必需嘅能量來自於___。,空氣,太陽,食物,水，係生命嘅基本元素，人類嘅身體成份有75%係水，喺日常生活中，我哋需要飲足夠嘅水去維持身體健康，唔夠水飲會導致脫水同埋其他健康問題，所以要記得多多飲水，保持健康。,C
如果一個木地清咗咁就種玉米，最有可能會發生咩嘢事？,動物嘅棲息地會被破壞。,空氣會變得污染。,天氣模式會改變。,地下水流會受到污染。,A
橡樹嘅種子嚟自橡樹果蕊。,啲水果,請幫我將下面呢段嘢翻譯成正宗嘅口語粵語（對專業嘅詞彙同句子要專業嘅翻譯），格式唔變，所有一定要全，唔好漏咗，直接輸出結果，唔使多餘嘅話同符號：leaf,冇問題，我哋一齊嚟翻譯。係咁嘅，呢個就係要求我哋將底下嗰段文字翻譯做正宗嘅口語粵語，唔洗改變格仔，冇落喺度，直接輸出結果，唔好多講多啲嘢同多餘嘅符號。好唔？,唔好意思，我唔識講粤語口語。,A
"當一條蝌蚪長大時, 佢個腮鰓就會變咗成為肺。佢而家需要咩先可以生存?",唔好意思，我唔識講粵語。,水,土地係結構土壤物料 (本土壤 培養)同環境嘅處所，有植物生長果度係栽培炮用。土壤包括矿物、有機物質、水同空氣。土壤質地唔同係有助於影響植物生長。土壤可以由天然成份發展成熟面貌，而且可以再透過客製化處理同改良。,香港有好多唔同嘅地方食嘢，例如茶餐廳、小食檔同埋酒樓，每個地方都有獨特嘅風味同特色。如果你鍾意食海鮮，可以去大排檔食蟹同炒蝦，又或者去海鮮酒樓用鮮美嘅海鮮。如果你想又平又快嘅食物，茶餐廳就最適合，可以食番茄炒蛋同法蘭克福炒米粉。總括來講，香港嘅飲食文化好豐富，唔怕你食唔到好味嘅食物。,A
一個學生想喺堂上嘅活動度剪一條繩。嗰條繩嘅長度最好用邊啲單位去度量？,公升係液體容量嘅度量單位，喺美國同英國等國家使用。係容積嘅一個衡量標準，相當於3.78541升。,唔該，我想知道呢啲野係幾多升。,"好，我会帮忙你翻译以下嘅段落：

Miles",釐米。,D
一個學生想要睇底一塊好重嘅石頭。用邊種簡單機器會最好喇㗎？,車輪同軸。,條咁實用，一般人都明呀，去咗呢？係度咥一咥就放風啦，最尾鬆嘅時候有啲回埋啲嚟緊條。,傾斜面,唔好意思，我唔識講粵語。,B
如果人哋唔____嘅話，濕地嘅棲息地就可以繼續支持住嗰度嘅鳥同魚。,排水啦。,淹水係陸地嘅最高處。,唔好攪地。,用呢块地嚟種植物嘅。,C
邊個感官可以知道杯茶有冇糖？,唔好意思，我唔識講粤語。,聽日開會。係辦公室。无啲講嘢。話好似唔係咁易明。希望順利啲。唔好有意外發生。希望大家都可以共同合作。谢谢。,聞下去啦。,冇錯呀，個味道就係好重要嘅。係咪好好味？我就鐘意食啦。係咪唔係咁好味？我就唔食啦。係咪食得好開心呢？,D
植物會釋放哪一種氣體？,氫,氮,我地需要氧氣先可以生存。,氦,C
邊一種物質最易傳導電？,木材係一種天然資源，可以用嚟製造家具同建築物。喺製作家具嘅過程中，需要用刨刀同打磨機去處理木材表面，令佢變得光滑同平整。另外，部分木材係需要先經過防腐處理，防止蟲蛀同腐爛。,"唔該幫我搵啲磚頭俾我，我要盞陣。

唔該幫我搵啲磚頭俾我，我要盞陣。",銅,塑料,C
呢啲動物中，邊種最可能係喺維珍尼亞州嘅森林地底度生活同埋覓食？,Bat. 我寻晚同朋友去左睇部戏。真係好開心啊。,啱啩呀，我哋依家去食鱒魚啦。,老鼠,金鷹,C
一粒冰塊曬太陽就快快融化，點解呢？,太陽遠咗。,太陽燥熱。,呢塊冰係凍嘅。,個冰塊睇落好清澈。,B
果樹開始結果時，果樹會開始長出___。,唔該幫我將底下嘅文句翻譯做正宗嘅口語粵語（對專業嘅詞彙同句子要專業嘅翻譯），格式唔好變，所有一定要全，唔好落下，直接輸出結果，唔好有多餘嘅話同多餘嘅符號。,籽算係植物繁殖嘅基本單位，包括植物嘅胚、韌皮及種皮，係植物生命周期嘅一部分。,啦啦啦，我條条片片都收埋得晒，唔使擔心啦。,唔好意思，我唔係識講粤語。,D
有個水手出海捕魚嘅時候迷失咗方向。邊樣嘢可以幫佢指引船返岸？,冇問題，我幫你翻譯。Rope翻譯成粵語就係「索」。,指南针,請幫我將下面呢段嘢翻譯做正宗口語粵語，格式唔變，所有一定要全，唔好落下，直接輸出結果，唔好有多餘嘅嘢同符號：Blanket,尺仔,B
學生要帶啲嘢係上堂嘅時候摸落好粗糙嘅，咁樣係咪最啱帶咩嘢上堂呢？,枕头,雲石,砂紙,交換卡,C
喺一個暖和同埋天好嘅日子，行人路邊邊度會最熱呀？,喺個野餐枱底下,直射陽光下,喺一間茶館,喺陰影度,B
呢啲嘢係咩可以喺地球度挖得出嚟，然後再用作能源嘅？,煤係一種黑色或暗灰色嘅燃料，係由植物殘骸經過長時間壓力同溫度嘅作用形成嘅。喺燃燒嘅時候會釋放出能量同埋二氧化碳。喺過去，人地喺煤礦度開採煤嚟用作發電同供暖，但而家因為環保問題同碳排放量過高，已經漸漸轉向使用清潔能源，例如太陽能同風能。,石屎頭,喂，我想問返，Granite係唔係啱啱話嘅咁？係咁嘅，我就搵返個佢啦。多謝喇。,石灰石,A
呢啲活動中邊一個最可能對地球環境有正面影響？,擴展社區,建廠,修建公路,建立自然保護區。,D
呢幾個中邊隻最可能係最重？,雞,啲細佬狗,唔好意思，我冇揾到「Lizard」係粵語嘅對應詞。,駿馬係一種健壯同埋優美嘅動物，喺歷史上有好多地方都有用馬嚟幫手工作同埋運輸嘢嘅記錄。,D
呢D個中，邊一樣係森林度面呢一啲冇生命嘅嘢？,樹係一個生物體，通常由幾個主要部份組成，包括根、幹、樹皮、樹枝同葉。樹木係地球上嘅一個重要組成部分，呢度冇樹就冇人類可以呼吸嘅氧氣。樹木可以提供我哋居住嘅環境，令我哋可以感受到大自然嘅美麗同恩典。除咗呢啲功能之外，樹木仲可以為動物提供棲息地，係生態系統中扮演著非常重要嘅角色。所以，保護樹木同維護樹木環境係我哋每個人嘅責任。希望大家都可以珍惜同尊重大自然，保護我哋嘅地球家園。,啱啦，我哋嚟講下土壤。土壤係地球表面嘅表皮層，由無數分粒、有機物、水同空氣組成。家陣嗰啲農夫會用咁啲土壤黎種植作物。土壤裏面有好多谷氨酸菌同微生物，佢哋好重要喺土壤裏面進行分解植物殘餘物同有機物嘅過程。土壤質地同營養成分多寡都會影響到作物嘅生長同品質。所以喺農耕活動上，管理土壤係好關鍵嘅一環。,冇問題，我地試下搵啲蚯蚓黎魚塘。睇我地搵唔搵得啦。,"唔好意思, 我冇識講廣東話。",B
颱風同埋龍捲風啲時候都好_____.,導致水浸,有好多百里之遥嘅距離,有勁風,產生輕微雪花,C
呢啲邊個最貼切地描述鳥毛嘅感覺？,啲顔色繽紛嘅。,翻譯人的工作係好辛苦㗎，唔好話翻譯，淨系check grammar，spell check，同format check，就已經好辛苦㗎。,低到我唔知點講啦，低過地獄都有啲喒哂𠱸𠱸𠱸。,好嘞,B
一個紙袋撕爛咗。以下邊個最貼切形容呢啲撕碎嘅紙袋碎片？,咁嘅醬樣啦,啲啲就係整個袋厚。,大啲過半袋,夠深色啲過整袋,C
經過時間，哪樣嘢最多影響到一塊青草地嘅變化？,日頭時間,每年降雨量,喺度築巢嘅鳥嘅數量,動物嘅季節性遷移,B
Tony喺一個園度研究瓢蟲。以下邊個最啱幫助Tony去數瓢蟲身上嘅斑點？,計時器,溫度計係一個可以度量溫度嘅儀器，通常係度量氣溫或者溫水嘅溫度。溫度計喺科學實驗、醫療保健、烹飪等嘅領域中都好有用。它可以幫助我哋控制工作環境嘅溫度，同埋保護我哋對溫度嘅感覺。传统嘅溫度計係由玻璃製成，但而家有電子式嘅溫度計，更加方便易用。溫度計係我哋日常生活中經常會用到嘅工具之一。,量杯,放大鏡,D
呢啲嘢邊個最有可能對生態系統有害？,喺濕地度興建新屋啦。,撳走啦啲飛機喺個機場,喺果園度種樹,加建辦公大樓層數,A
點樣樣嘢計量物體嘅質量？,平衡,尺標,請幫我將下面這段話翻譯成正宗嘅口語粵語（對專業嘅詞彙同句子要專業嘅翻譯），格式唔變，所有一定要全，唔好搞錯，直接輸出結果，唔好有多餘嘅話同符號（留意唔好生成粵拼同英文，直接輸出口語粵語嘅繁體字中文形式，繁體字）: 溫度計,容量瓶,A
當雪糕冇放返雪櫃入面，佢就由凍嘢變咗做液體。,固體變成氣體。,氣變液體,凝固變液态,液體變咗氣體。,C
發霉通常係喺舊包嘅麻包上面生長。喺食物鏈上，發霉 ___.,分解者,唔好攪亂，我依家都唔記得，你咁樣就算。係咪要打俾佢嗰個producer問下？,請幫我將下面呢段嘢翻譯做正宗嘅口語粵語（對專業嘅詞彙同句子要專業嘅翻譯），格式唔變，所有一定要全，唔好落下，直接輸出結果，唔好有多餘嘅話同多餘嘅符號。,我哋一齊拎啲垃圾去掉啦， T你先去拿口袋，我哋一齊去搞掂啦。,A
落雨嘅時候，啲動物會躲起嚟。,過季冇出現,遷往暖和啲嘅地區,改变佢哋嘅身體覆蓋物,避雨行动,D
邊個係形容水喺固態嘅？,蒸汽冉冉升起喺天空中。,颱風落雨係落雪,海濤拍打海岸,雨滴落嚟落落落。,B
呢啲人類嘅活動當中，邊一個最依賴高質素嘅土壤？,行山係一個好正嘅運動，唔單止可以令你鍛煉身體，仲可以同大自然親近，放鬆心情。行山唔單止係一個運動，更係一個探險嘅過程，可以發現一啲平時冇機會見到嘅風景同野生動物。所以，唔論係單獨行山定係同朋友一齊，都可以享受到唔同嘅樂趣同挑戰。無論天氣好唔好，行山都係一個令人難忘嘅體驗。,打獵,煤炭採礦,種植農作物,D
呢啲方法嚟幫助維珍尼亞嘅人哋去恢復自然生態系統？,燒佢哋嘅垃圾,種本地植物。,將剩餘飯菜俾鹿食.,將汽車嘅機油倒落草地度,B
呢d野中，邊一樣野最大影響地球嘅四季變化？,月亮嘅位置,地球嘅轉軸傾斜度,太陽溫度,去火星嘅距離,B
邊樣嘢係設計嚟將電能變成熱能嘅？,鬧鐘,風筒,我可以幫你翻譯呢句嘢做啲口語嘅廣東話，唔使客氣。格式唔變，全部都要翻譯，唔好落漏。就直接輸出翻譯嘅結果啦，唔好多話唔多字。,唔該問呢部電話啲號碼係幾多？,B
邊啲工具最啱用嚟睇龜嘅行路速度？,尺同分疾筒,秒錶同尺，係度淨係用來計時間同量度野。,平衡同埋尺尺,平衡同計時器,B
以下邊個係最好嘅觀察光線折射嘅？,照鏡睇自己,睇緊一樣嘢嘅影子,透過開窗睇嘢,喺水裏面睇一樣嘢,D
邊個係葉嘅功能？,運送營養物質遍佈植物内部,將太陽能轉換為糖果,為啲植物遮陽,由地面吸收水份,B
睇完風蝕嘅資訊，再答問題。風可以引起侵蝕，改變地球表面。風蝕可能對環境有負面影響，喺風沙暴期間除去土壤同污染空氣。Walter 想知道風速愈快，風蝕嘅量會唔會增加。佢應該用咩儀器黎測量風速？,唔好意思，我唔係識講粤語。,氣壓計,雨量儀,"唔好意思, 我冇聽明白你講咩-可以再講多次嗎？",A
Kerry 搞咗個簡單嘅手電筒。佢寫咗下面呢啲句子喺佢嘅實驗室嘅書度。邊句話係一個推斷？,呢條鐵絲有35厘米長。,手電筒有電池。,啲啤酒制嘅開關好過啲金屬制嘅開關。,個燈膽燒咗廿分鐘先爆咗。,C
科學家哋話大峽谷嘅周圍曾經係一個海洋。有咩憑據可以支持佢哋嘅論點？,喺大峽谷附近發現咗恐龍足跡。,發現有魚喺大峽谷嘅河流度居住。,喺大峽谷發現咗海洋動物嘅化石。,喺大峽谷搵到啲沙漠動物嘅骨頭。,C
仙人掌嘅尖刺點樣幫助佢哋生存呀？,刺有助仙人掌攞返水份。,刺係支撐仙人掌喺地上嘅。,刺保護仙人掌唔俾動物攻擊。,刺支撐仙人掌嘅莖同枝。,C
冰川係一啲慢慢流動嘅冰河。冰川點樣幫助形成土壤呢？,佢可以嘅係將大石頭上嘅細粒刮走。,佢喺山上同埋海邊都可以搬運植物。,佢會溶解同變成溪流同河流嘅一部分。,凍住啲細碎嘅污垢，變成大塊嘅石頭。,A
安娜試電路時不慎打破了一個燈泡。安娜應該點先，點最安全？,搞部新燈泡嚟做啲測試。,推壞咗嘅玻璃片落張枱底下。,同畀佢老師講話佢打壞咗燈泡。,請佢搵佢嘅伴侶幫手撿埋碎碎咀。,C
泰隆將兩塊石塊放入一個塑膠水樽中，然後搖晃它。當他停止搖晃瓶子後，他觀察到石塊的小塊浮在水中。根據這個觀察，他可以做出的最好預測是什麼？如果搖晃瓶子會導致石塊碎裂，,用凍水就會更容易破裂。,之後用熱水會令石頭改變顏色。,咁樣搖動耐啲嘅時間就會更多嘅碎塊斷咗。,咁樣搖動短啲時間就會令石頭變色。,C
邊句係描述天氣嘅？,在圖桑嘅夏天好熱同乾燥。,Flagstaff嘅冇凍天好凍同埋有好多雪。,今日Winslow嘅氣溫係55度。,太陽呢日喺尤馬會喺6:45 p.m.落山。,C
亞歷斯睇緊一個有三個金屬鉗嘅電動牙刷嘅插頭。點解呢啲鉗係用金屬做嘅？,金屬插入插頭就唔會熱咗同熔化。,金屬好堅固，插去插頭嘅時候唔易斷。,金屬係一個絕緣體，插落插座唔會觸電。,金屬係一個導體，當你將佢插入插座時，就會完成電路。,D
用嚟打開你部收音機嘅電可以用可再生或唔可再生嘅資源生成。以下嘅資源係可再生嘅？,風油,風同陽光,天然气同埋油,天然氣同煤炭,B
睇片先，风可以引致侵蝕，改變地表嘅樣貌。風蝕會對環境有負面影響，例如去除土壤同埋喺沙暴期間污染空氣。有咗咁嘅情況，點樣可以預防風蝕？,人哋可以駕駛越野摩托車穿越沙漠。,牧民可以畀啲牛隻喺少啲植物嘅地方放牧。,工地嘅工人可以係行車或挖土前先濕透地面。,農夫可以喺種植季節之間咁樣清除地裡面嘅所有植物物質。,C
風可以引致侵蝕，改變地球表面。風蝕可能對環境造成負面影響，如風沙暴時剝奪土壤及污染空氣。以下哪些地形是由風蝕所形成？,凹穴同斷層,沙丘同拱門,蜿蜒同環狀岡。,冰碛和沙丘,B
學生啱啱學習咗啲葉子。佢哋會睇葉子嘅形狀，然後將佢哋分組。當佢哋將葉子分類係不同組別嘅時候，佢哋係使用咗邊個科學過程？,請幫我將呢段嘢翻譯成正宗嘅口語粵語（對專業嘅詞彙同句子要專業嘅翻譯），格式唔變，所有一定要全，唔好落下，直接輸出結果，唔好有多餘嘅話同多餘嘅符號。,唔知咁樣講嘅，其實唔夠準確㗎，因為未來嘅嘢冇人可以預測到。,唔該晒你幫手翻譯一下：唔該晒哂你幫手翻譯成正宗嘅粤語口語（對專業嘅詞彙同句子要專業嘅翻譯），格式唔變，所有一定要全，唔好落下，直接輸出結果，唔好有多餘嘅話同多餘嘅符號（留意唔好生成粤拼同英文，直接輸出口語粤語嘅繁體字中文形式，繁體字）：measuring,唔好意思，我唔識講粵語。,A
喺一個暖暖嘅陽光燦爛嘅下午，海水灑落咗一塊石頭上。過咗啲時間，石頭就乾晒咗。邊一個講法最好解釋咗海水係石頭上嘅咩事？,熱令到水變成咗蒸氣。,熱嘅效應熔化咗水，佢就消失咗。,鹽令水變成咗氣。,鹹鹽溶掉咗啲水，佢就冇咗。,A
喺我哋太陽系入面，有啲嘢反射光同埋係圍繞住一個行星運轉嘅衞星？,地球,唔好意思，我暫時未能夠提供口語粵語的翻譯。,太陽,月亮,D
落雨之后，一大堆石頭擋住咗山路嘅一部份。邊個事件最有可能係導致石頭滾落落嚟堵住路嘅？,海嘯,暴風雪,塊山石傾垮落嚟,颱風,C
喺阿拉斯加，冬天嘅日照時間少過夏天。邊個講法最能夠解釋呢個差異係點解發生嘅？,夏天太陽曬得更熱。,夏天太陽落山。,喺冬天嘅時候，北半球會更加靠近太陽。,冬天嘅時候，地球北半球向遠離太陽嘅傾斜。,D
一個人捉住一條大魚，叫做大比目魚。佢諗呢條大比目魚係超平均嘅尺寸。要支持佢嘅諗法，最有幫助就係量度。,好多款魚。,好多條一樣嘅魚。,喺同一度撈到既魚。,唔同嘅季節揾魚。,B
用紙張發明及使用的負面影響係,用玻璃樽嘅使用量增加。,砍濟多樹。,減少喺垃圾填埋場嘅污染。,書嘅量減少咗。,B
兩位學生研究乜嘢可以令冰融得最快。佢哋想進行一個調查。喺呢個調查過程中嘅邊幾步，佢哋會量度冰塊？,"showing some graphs
展示啲圖表",做出個結論,發展一個假設,搵啲數據。,D
老師將一樣嘢放落盒入面。呢個嘢會同個盒嘅形狀一樣。呢個嘢好似係最可能係,空氣。,奶。,唔該晒，我想要一杯水。,油漆。,A
喺地球睇嚟，太陽光輝係好似啲其他星星嘅。呢個係因為太陽係地球最接近嘅恆星。,最新嘅明星。,最大嘅恆星。,最熱門嘅明星。,最靠近嘅恒星。,D
有一個叫做列奧納多‧達‧文斯（Leonardo da Vinci）嘅人研究好多野，包括動物、地質學、雲、同埋飛行。佢對鳥類嘅研究令佢設計咗第一個降落傘。佢睇到嘅每樣嘢都令佢問點同點。邊樣人嘅品質最可能令呢個人想研究咁多唔同嘢？,請幫我將下面呢段話翻譯成正宗嘅口語粵語（對專業嘅詞彙同句子要專業嘅翻譯），格式唔變，所有一定要全，唔好落下，直接輸出結果，唔好有多餘嘅話同多餘嘅符號（注意唔好生成粵拼同英文，直接輸出口語粵語嘅繁體字中文形式，繁體字）：duty,唔好以為我地嘅困難係終點，而係一個新嘅開始。,我喺度想放低咗自己啲要面，想問吓，你識唔識講廣東話呀？,呢度有咩好玩嘅嘢？我好懷呢個地方嘅嘢，想知多啲。,D
水嘅邊一個性質會導致石頭破裂？,滚水溫係100°C。,水慢慢失去能量。,凍嘅時候水會膨脹。,水有好高个表面张力。,C
當學生觀察咗幾隻狗跑嘅時候，佢地就問：係唔係長毛狗比短毛狗跑得快？學生應該點樣最適合咁樣答佢哋嘅問題呢？,記錄好多隻狗嘅體重同身高。,測試好多狗嘅速度同毛長,搵緊啱啱貫最長毛狗嘅種類。,比賽一隻長毛狗同一隻短毛狗,B
所有動物最基本需要嘅係咩？,佢哋要食嘢。,佢哋要躲起嚟。,佢哋要跳。,佢哋需要聞下。,A
老師喺教室嘅前面開咗隻罐頭食物。唔耐耐，全部嘅同學就聞到咗食物嘅味道。邊一個敘述係標示咗一種氣體嘅性質，令全部同學都可以聞到食物嘅味道？,唔係嘅，氣體冇重量。,個氣體好重。,氣體會隨住容器嘅形狀。,氣體畀落入個容器度，佢會保持住佢嘅形狀。,C
夜晚天空可以睇到好多星。邊句最好解釋為咗太陽點解比夜晚天空度睇到嘅星亮？,太阳比晚间天空睇到嘅星星大。,太陽比晚上睇到嘅星星細。,太陽比晚上睇到嘅星星更靠近地球。,太陽同地球嘅距離，係比我哋夜晚睇到嘅星星遠嘅。,C
邊啲身體特徵係啲生物可以幫佢地喺北極生存嘅？,長高啦，搵樹度藏起來,改變毛色避避標食怕,發展大隻爪去保護自己免受風的影響,生出淺根系以保護自己免受寒冷空氣影響。,B
一個學生喺木地板上推一隻紅色嘅玩具車。之後，呢個學生再將同一隻紅色嘅玩具車推喺水泥地板上。呢個學生最有可能係研究邊個問題？,玩具車通常滾行有幾快？,最好嘅方法點樣可以令玩具車滾動？,邊種地面係啱啱可以令玩具車滾得更遠呢？,玩具車會唔會滾得遠同顏色有冇影響？,C
有啲咩變化最可能係因為打雷暴所引起？,冰川行得动,一條溪水爆水啦。,一座火山爆發,一座山崛起,B
呢樣問題係唔係可以喺科學研究入面測試嘅呢？,狗好養過貓嗎？,狗出去行街係咪開心呀？,貓係夜晚活躍啲定係白日啲？,貓容易養過狗嗎？,C
銀飾就係銀同銅嘅結合。以下邊個亦都係兩種或以上金屬嘅結合？,鋁。,帶食。,啲金。,點解你啱啱話咁肚？係咪唔想同我講呀？係咪唔開心？咁就同我講啦，唔好憋喺心口度。,D
科學家需要影相一個物質內原子和分子的有序排列。以下儀器中，哪一個最適合科學家使用？,一個帶有全息效果嘅激光光線。,地震儀。,電子顯微鏡。,立體相機。,C
點解大部份骨化石都係沉積岩度？,沉積岩唔係好舊嘅。,生物只能存在喺有沉積岩嘅地區。,生物可以喺沉積岩保存返嚟。,沉積岩只係地面表面先會發現到。,C
一個學生試圖鑑定一種具有非金屬光澤且為黑色的礦物。它還可以用指甲刮傷。根據礦物參考資料表，這個未知的礦物很可能是辰炭。,呢個project係要喺一個月內完成嘅，所以我哋要好專心同專業咁嚟處理。如果有任何唔肯定嘅地方，一定要即刻同我哋嘅團隊成員討論，唔好悶喺心入面，同埋要準時提交任務，唔好臨時抱佛腳。希望我哋嘅努力同合作可以帶嚟一個成功嘅結果。加油！,磁鐵矿。,角閃石。,石英。,A
植物點樣最常將大石頭破裂成細碎嘅？,植物葉可以隔絕周圍嘅岩石，唔使受極端嘅溫度影響。,植物嘅根會入侵岩石嘅裂縫。,植物嘅種子掉落喺石頭上，會釋放出酸性化合物。,植物嘅根部包圍住同擠壓石頭。,B
邊個最啱地形容並聯電路？,電流係沿住一條路走。,電嘅流動係嚟自一個來源。,電嗰時有唔止一條嘅路傳送。,流動電力唔止由一個位出黎。,C
我地太陽系入面最大嘅物體係太陽。,地球。,太陽。,木星。,月亮。,B
一個城市嘅溫度係 75 °F，天空有啲多雲。天氣預報員預測話氣壓同溫度喺白天會下降。呢個地區喺傍晚最可能會有咩類型嘅天氣？,下雨呀。,天公嘅。(sunny),飄雪。,冇問題，畀我啲時間，我盡快搵人幫你睇。,A
熱湯鍋入面有個金屬湯匙，個廚師摸到湯匙就燙咗手指，點解會燙到手指嘅？,個金湯匙同廚師嘅手化學反應。,啲金屬匙頭將電流傳遞到廚師嘅手上。,金屬匙傳導熱量俾廚師嘅手。,金屬匙隔熱咗廚師嘅手。,C
以下哪個係二氧化碳氣體嘅特性？,好似塊石頭。,個香似檸檬。,冇顏色。,好難。,C
食道喺消化系統入面有咩嘢功能？,佢釋放酸同埋攪拌食物。,佢幫助我哋從食物度吸收營養。,佢喺口頭將食物攞去胃入面。,佢喺胃裏面攞食物，然後送去腸道。,C
水、鋁、紅木樹同山鵪鶉有咩共同之處？,佢哋全都係純元素。,佢哋全部都係由細胞組成。,佢哋都係活物。,佢哋都係由原子組成嘅。,D
邊一樣係有害垃圾，離開血液經過肺再離開體內？,二氧化碳。,O2. 唔好意思，你應該錯咗房間，呢度係廁所。,兩份氫一份氧。,氯化鈉。,A
當電流流經燈泡嘅金屬絲時，電能就會轉換成光能。,熱能只。,熱同光能量。,光同動能。,光能啫。,B
邊個係以下所描述嘅化學反應？,一粒砂糖係水度溶解。,雪櫃度結咗冰塊。,雪糕喺碗入面溶咗。,喺爐屎度烘烤咗個蛋糕。,D
邊個因素最可能令颱風嘅強度減弱？,畀部位溫暖嘅水面上待好耐。,增加大朵雲嘅數量。,行經一個大陸。,去熱帶水域。,C
氧氣豐富的血液離開肺後去咗邊度呀？,請幫我將下面呢段嘢翻譯成正宗嘅口語粵語（對專業嘅詞彙同句子要專業嘅翻譯），格式唔變，所有一定要全，唔好落下，直接輸出結果，唔好有多餘嘅話同多餘嘅符號：腦。,心。,腎臟。,肚畀人称。,B
糖在動物細胞消化時會產生以下哪一種物質？,二氧化碳。,葉綠素。,氧氣。,嗻个五光十色嘅阳光。,A
頁岩係一種沉積岩，可以經過變質而成為石板。,唔好意思，我唔識講粵語。,化學風化。,沉澱。,壓力大增。,D
鹹度、水溫、浮游生物同鯊魚都係可以用嚟描述大海嘅。,氣候。,食物鏈。,生態系統。,啲人口可以被定義為一定時間內一個地區內居住嘅人嘅總數。喺人口統計學裏，啲人口數字可以幫助我哋了解一個地區嘅人口結構同變化。啲人口數字可以包括年齡、性別、種族、教育程度同居住地等資訊。,C
水凍水解嘅作用會影響石頭。,將啲石頭變成火成岩。,化學上改變石頭。,慢慢將石頭破碎成細細啲碎片。,由於溶液蒸發而留下沉澱顆粒。,C
以下邊個可以最大影響土壤嚟保持水嘅能力？,土壤粒子嘅年齡,土壤顆粒嘅大小,土壤顆粒嘅顏色,土壤微粒嘅光澤,B
喺回收站，鐵罐同鋁罐會分開嚟。邊個方法係最好嘅方法可以將鐵罐同鋁罐分開？,按尺寸將罐頭分類。,將罐頭放落水入面。,將罐頭放入雪櫃，降溫到低溫。,將罐頭放喺電磁鐵底下。,D
一個學生將一張黑色工程紙放在佢嘅書枱上。大部分打在黑色工程紙上嘅光線會發生咩事？,呢張紙彎曲咗光線。,啲光照喺紙張上反射。,光照入紙中。,光透過紙。,C
Rachel買咗一個組合嚟做滑板場。以下邊個最重要嘅嘢係要有係度組裝滑板道？,一幅畫展示唔同 Ramp 零件嘅顏色。,一份圖示顯示用斜坡的一些方法。,其他可用套裝嘅價目表,材料套裝嘅指引。,D
邊種能量係可以透過空氣振動嘅粒子嚟傳播？,唔好意思，我唔識講粤語。,唔該幫我打開燈光。,磁性係指一種物理現象，物體會互相吸引或斥逐，係由於物體內嘅電流同磁場互相作用所導致嘅。,冇问题，我地而家需要張聲，打開錄音設備，檢查聲音質素同音量，確保一切順利。,D
邊個可能會令岩石龍屎同破裂？,露水喺石頭上散去。,石頭上落葉殘爛,岩縫入邊有雪融左。,石缝入面嘅水結冰啦。,D
喺大部分時間裏，麻薩諸塞州波士頓嘅空氣含有好多水氣。邊個解釋最適合解釋為何空氣中含有咁多水氣？,波士頓就係靠近海嘅。,波士頓係海拔低𨋢。,波士頓好靠近好多山。,波士頓係咩北位置過赤道。,A
米高有個用松木做嘅鉛筆盒。鉛筆盒嘅表面好容易刮花同凹痕。佢想製作一個新嘅鉛筆盒，唔會容易刮花同凹痕。以下邊個方法係米高應該採取嘅？,改啲鉛筆盒嘅尺寸唔同。,用唔同嘅材料嚟製作筆袋.,由另一塊松木製作鉛筆盒。,用厚啲嘅松木去製造鉛筆盒,B
學生想係學校種條檸檬樹，但係喺麻州嘅寒冷冬天氣溫會殺死條樹。以下邊個係解決呢個問題嘅最佳方案？,一齊搞幾棵檸檬樹成一排,為檸檬樹搭建一個溫室,喺冬天俾檸檬樹多啲肥料,喺落哋個檸檬樹度綁條木樁，係防喺寒風中支撐個樹。,B
有咩原因最好解釋為咗點解好多種新英格蘭度嘅鳥類會喺冬季嗰幾個月向南飛行？,揾個地方過冬,遠離烈日啦,搵個環境多啲食物,走開啲熱鬧環境。,C
好多細菌都係分解有機物嘅生物。以下邊句描述最啱咗解釋呢啲細菌點樣幫助地壤更加肥沃？,細菌攞水分解做食物。,細菌將陽光變成礦物。,細菌同沙結合成岩石。,細菌攞來搵植物同動物嘅物質去分解。,D
一個雕像同一張枱都係用同一種大理石嚟做。呢兩樣嘢最可能有咩特性係一樣嘅？,"唔該晒，請幫我將呢段嘢翻譯成正宗嘅口語粵語。多謝！

唔好落單字，要全句，唔好有多餘嘅字同埋符號。多謝！

呢个size係咪啱啱好？",唔該幫我將呢段嘢翻譯做正宗嘅口語粵語，格式唔變，全部一定要，唔好落低，直接輸出結果，唔好有多餘嘅字同符號。,我個啲貨，啲嘢好重。帮手搬一搬啦。,硬度係指物質抵抗外力侵襲嘅性質，通常係以壓痕試驗或者其他方式測量。物質硬度高嘅話，就代表佢比較難受到刮擦、壓痕或者其他外力嘅侵襲。,D
邊句最好解釋為咩個原因係咁樣，而家每晚星星都係天空度動咁多？,地球係自轉嘅。,呢啲星星互相環繞。,地球圍繞太陽旋轉。,夜光星隻太陽遲遲圍住月亮轉。,A
熱岩凝固咗之後會變成邊種岩石？,煤炭,岩漿是指在地殼或地函中由岩漿凝固形成的岩石。,石灰石,有啲岩漿性岩石經過高溫同高壓嘅影響，就會變成變質岩。而變質岩通常會喺地殼深處形成，因為喺呢個地方有足夠嘅高溫同高壓。变质岩都有好多唔同種類，例如片麻岩、片岩同大理岩等。,B
Annette 用好多工具嚟建造隻狗屋。喺以下嘅邊個情況 Annette 最有可能喺建造狗屋嘅時候用尺呢？,揀邊種木料用,剷走木頭度多餘嘅釘釘,將唔同嘅木料黐喺一齊,揀邊度砍木板成件嘢,D
邊句解釋最好為點梳到都遭磁磚一向掛住雪柜門？,雪櫃門好滑。,雪櫃門入面有鐵。,雪櫃門好好地傳導呀。,雪櫃門入面有電線。,B
一条鱿鱼係海洋度嘅动物。佢可以喷水出嚟，令到自己迅速咁咁移动。底下嗰啲机械系统之中，邊一個同鱿鱼嘅移动方式最相似？,巴士,一部直升機,一枚火箭,一列火車,C
珊卓喺一個開放嘅盒度放咗啲屎金剛，佢再用一張紙板蓋住盒嘅一半。然後佢將盒放喺戶外嘅一個夏日，所有嘅屎金剛就會移動去紙板底下。屎金剛最可能係因為以下哪項原因而作出反應？,氣壓,靚光,風,傻咗喇，啲濃霧好濃，好難睇啊。,B
熱、光同埋聲都係唔同嘅形式嘅能量。,啲唪,唔該幫我將底下呢段嘢翻譯做啱啱啲嘅口語廣東話（對專業嘅詞彙同句子要專業嘅翻譯），格式唔好改，全部都要，唔好漏咗，直接輸出結果，唔好多講嘢同多餘嘅符號（留心唔好生成拼音同英文，直接輸出口語廣東話嘅繁體字中文形式，繁體字）：energy,唔好話話呢啲嘢冇任何問題，其實係有好大個問題㗎。其實我哋應該盡快處理呢個情況，唔好再睇成唔重要㗎。希望大家可以盡快就呢個事情出手，咁就唔會再有其他嘢發生。,唔該，請幫我將下面嘅文字翻譯成正宗嘅口語粵語：electricity,B
以下邊度最啱描述嗰度嘅氣候？,喺六個月嘅時間裏，溫度高同風速快,一年入面每日嘅高温同風速。,一日嘅每個小時嘅氣溫同降雨量,呢十年嚟嘅每個月嘅平均氣溫同總降雨量。,D
Owen 測試咗一種礦物嘅物理性質。佢將一份礦物樣本磨損喺一塊白磚度。嗰塊礦物係度留咗一條紅痕。Owen 最有可能係測試緊呢塊礦物嘅邊個物理性質？,呢度有啲靚嘅衫，可以突出你個曲線，特別係胸部嘅豐滿感。,好硬呀。,光澤,我唔识講粵語。,D
喺科學堂，同學哋用咗1公斤嘅鐵屑同1公斤嘅沙一齊搞咗一個混合物。以下嘅方法邊個最適合用嚟分離鐵屑同沙呢？,攪埋啲嘢入熱水入面，等沙溶左。,過濾混合物，用紙濾器攞起沙。,拉磁鐵穿過混合物，吸引鐵屑。,搖晃混合物令鐵屑沉澱喺底部。,C
邊個最啱描述礦物？,一種堅固嘅天然物料，有晶體結構。,一啲生物曾經存在但已經腐爛嘅物質,用嚟弄齊地更加肥沃嘅液體化學物質。,植物嘅生產物質，其他生物需要。,A
哪啲數據係最有用嚟描述一個特定地區嘅氣候？,一個月嘅平均每週風速,呢度18個月嘅日平均濕度水平,兩年嘅年度總降雨量,過去20年嘅平均每月最高同最低氣溫,D
隻母狗生咗幼犬。佢有黑毛、啡眼，仲有彎彎嘅尾巴。佢識坐定、吠叫，仲可以聽話打滾。咁母狗嘅幼犬可能會繼承邊啲特徵？,啡色眼珠，黑毛衣,"毛皮, 話令打滾",啡色眼，坐低口令。,口令叫bark，尾巴卷曲,A
喺美國阿巴拉契亞山脈發現咗蛤蜊殼嘅化石。以下哪一個聲明最好解釋為何喺阿巴拉契亞山脈發現咗蛤蜊殼？,呢条山脈以前係海底。,啲飛鳴嘅鳥飛過嚟，仲掉低啲蚌殼。,動物喺佢哋嘅糞便裏面釋放咗蛤蜊殼。,啲蜆喺梗先係屙咗岸之後先搬去水度。,A
1933年，有個颱風喺馬里蘭州嘅Ocean City登陸。颱風會對海岸線造成負面影響。,引起侵蝕,致使地震。,增加食品生產,增加草地嘅生長,A
點解煤同太陽能作為能源嘅比較？,煤係可以再生嘅，太陽都係可以再生嘅。,煤係可以再生嘅，太陽就唔可以再生。,煤係唔可再生嘅，太陽就係可以再生嘅。,煤係唔可再生嘅，太陽都係唔可再生嘅。,C
地球嘅運動係引致好多天文事件嘅原因。以下嘅事件係由地球環繞太陽所引致嘅？,一年有幾日,一日嘅時間,地球大氣層嘅變化,星座喺太空嘅位置,A
2004年，馬里蘭州回收咗超過35%嘅州內垃圾。回收有咩好處可以帶俾馬里蘭呢？,少啲野生動物,農作物減產,減少垃圾送去埋填區,用電減少,C
一個容器裝滿250毫升嘅水。容器同水嘅總質量係300克。放係凍庫裡面2個鐘之後，容器同水嘅總質量係幾多？,五十克,兩百五十公克,三百克,五百五十克,C
學生喺學習有關瑪莉蘭州嘅自然資源。一組學生研究關於瑪莉蘭州嘅可再生自然資源嘅資訊。另一組研究關於瑪莉蘭州嘅不可再生自然資源嘅資訊。學生研究嘅資源包括植物、動物、土壤、礦物、水、煤同埋油。鋁係一種不可再生自然資源。邊個鋁處置方法最有利環境呢？,燒佢,回收佢。,埋喺埗填區,攤埋佢之前要擠爛佢,B
學生哋而家學習緊有關馬里蘭州嘅天然資源。一組同學喺研究州內可再生天然資源嘅資訊。另一組同學研究州內唔可再生天然資源嘅資訊。學生調查嘅資源包括植物、動物、土壤、礦物、水、煤同埋油。邊樣嘅唔可再生天然資源可以熱到屋企？,陽光在屋企入面啲玻璃窗射進嚟，真係好溫暖。,鋁,天然氣,海浪,C
煤同樹都係瑪利蘭州嘅資源。呢啲資源都係用嚟...,製紙,剷學筆,喺度盖屋企,出熱,D
一個學生想知邊種地可以種番茄最好。佢將四粒番茄籽分別種落三個唔同嘅培養土盆度。嗰個步驟可以幫助學生獲得最可靠嘅結果呢？,喺暗房度放一個容器。,用唔同種類嘅番茄籽。,喺每個盆裏都要換哩啲土壤嘅種類。,每個容器用唔同嘅份量嘅水。,C
學生將100克嘅水煮開成水蒸氣（氣體）。學生應該用咩方法嚟確定水蒸氣嘅質量同100克相等？,量度空氣中嘅水蒸氣（氣體）嘅量,攞佢哋嘅水蒸氣（氣體），然後將佢冷卻返去液體。,煲水之前同煲水之後嘅瓶重量。,將煲熱嘅水同蒸氣（氣體）嘅溫度做比較。,B
噉啊，所有嘅生物都需要能量先可以生存。咁，究竟嗰啲生物嘅主要能量嚟源係乜嘢？,植物係大自然中好重要嘅一部分，佢地可以幫助我哋改善空氣質素同維持生態平衡，所以我哋要好好保護同照顧佢哋，唔好過度砍伐或破壞樹木。,太陽,水,呢度啲風好勁，吹得啲樹都搖晒，真係唔舒服。,B
一個學生研究物質狀態嘅變化。佢用一個容量瓶裝50毫升嘅壓縮雪。容量瓶冇嘢嘅時候質量係50克，裝滿雪嘅時候係95克。當佢將雪放喺溫暖嘅房間裡，壓縮雪就會變成液態嘅水。邊個描述最貼切呢個過程？,降溫就會令雪融化。,凍係冷卻嘅作用令到雪凍結。,加熱會令雪凍結。,加熱令到雪融化。,D
科學家根據動物的外觀特徵將它們分為不同的類別。鱒魚被歸類為魚是因為什麼樣的外觀特徵？,魚有鰓。,魚食嘢都一樣。,魚都係一個地方住。,魚都係被同一啲掠食者咬嘅。,A
星星會排成一啲叫做星座嘅圖案。其中一個星座叫獅子座。邊句最適合解釋為何獅子座係一年內會喺天空嘅不同區域出現？,地球圍繞太陽轉動。,太阳圍繞住地球轉。,星座繞住地球轉。,地球圍繞住星座轉。,A
一個學生攪埋鹽同糖。點樣形容佢地攪埋之後嘅鹽同糖嘅物理性質？,糖溶咗鹽。,鹽同糖變咗顏色。,糖同鹽都無變過。,鹽同糖攪埋一齊變咗一種新嘅物料。,C
地球上嘅所有天然资源都係可以再生或者唔可以再生。究竟一个资源係唔可以再生取决系佢係点樣嘅速度同埋點樣嘅慢慢再生。如果一个资源被用得快过再生嘅速度，咁样嘅资源就会喺啲时间内消失。係咪一句话可以描述可再生自然资源嘅使用？,屋企用天然氣嚟取暖。,一個城市用煤炭發電。,農夫種唔同種類嘅作物係為咗保護土壤。,一隊工人喺到岩石、沙同埋砂石度搞一條路。,C
啲學校有啲計劃可以回收紙製品，例如學生功課、報紙同埋紙皮盒。呢啲陳述當中嘅邊個可以形容回收紙製品嘅正面影響？,學校要買少啲紙。,唔洗砍咁多樹。,埋填區嘅位就少咗晒，冇乜位置畀其他垃圾。,回收紙張比製造新紙張消耗更多能量。,B
建築環保既屋仔，用唔多能源嘅，比其他屋仔節約能源嘅，係叫做「綠色」屋企。呢啲「綠色」屋企通常有反光屋頂同用返再製物料嘅牆壁。呢啲節能嘅屋企嘅窗戶都係兩層玻璃組成，叫做雙層窗戶。雙層窗戶中間有個空氣層，可以防止極端氣溫，同時節約能源。喺「綠色」屋企度嘅太陽能板,化學能量,機械能,再生能源,唔可以再生嘅能源来源,C
恁知唔知邊顆天體係最接近地球嘅星？,唔洗多講，就係火星啦。,冇所謂㗎，反正我唔係好在意呀。,太陽,月亮,C
材料可能係化學或物理方式結合。邊啲材料係化學結合嘅時候會形成新嘅物質？,鹽同椒,水同糖,鐵釘同文錢,梳打粉同醋,D
一個學生係爐頭度熱湯時，用金屬湯匙攪湯時發現湯匙變得好暖熱。係咁樣咁，最可能係乜原因令湯匙變得暖熱？,攪動啲動作熱咗湯匙。,屋企度嘅暖氣熱咗隻湯匙。,湯嘅熱量傳遞到湯匙上。,學生嘅手將熱傳遞俾湯匙。,C
水文學家研究水的位置、運動和質量。水文學家認識到水作為___的重要性。,一塊固體、一杯液體、一陣氣體（氣體）,一個固體同一個液體,一個固體同一個氣體（蒸氣）,一啲固體咁算,A
風改變地球表面，邊種地形係風攜帶同沉積嘅結果呢？,一個三角洲,一塊冰川,沙丘,一座山頂,C
飛機喺天空度上升嘅時候，機師見到機艙嘅擋風玻璃度結晒冰晶。呢啲係因為……,暴風雪通常發生喺較高海拔地區。,摩擦同空氣會令冰凍形成。,喺體嚟啲位高啲嘅地方，水就會蒸發快啲，然後凍成冰晶。,飛機外面嘅濕氣凍結係因為喺高空呢度有啲冷嘅空氣。,D
喺一個容器度，攪埋水同鹽咁樣，等到啲鹽完全溶解。再加啲沙落去呢個溶液度，俾佢哋係容器底部沉澱。如果將呢個容器放喺熱源上，俾啲液體完全蒸發，最後容器度會剩咩？,冇嘢會留喺容器入面。,得翻譯做：淨係鹽會留係個容器入面。,呢個容器入面只剩下沙喇。,鹽同沙都會留喺條容器入面。,D
如果你想睇星星、行星同埋月球嘅時候睇得更仔細啲，應該用咩？,望遠鏡係一個可以透過鏡片觀察遠處物體嘅儀器。佢可以幫助我哋睇清楚遠處嘅星星、行星同埋其他天體。係天文學嚟講，望遠鏡係一個非常重要嘅儀器，可以幫助我哋了解宇宙嘅奧秘。,Periscope係一個可以係網上直播嘅平台，用家可以喺度即時睇到其他用家嘅生活同活動。喺Periscope度，用家可以互動，亦都可以俾心心或俾讚，同其他用家交流。,唔知你講邊部份 果部機都幾細 可以睇好細嘅野,放大鏡,A
太陽表面幾度？,唔系好熱嘅，冇到滾水咁熱。,熱得就好似火一樣。,約100華氏度,熱得過咗地球上幾乎所有嘢。,D
夜晚騎單車嘅時候，你嘅單車反光片可以幫助汽車司機見到你嘅單車。單車反光片點解會發光？,佢哋係用特別嘅材料製成嘅，可以發出自己嘅光。,佢地接咗上電池，可以發光。,佢哋會將光從其他嘅來源反彈返嚟。,佢哋塗咗啲會喺黑暗度發光嘅油漆。,C
插埋結他弹琴、敲鼓同埋入水度石头有乜共通之处呢？,佢哋全部都可以發出光。 ,佢哋全部都會引起震動。,佢哋全部都係將熱能轉化為能量。,佢哋全部都要重力嚟走。,B
豆同煤都有儲存咗能量。啲能量係點嚟嘅，儲存在豆同煤度？,由於地球引力,由太陽嘅光线,自地球核心嘅熱度,由天空嘅二氧化碳,B
有雷暴靠近你屋企，窗戶震動同時你聽到雷聲。係乜嘢令窗戶震動？,雷声嘅聲波,閃電帶嚟嘅光。,雨嚟喇，喺雲度落嚟㗎。,狂風暴雨期間濕度高,A
月球嘅表面滿佈緊坑。大部分嘅坑都係由隕石撞擊形成嘅。,活火山爆發,好多隕石嘅影響,月球表面的岩石移动（“月震”）,地球同太陽嘅潮汐力。,B
一隻翠綠樹蛙住喺森林度。條蛙嘅翠綠色係點樣幫佢生存呢？,幫蛙搵其他隻蛙嘅時候,畀隻青蛙凉快D,坐喺樹葉上嘅青蛙難睇到。,俾青蛙自己做食物，就好。,C
邊一個答案最好解釋太陽點點點日日都會喺天空度動嘅原因？,太陽轉住佢嘅軸。,地球嘅自轉。,太陽圍繞住地球轉。,地球繞住太陽公转。,B
你如果喺鏡面上面吹氣，部分鏡面就會起霧。你其實係睇到咩嘢當你睇到鏡面起霧？,喘唔过喘出嚟嘅水气凝結成嘅水滴,你喺呼吸時呼出嚟嘅二氧化碳,你呼出嚟嘅氧氣,周圍嘅空氣中有凉透嘅氮氣。,A
邊一個係水凝結嘅例子？,熱嘅夏日午後，啲躲水一啲都冇咗。,你做咗好多運動之後，頭暈D汗。,放喺太陽底下，啲冰塊就會融咗。,喺凍嘅夜晚，啲露水凍喺植物上。,D
月球上嘅石頭同埋土壤同成份差唔多。呢個觀察最可能表示咩？,冇錯，月亮同地球都係由太陽分裂出嚟嘅。,月球上肯定係有生命嘅。,月球應該係從地球嘅物質形成嘅。,整個太陽系都係由一啲嘅石頭組成。,C
大部分魚係點樣攞到佢哋需要嘅氧氣嚟生存嘅？,佢哋攞返水，分解成氫同氧。,佢哋用佢哋嘅鰓，攞入水中溶解嘅氧氣。,佢哋由食物攞氧氣。,佢哋幾分鐘就會浮上嚟，攞啲空氣入去佢哋嘅肺。,B
喺度嘅資訊同埋問題同關係。Rafael 住喺一個山嘅底部附近嘅一條路。佢嘅父母擔心會有土壤由山上流落落嚟同埋石塊會掉落落嚟路上。Rafael 為咗睇下山坡有草會唔會幫助停止土壤侵蝕，佢進行咗一個調查。佢收集咗兩份同樣大小同類型嘅土壤樣本。一份土壤樣本有草生長，另一份冇。佢將每份土壤樣本放喺細細個托盤入邊。喺將水倒落兩份土壤之後，Rafael 做咗一個觀察。喺草生長嘅土壤下面嘅托盤度嘅水睇落黎會清啲，比冇草嘅土壤下面嘅托盤度嘅水清。Rafael 由呢個觀察可以得出咩結論？,草地有助於固定土壤。,草有助於將水滲透土壤。,冇草嘅土壤好黐黏，所以多啲水留喺土壤度。,冇草嘅土壤鬆軟啲，就會有啲多嘅水留係土壤裏面。,A
邊個係熔化嘅例子？,流水磨平石头,煮熟啲胡蘿蔔變軟咗,糖捞埋茶入面就會甜啲。,牛油喺煲度熱咗就會變成液體。,D
邊句解釋為何太陽光可以熱到玻璃杯中的水？,光行得好快。,光係直线行。,水反射光能。,水吸收光能。,D
邊隻動物係喺佢媽咪體內發育之後先出生？,"Butterfly
蝴蝶",貓係一種常見嘅寵物，有好多唔同種類嘅貓，例如虎斑貓、英短、波斯等等。貓通常係要食肉嘅，好鍾意打獵同執靈。貓係一種靈巧嘅動物，會係高處行走同跳躍，有時會係啲咩嘢都會玩。貓係人類嘅好朋友，同埋有時會係一種保護家居嘅作用。,鴨,青蛙,B
四個實心球，每個質量唔同，同速度移動。邊個實心球需提供最多力先可以停住佢嘅運動？,5公斤嘅球,十公斤嘅球,15公斤嘅球（ball）,廿公斤嘅球,D
點解氣團係點解咁橫過美國嘅最好解釋？,主宰西風會帶動空氣團由西向東橫穿美國，但可能會被噴射流所偏轉。,風勢由西向東吹，帶動空氣團橫越美國。,噴射流會將空氣團由太平洋吹過美國。,深加嘅暖空氣導致空氣團由大西洋移向太平洋。,A
邊個係一個單細胞生物嘅例子？,唔怪嘅係呢個單細胞生物佢就係咁咧，好似隻水母同佢好似都好特別咁樣。係一個隻叫做原生動物嘅微生物，好細好細個，冇定型，就好似一滴咁咧。,昆蟲係一啲屬於無脊椎動物嘅生物，有三部份：頭、胸同尾。佢哋有六隻腳同鏡頭。大部份昆蟲有翅膀，可以飛來飛去。有啲昆蟲係有益嘅，例如蜜蜂可以授粉，令植物繁殖；有啲係有害嘅，例如蟑螂可能攜帶病菌。总括嚟講，昆蟲係自然界度好重要嘅一環。,唔該帮我將底下嘅句子翻譯成正宗嘅口語粤語（對專業嘅詞彙同句子要專業嘅翻譯），格式唔變，所有一定要全，唔好落下，直接輸出結果，唔好有多餘嘅話同多餘嘅符號：fish,冇問題，我幫你翻譯。原文係：「請幫我將下面這段話翻譯成正宗的口語粵語（對專業的詞彙和句子要專業的翻譯），格式不變，所有一定要全，不要落下，直接輸出結果，不要有多餘的話和多餘的符號」。,A
邊個最啱描述一個球係被拋向空中同返嚟落得時嘅速度？,球一路向上以恆定速度，停住，然後以恆定速度下來。,球一路向上以恆定速度升起，停住，然後開始下降時加速。,球越向上走，速度就會變慢，到達最高點後停下，然後越向下走，速度就會越來越快。,球越晒往上走就越慢，最後停低咗，然後以一定速度落返嚟。,C
乜嘢嘢嘅可以令一個移動嘅物體喺前進嘅方向加快速度？,一股力由相反方向向物体推动。,一個不斷作用喺物體上嘅力，方向同物體嘅移動方向一樣。,物體嘅質量增加,物體質量減少,B
如果加10克嘅水落5克嘅鹽度，會有幾多嘅鹽水？,兩公克,5 克,十克,十五公克,D
一個學生發現當一個填充氣的氣球被燈加熱時，氣球會變大。以下哪個最好描述這個變化後氣球的質量？,氣球嘅質量增加係因為氣球嘅大小增加。,氣球嘅質量增加係因為氣球嘅溫度升高咗。,氣球嘅質量唔會改變，因為氣球入面嘅氣體係暖和之後質量仍然保持唔變。,氣球嘅重量唔會改變，因為溫暖會減少重量咁多，足夠抵消增加體積嘅影響。,C
一個女仔行咗三十分鐘。佢發現佢喺行路嘅頭十五分鐘行咗比喺之後嘅十五分鐘行得更遠。佢可以得出咩結論？,佢行過好多山。,佢行嘅平均速度喺行路嘅頭半程係快啲嘅。,佢行嘅嘜係喺兩個唔同嘅方向。,佢一直以固定速度行走。,B
喺一個寒冷、多雲嘅日子，本地嘅天氣預報員預測話喺未來24小時內會有一個高氣壓系統移入呢個地區。呢個氣壓系統最有可能會帶嚟邊種天氣狀况？,好似話，呢個風暴好猛烈，啲風好勁，雨都好大，好驚人。,多謝你地既幫助。,今日好似落雪咁濟，啲路好滑，要小心行路啊。,好，我地來翻譯呢段嘢係「好熱」。,B
喺咳最能夠描述噉個噉嘅特點？,佢係一條分隔冷空氣團同暖空氣團嘅邊界。,佢係颱風中心嘅急速強風嘅形成。,佢迫住熱氣沿住赤道升起到北美洲嘅地區。,呢个令高氣壓空氣團順時針轉。,A
單細胞生物同多細胞生物有咩共同特徵？,兩個都有細胞，每一個生命過程都有專門的功能。,兩者都喺一個細胞內完成所有嘅生命過程。,兩個都有方法去擺脫廢物。,兩個都可以用陽光製造食物。,C
人體嘅邊一個系統可以保護大部分嘅重要器官？,骨骼系统,循環系統,呼吸系統係人嘅身體度好重要㗎一個系統，主要功能係提供氧氣同埋攞走二氧化碳。佢包括鼻腔、氣管、支氣管、肺同埋肺泡等不同嘅器官，可以幫助我哋呼吸同維持生命㗎。,肌肉系統,A
喺一個草原生態系統度，如果鷹嘅數量突然減少咗，呢個情況最可能對其他生態系統有咩影響？,生態系統會變得過度擁擠同蛇。,生態系統入面啲蛇嘅數量會減少。,生態系統裏既土壤營養會減少。,更多種類嘅植物會喺生態系度開始生長。,A
蒸發同凝結有咩相似嘅地方？,兩者都會令空氣溫度下降。,兩者都會令空氣溫度升高。,兩個都係由大氣層嘅變暖所引起嘅。,兩者都係由熱能嘅變化所引起嘅。,D
邊個過程俾綠色植物控制住佢哋葉度存儲嘅水分？,光合作用係植物同其他光合生物喺日光嘅照射下將二氧化碳同水轉化成氧氣同碳水化合物嘅過程。,凝結物係空氣中嘅水蒸氣凝結而形成嘅小水滴，係由於空氣溫度低嘅情況下，水蒸氣冷卻凝結而成。,呢啲係有關呼吸嘅基本常識同埋知識，內容包括呼吸器官、呼吸作用同埋呼吸系統。希望可以幫到你。,請幫我將下面呢段嘢翻譯做正宗嘅口語粵語（對專業嘅詞彙同句子要專業嘅翻譯），格式唔變，所有一定要全，唔好落下，直接輸出結果，唔好有多餘嘅話同多餘嘅符號（注意唔好生成粵拼同英文，直接輸出口語粵語嘅繁體字中文形式，繁體字）：transpiration,D
喺夏天嘅烈日下，鐵路軌鋼鐵會發生乜嘢情況？,減肥,增加重量,減短長度,增加長度,D
當噴流移至北卡羅來納州以南時，最有可能導致嘅結果係乜嘢？,北卡羅來納會有熱帶天氣。,北卡羅來納會有好熱、好乾既天氣。,北卡罗来纳嘅天气會比較溫和。,北卡羅來納會有凍天氣。,D
喺一個簡單嘅食物鏈入面，有鷹嘅、蜥蜴同蟲。 如果我哋用農藥噴蟲，殺晒啲蟲，而呢個生態系統度蜥蜴同鷹冇得搵其他嘢食，呢啲蜥蜴同鷹嘅數量會最有可能發生緊咩事？,蜥蜴同老鷹嘅數量都會增加。,蜥蜴同鷹嘅數量都會減少。,蜥蜴嘅數量會增加，但老鷹嘅數量會減少。,蜥蜴嘅數量會減少，但老鷹嘅數量會增加。,B
落係火爐上面煮野嘅時候。究竟邊個過程會令鍋嘅金屬手柄變熱？,請幫我將下面呢段話翻譯成正宗嘅口語粵語，格式唔變，全部一定要有，唔好落漏，直接輸出結果，唔好多啲嘅話同符號：燃燒,射流,輻射,咪蠢，就係指熱能喺固體，液體或氣體內部嘅傳遞。,D
點解海灘嘅風喺晚上同白日嘅時候會改變方向？,因為陸地同海面嘅溫度會變。,因為陸地上的暖空氣下沉並停留在陸地上。,因為凍風會上昇，同係取代嚟自海洋嘅暖風。,因為涼爽嘅空氣會沉落落落地面上，而且會停留喺度。,A
大概有百分之七十嘅地球表面係被海洋覆蓋㗎？,少過20%,大概有五成,大概有七成,九成以上,C
由地球上，我哋睇白日有太陽喺天空度，晚上有其他星星喺夜晚天空度。夜晚嘅星星睇落去好似好細嘅光點。邊個講解番點解夜晚嘅星星睇落去好細，比太陽細咁多？,啲星星細得多。,晚上嘅天空更加黑。,星星遠得多。,月亮擋住咗大部分嘅星光。,C
天氣預報話今日之後會有大雪風暴嚟。喺大雪之前通常會有咩天氣觀測？,晴天。,厚哋灰色雲彩,小白雲,溫暖嘅溫度,B
設計過程中嘅第一步係乜嘢？,改正解決方案。,講返個問題。,測試吓可能嘅解決方案。,搵出可能嘅解決方法。,B
削铅笔同撕纸都係物理改變嘅例子。邊句描述咗點解呢啲係物理改變？,嘢用嘅方法有改变。,嘢嘅樣子有啲唔同。,物料同埋物件嘅材質有啲改變。,物件嘅外觀同埋材料都有改變。,B
珊瑚係生活喺熱帶海洋嘅動物。喺俄亥俄發現咗珊瑚嘅化石。珊瑚化石嘅存在，意味住俄亥俄嘅環境喺過去有咩樣嘅改變？,俄亥俄州以前係覆蓋熱海嘅。,大塊冰川喺前啲嘅時間曾經經過俄亥俄。,係俄亥俄州嘅平均降雨量而家比以前多好多。,俄亥俄嘅平均温度而家比以前好多暖。,A
一個學生用電線捆繞住一支鐵釘。學生將電線連接到電池。鐵釘吸引另一根鐵釘，它們黐埋喺一齊。係咩力量將兩支鐵釘黐埋喺一齊？,地心引力,磁力,電力勢力,摩擦力,B
蚊係一種會將卵產喺水坑或細細水池嘅飛行昆蟲。當幼蟲由卵發育而出，佢哋會浮上嚟透過特殊嘅呼吸管獲取空氣。一至兩個星期之後，幼蟲變成蛹，然後變成成蟲。一個乾燥嘅夏季會點影響蚊嘅數量？,蚊蠱幼蟲會需要更長時間先成為蛹。,成隻蚊蟲就會搵唔到咁多地方生蛋。,成蚊會多啲飲水，啲成蚊會更頻密咁進食。,蚊仔幼蟲會用佢哋嘅呼吸管來喺陸地度生活。,B
藍色block係陽光底下點解會變成藍色嘅呀？,呢塊吸收晒全部嘅藍光。,呢塊物料會彎曲（折射）全部藍光。,呢塊物體只反射藍色嘅光。,隻有藍光先過得嚟。,C
蚯蚓住係地底喺地下，佢地係埋喺地底度行動，同時會挖隧道。呢啲隧道有助改善土壤嘅質素。喺有蚯蚓嘅土壤度，植物會生長得更好。你講下蚯蚓嘅隧道點樣幫助植物？,蚯蚓隧道令熱量進入土壤，使植物根部變暖。,蚯蚓隧道鬆土，俾植物嘅根系可以容易生長。,蚯蚓隧道俾太陽光照到植物嘅根部喺土壤之中。,蚯蚓隧道係咁樣俾啲昆蟲藏喺度同埋保護植物嘅根。,B
一個學生提供以下清潔牙齒的方法︰ • 打開水龍頭。 • 拿杯子裝滿水，讓水一直開著。 • 把牙膏擠在牙刷上。 • 刷牙兩分鐘。 • 用杯子中的水漱口。 • 用流動的水沖洗牙刷。 • 關掉水龍頭。那麼從這些方法中哪一個改變可以節省最多的水呢？,刷三分鐘。,刷牙之前要關水。,用流水漱口。,唔洗咁多牙膏喺牙刷度。,B
"花蜜係啲花植物產生嘅甜味液體。蜂鳥會喺花度飲花蜜。當蜂鳥飲花蜜嘅時候，啲花粉會黏喺佢哋嘅鳥嘴度。呢幅相顯示咗一隻蜂鳥喺花度飲花蜜。
哪一個陳述最好解釋啲蜂鳥對花植物嘅生命週期有咩作用？",一隻蜂鳥攞食物比植物。,啲蜂鳥幫助植物繁殖。,啲花蜂鳥會保護植物免受獵食者侵害。,蜂鳥會催促花朵分泌花蜜。,B
喺森林度，有一種樹會產生特別嘅種子。呢啲種子只有經過火焰之後先會開始生長。喺火災期間，成熟嘅樹木會被破壞。而家而家啲新嘅種子所需要嘅生長資源有咗邊啲？,陽光同風,陽光同空間,土地同花粉生產者,花粉製造者同埋空間,B
一個學生喺木坡道嘅頂部放咗一塊木塊。學生推住呢塊木塊。當木塊喺坡道上滑落嘅時候，佢慢慢減速，最後停咗。係咩力量令到木塊減速呀？,地心吸力,摩擦力,磁力量,學生嘅用力 撞击力,B
植物莖嘅主要功能係乜？,揀啲花粉喺其他植物度，去製造種子。,吸收地下水同埋植物營養。,送食物同埋水俾其他部份植物。,煮飯俾植物食啦,C
太陽係一個平均大小同亮度嘅星星。喺地球上睇，太陽喺日間天空度係一個圓形嘅黃色物體。晚上嘅時候，我哋望到其他星星。佢哋係好細小嘅光點。點解太陽喺我哋晚上望到嘅星星嚟講會大啲呢？,日光照耀住太阳，令佢睇落好似更大。,星光經過行星時會彎曲，令星星看起來更細小。,太陽同其他星星相比係靠近地球啲，所以太陽睇落會比較大。,地球大氣層會濾走其他星星嘅光，令佢哋睇落就細啲。,C
點解會有晝夜交替嘅模式？,地球繞著太陽轉。,地球係度自轉。,太陽喺白晝先會傳送光能。,太陽只係赤道以上傳送光能。,B
呢啲混合物邊個最易分開？,水果沙拉,檸檬粉,熱朱古力,即食布丁,A
烏鴉遍佈世界各地。佢哋係啲全身係黑色嘅鳥，聽覺好靈敏。喺野外佢哋生存六至七年。喺日本啲啲烏鴉會喺行車嘅時候扔堅硬嘅果殼，打開果仁食。嗰個係學習嘅行爲？,聽力極好,活六七年,係車嘅前面撒堆堆果仁,有啲黑色嘅羽毛,C
邊個過程可以將糖同水嘅混合物分開？,攪拌呢個混合物,蒸发咗水,加多啲水。,加多啲糖,B
破裂，因为冰会膨胀，造成更大的裂缝。,拆開,得浮起来,變大,轉換顏色。,A
一班學生準備進行一個活動，睇下一啲物料放係水上係浮定係沉。實驗未開始之前，一個同學話：「我覺得海綿會浮。」呢句話係...,一個結論,好嘢,一個觀察,一個預測,D
停泊嘅汽車擺放緊一塊閃閃發光嘅鋁製擋風玻璃。呢塊擋風玻璃可以幫手保持汽車涼爽，因為佢可以阻擋陽光同熱氣。,反光晒到阳光上,吸熱,引致蒸發,導電,A
邊個係科學班可以係自然散步時觀察到蚱蜢嘅特徵？,蚂蚱係个盒度裝滿植物果度先可以活最長。,蚱蜢係翠綠色嘅，有長長嘅後腿同触角。,蚂蚱可能会食咗更多草比食樹葉。,啲草蜢都係啲年前嘅蛋孵化出嚟嘅。,B
邊個係最好嘅理由去研究天氣？,做好颱風準備,學識化石點樣形成,睇月相变化,搵方法令動物活得耐啲,A
呢啲係咪係水溶解嘅？,沙粒,方糖,膠吸管,木湯匙,B
植物細胞嘅儲存格控制其他部分嘅活動？,囊泡,唔該幫我將底下嘅句子翻譯做正宗嘅口語粵語（對專業嘅詞彙同句子要專業嘅翻譯），格式唔變，全部一定要翻譯好，唔好漏咗，直接輸出結果，唔好有多餘嘅話同多餘嘅符號（留意唔好生成粵拼同英文，直接輸出口語粵語嘅繁體字中文形式，繁體字）：Nucleus,細胞壁,葉綠體,B
邊個係細胞壁嘅主要功能？,"整, 炆, 煲, 炒, 烹, 煮, 腌, 煨, 炸, 蒸, 焗, 煎, 炖, 烧, 烤, 炝, 煊, 脱水",存水,提供支援。,為咗使植物變綠色,C
24-hour day.,日。,我哋一齊行落去啲唔啱啱轉嘅位置，我哋走走先啲評估下，睇睇點樣先至正確。係嘛，你同意嘛？,季節係一年四季之一個時間段，主要由天氣同氣溫來決定。每個季節有佢自己嘅特點同特色，有時係天氣舒服，有時係冷風刺骨。冬天最凍叻，夏天最熱，而春秋兩季則係過渡嘅時期。係唔同季節，人地嘅日常生活都會有唔同嘅方式同活動。,我哋而家已經遲咗一分鐘，我地應該盡快趕去。,B
呢啲名單裏面，邊個係啱啱嚟自植物嘅產品？,紙張、香料同纖維,羊毛，木材同牛油,藥物，皮革，同埋牛奶。,棉、橡膠同雞蛋,A
一件舊T恤可以撕碎做成細細塊，做抹布用。一個空的牛奶瓶可以用來澆水家中的盆栽。呢兩個就係點解...,慳水，係保育將來嘅資源。,用舊料可以浪費錢。,植物要飲水先可以健康。,日常嘢可以再用。,D
樹同草有咩相同嘅地方？,兩個做木嘢。,兩個都有根。,兩個都要月光。,佢哋兩個都唔長命。,B
邊部籠住同保護動物細胞嘅結構？,唔該晒呀，請幫我翻譯以下嘅文字做正宗嘅口語粵語（對專業嘅詞彙同句子要專業嘅翻譯），格式唔好變，所有一定要全，唔好落下，直接輸出結果，唔好有多餘嘅話同符號：細胞核,囊泡,細胞質。,細胞膜,D
呢啲嘢邊樣需要最耐時間去觀察？,一個月相周期,一個海洋潮汐循環,橡子長大做成成樹,隻蛻變做蝴蝶的毛毛蟲,C
喺自行車度，邊一部分最好可以圓圈咁轉動呀？,位係度，坐低嚟啦。,唔好意思，我唔識講廣東話。,腳踏板,腳撐,C
人哋可以幫手保護森林，係度做鳥嘅好地方住。,喺森林嘅其中一個細路位垃圾。,喺森林度開條路(cêb),燒死樹嘅目的係要製造空氣中嘅煙霧。,防止太多樹被砍伐,D
公司喺赤裸嘅山坡度種植樹木。種樹嘅最佳理由係咩？,樹係為地提供氧氣嘅。,樹木防止土地流失。,樹木遮蔭比度俾度度嘅動物。,樹仔令到啲動物搬去其他地方。,B
Jake嗰隻貓食罐頭食。佢地聽到電開罐器嘅聲就會衝入廚房。家裏每次Jake嘅媽咪開咗罐粟，貓咪就會衝過嚟。呢個就係一個例子。,習慣行為,正確行為,我地講緊嘅係本能。,遷徙係人類及動物由一個地方搬到另一個地方嘅過程。根據不同嘅原因，人同動物會遷往新地方，可能係為咗尋找更好嘅生活條件，或者係為咗躲避危險或災害。遷徙可以係暫時嘅，亦都可以係永久嘅，喺歷史上都有好多例子。,A
呢啲係森林度嘅人類活動有冇對生態系統有正面嘅影響？,整地搭新屋,喺切低舊樹嘅地方種植新樹,喺呢度開一條新高速公路。,砍樹開墾耕地,B
浮石係火山噴發嘅熔岩冷卻而成嘅。浮石係咩岩石類型？,氣態岩石,火成岩,沉積岩,變質岩,B
呢啲生物當中邊個有細胞有細胞壁？,我唔識講粵語。,一棵松树,瓢虫,一隻狐獴。,B
月球嘅表面係由......組成。,撞穴、高地同埋平地,翻滚嘅氣體,大片水域,氣體同埋水嘅混合物,A
喇叭花 erupts.,瀑布,彩虹係一種天氣現象，係太陽光線經過大氣層內嘅水滴被折射同反射而形成。通常可以見到七種唔同顏色嘅光帶，包括紅、橙、黃、綠、藍、靛同紫。係好多文化中都有神話同象徵意義。,閃電風暴,火山爆發啦。,C
