"Which correctly arranges three scientific terms-theory, law, and hypothesis-from least to most accepted or tested?","theory, hypothesis, law","hypothesis, law, theory","theory, law, hypothesis","hypothesis, theory, law",D
邊大啲啦，佢個角度係三百六十度。,用嚟示範溫度變化嘅。,用嚟示唔斷改變嘅例子。,用嚟顯示唔係持續嘅改變,用嚟描形一部分數據同全部數據之間嘅關係。,D
因为地球在自转轴上的倾斜而导致的是什么？,潮汐嘅運動,盛行嘅貿易風,氣候嘅季節變化,日夜光暗變幻,C
邊一個人體系可以攻擊入侵身體嘅病毒同細菌？,循環循氣係指我哋身體內嘅血液同氣體係度流動，佢哋經過心臟同血管系統，攞走氧同養分去供應身體各部位，同時攞走廢物去排出體外。循環係身體內好緊要嘅過程，可以幫助身體保持健康同正常運作。,內分泌。,食物經過口腔、食道、胃、小腸、大腸等器官的消化過程，逐步被分解和吸收，最終排出體外。,唔係所有人都會對病毒起咗抗體，因為每個人嘅免疫系統都唔同，有啲人可能會感染咗病毒，但身體自己會製造抗體去對抗佢，所以就唔會再次感染咗同一種病毒。,D
邊部機器可以將動能轉換為電能？,我要買一個新嘅計算機，最好係個 scientific calculator，因為我學緊大學數學同埋物理。希望可以揀到隻方便用嘅，而且方便攞去學校同用。唔好太貴，最重要係好靈敏同耐用。如果有啲特別嘅功能嘅話，都係一個好睇重嘅因素。多謝！,發電機,電動機,電磁鐵,B
全球氣溫升高嘅現象叫乜嘢呢？,暖室效應,全球暖化。,臭氧層破壞,太陽能暖氣,B
邊一個係正確嘅關於數據繪圖嘅敍述？,喺表格度留低數據好過畫圖。,條形圖係最適合科學數據嘅圖表。,對於任何一組數據，只有一個正確嘅圖表或展示方式。,數據可以用好多種唔同嘅圖表顯示，去顯示數據嘅唔同特性。,D
邊一個係導熱嘅例子？,開咗嗰個暖爐,火爐度煲緊水,陽光透過窗戶照進來,湯碗入面熱緊個鐵匙。,D
邊一種不能再生嘅天然資源可以用嚟製造電能？,煤係一種黑色嘅烏黑石材，主要用喺發電廠同埋工業生產過程中發熱同發電。係一種非常重要嘅能源資源，可以係地底深處開採出嚟。coal可以係固體、粉狀、或者液體狀態存在，而且佢嘅熱值幾高，所以係好常用嚟生產能源。,風好大，吹得我都快被吹走啦！真係大風大浪，睇吓，啲樹都被吹得搖擺呀！真係冇得講，風箏都要放得嘹啦！,水族箱係一個好重要嘅設備，可以幫助魚隻生活。要記得定期清洗水族箱，同時檢查水質係咪合適。如果水質唔好，可能會影響魚隻嘅健康。最好係使用適合嘅濾水系統同添加適量嘅水處理劑，同時定期換水。记住要保持水族箱嘅清潔同良好環境，咁樣可以令魚隻健康同舒適。,熱力（thermal）係指一物體內嘅能量同分子運動嘅程度。當物體溫度升高嘅時候，粒子嘅運動就會變得更加劇烈，而能量亦會增加。所以可以話，熱力同物體嘅溫度係息息相關嘅。,A
科學發現有邊啲係真？,所有科學發現都係緊靠觀察，唔係實驗。,有時候科學發現都係無意發現，就好似發現盤尼西林咁。,如果科學家冇辦法提供佢哋發現嘅事情發生嘅準確時間同地點，就會被人唔理會。,所有科學發現都係經政府機構監管㗎，例如食品藥物管理局。,B
乜嘢係唔再生資源？,油係一種常用嘅廚房食材，通常用嚟煎、炒、烤同埋煮嘢。係烹飪嘅過程中，油可以幫手使食物更加香脆同埋增加口感。唔過，要注意唔好用太多油，因為食得太多油可能對健康唔好。,咩係土壤？土壤係地球表面嘅一層，佢包括礎土同埋有機物，係植物生長同培育微生物嘅環境，係生態系統非常重要嘅一部分。土壤係由不同粒徑嘅礦物質、水分、空氣同有機物組成嘅。土壤質地會影響水分保持、通風性、礦物質交換同有機物分解等物理化學屬性，對植物生長發育同環境質素都有很大嘅影響。,食物係好重要嘅，我鍾意食嘢仲過飲啲嘢。每日都要食啲好嘅食物，食得唔好會唔慣。係喺餐廳、街市攤位甚至係屋企煮嘅食物都好得意。食嘢唔單止係填飽肚子，仲可以俾到自己啲能量同埋保持健康。所以，唔好睇輕食物嘅重要性，記得食得岩唔好食得過多。,水,A
邊個改變自然環境會提醒掠食者唔好食一隻動物呢？,鮮豔色調,睇佢隻眼睇得好大、凸出。,幾何形狀,有毒分泌物,A
做科學展覽嘅實驗時，如果數據唔支持假設，應該點做呢？,檢查有冇錯誤，再重新執行實驗。,改個假設嚟啦，令佢同結論一樣添。,改變呢個變數嘅數據就會同咗假設吻合。,唔理佢嗰啲數據，不過係份「科學展」嘅展板就得喇。,A
為咗阿肯色州有四季嚟嘅原因？,地球軸傾斜角度,地球公轉的速度,地球同太陽嘅距離,地球嘅引力係向月球嗰度。,A
最易係水循環調查期間測量邊啲？,風速,臭氧層,天然氣排放,降雨量,D
神經系統最細小嘅結構同功能單位係乜嘢？,請幫我將下面呢段嘢翻譯成正宗嘅口語粤語（對專業嘅詞彙同句子要專業嘅翻譯），格式唔變，所有一定要全，唔好落落，直接輸出結果，唔好有多餘嘅話同多餘嘅符號：腦。,請幫我將下面呢段嘢翻譯成正宗嘅口語粤語，格式唔變，全部一定要，唔好漏嘢，直接輸出結果，唔好有多餘嘅話同符號：機關,神經元係一種特殊嘅細胞，主要負責接收同傳遞神經訊號。每一個神經元都有一個細長嘅軸突同執行不同功能嘅樹突。神經元之間通過突觸連接，互相傳遞神經訊號。神經元係我哋大腦同神經系統嘅基本組成部分，對我哋嘅思維同動作有重要影響。,脊髓,C
義大利科學家阿列山卓·伏打（Alessandro Volta）於1800年發明了伏打電堆（Voltaic pile）。佢可以產生穩定嘅電流。根據呢個描述，伏打電堆嘅現代等價物係咩？,一條電線,電池,一個電阻器,一個燈泡,B
科學家會用咩嘢去模擬行星年嘅成因？,行星質量,行星顏色,行星岩心溫度,一個行星距離太陽的距離,D
一粒人類精子有幾條染色體？,"個人資料, 定位, 面向及操作. 第九章.—友人究竟是甚么的人, 太上感怎麼樣動作的人, 都是特定地人的标準️。","23

唔該幫我將底面呢段嘢翻譯成正宗嘅口語粤語（對專業嘅詞彙同句子要專業嘅翻譯），格式唔使改，全部一定要有，唔好漏咗，直接輸出成果，唔好有多餘嘅話同符號。",四十六,樓上有位網友問到一件關於香港旅遊的問題，嗰個真係唔知點答好。我覺得最好唔好勉強用白話文回覆，因為對方可能唔識睇，唔理解。最好用正宗口語粵語回覆，先至啱晒。希望呢個建議可以幫到你。,B
邊個問題係最易透過科學研究嚟確定嘅？,邊個會係下一個彩票嘅得獎者？,邊支波队会赢返次场波?,種番茄需要咩啲嘅光線量？,邊四種鳥羽毛最靚色？,C
精子有一个特徵，而卵細胞沒有，呢個特徵係乜？,圓形形狀。,尾巴出現,包含基因資訊,參與性生殖。,B
點解探險者去唔識嘅地方會用指南針？,搵一個方向去行路,睇飲用水質素,為咗保護自己免受野獸嘅侵害,去檢測熱帶地區人類的程度,A
用咩量度先至最好去睇太陽能對地球大氣嘅影響？,空氣嘅溫度,大海嘅溫度,天空雲層的密度,雨天嘅降雨量,A
風車主要使用咩種能源？,核能係一種強大嘅能源，可以透過核裂變或核聚變嘅過程產生能量。核裂變係將重元素分裂成較輕嘅元素，而核聚變則係將輕元素融合變成較重嘅元素，而且核能發電無污染同埋效率高。核能係一個重要嘅能源來源，可以為人類提供長期可持續嘅能源供應。,熱能,化学物質,啲嘢唔可以再砌返咗，機械有問題，要換部件啦。,D
邊種冇氣體嘅化合物可以由兩種室溫下係氣體嘅元素製成？,水,鹽係用嚟煮嘢嘅調味品，屬於鹼性物質，一般用嚟加入煮食嘅餐桌鹽就係食用鹽。,鐵氧化物,二氧化碳,A
Frank 需要將一個箱子滑過地板。 邊兩個因素最會影響 Frank 需要用多大力氣推箱？,盒材料嘅密度同地板嘅硬度,盒材料嘅厚度同地板嘅硬度,盒嘅總質量同盒同地板之間嘅摩擦力,盒嘅總高度同佢手同地板嘅距離,C
係植物入面，點樣形容有性生殖但冇無性生殖？,五隻手腳係同棵樹度嫁接咗。,新植物係由其他植物嘅部份生長嚟㗎。,受精卵分裂，生出一個胚胎。,後代會生成同父母一樣嘅基因信息。,C
食鹽係用化學方式組合而成嘅鈉同氯化物，啫，點啱形容食鹽？,酸,撇吓，呢個atom係化學嘅最細個單位，佢包含緊質子同埋中子喺核心，而電子圍繞佢地。量子力學嘅學說指出atom係唔可以無限細嘅，而係有特定嘅能級嘅。每一個元素都有唔同嘅atom組成，而最輕嘅元素係氫。,元素,合成物係指由兩個或以上唔同元素組成嘅化合物，佢地之間有化學鍵結連接。呢啲化合物可以喺實驗室或者工業生產過程中製造出嚟，係現代化學同生物學領域中十分重要嘅一部分。,D
邊個行星有最長嘅行星年？,世界係一個好特別嘅地方，喺呢度有好多唔同種類嘅動物同植物，同埋有好多唔同嘅人類。我们應該好好保護我哋嘅地球，唔好搞破壞。愛護地球，從我做起！,金星,木星,海王星,D
邊一條證據係有關海底擴張嘅？,海洋水中嘅鹽度高。,海洋嘅表面有啲強勁嘅洋流,岩漿係鍋邊發現到嘅冷卻嘅。,海底嘅生物繁殖率更高。,C
太陽能同其他能源點出乜嘢唔同？,太陽能搞嘢係最危險嘅設備。,太陽能係需要最複雜嘅科技。,太陽能嘅供應會維持幾十億年唔變。,太陽能嘅供應導致呢種能源係最便宜嘅一種。,C
邊樣嘅形容方式最適合用黎描述兩個器官系統一齊協作去幫助保持穩態？,生殖器官生产精子或卵子。,神經將訊號從眼睛傳送到大腦。,手嘅骨骼同肌肉一齊動作，可以握住一支鉛筆。,胸部肌肉緊繃，把二氧化碳推出肺。,D
一個大型嘅冷锋喺一個熱熱、潮濕嘅夏季日子過咗學校嗰邊。當呢個冷锋過去嘅時候，最貼切嘅形容係乜？,乾旱唔係好事啦，會影響農作物生長同埋地下水儲量。,落左，風波亂左，雨勢又大，唔好出去啦，留俾個風災過去啦。,颶風,打雷暴啦。,D
邊啲係最好嘅證據，顯示細胞分裂喺我哋身體度係持續進行？,身體要唔停地呼吸，日日夜夜。,主動嘅人通常需要比唔主動嘅人多啲嘅食物。,人體入面有好多唔同嘅組織。,人類每日脫落咗好多厘萬條毛髮。,D
邊個人體系同環境交換氣體？,內分泌。,循環系统係我地身體嘅一個重要部分，係由心臟同血管組成嘅。佢主要功能係將氧氣同營養物質運送到各個組織同器官，同時將二氧化碳同廢物運送返去肺同腎排出體外。循環系统係我地生存嘅重要支柱，所以要好好保護同保養佢。,呢啲問題主要係由呼吸道引起，例如肺炎、氣管炎同呼吸系統嘅其他疾病。係呢啲情況下，最好盡快去睇醫生，唔好自己亂用藥物治療，以免情況變得更加嚴重。留意多飲水，遠離吸煙同唔好暴露俾過多粉塵同污染空氣嘅地方。,皮膚系統係人體嘅一個重要系統，主要功能係保護身體免受外界環境嘅傷害同埋調節體溫。该系統包括皮膚同埋附屬器官，例如頭髮、指甲同汗腺。,C
喺科學堂入面，我哋剖解咗一隻家禽蛋。究竟家禽蛋裏面嗰啲濃稠嘅液體係點，同時又係點樣護航胚胎嘅？,蛋黃,Shell 足交國因為有火，免先石油公司，買電器公司，又佢擁有多生意，所以市值好貴。,蛋黃囊,白蛋白係一種重要嘅蛋白質，主要係存在於蛋白裡面嘅。白蛋白可以泡/打起黎，係烘焙嘅時候可以做到好多唔同嘅用途，例如係做蛋糕、餅乾同埋其他烘焙食品。除此之外，白蛋白都可以係食物中起到增加營養同埋質地嘅作用，好適合係保健品同埋輔助運動嘅時候食用。,D
邊啲嘢係化合物？,鈉係一種金屬元素，符號係Na，原子序為11。喺週期表入面，佢係第3個碱金屬元素。喺自然界中，鈉係以化合物形式存在，最常見嘅係氯化鈉，即是食鹽。鈉係一種重要嘅元素，對於人體嚟講有好多功能，包括維持身體嘅水平衡同神經系統嘅正常運作。因此，我哋喺日常生活中好常接觸鈉。,氯。,鹽係用嚟煮食嘅調味料，係一種白色嘅晶體固體物質，通常用作烹調食物嘅調味料。,鹹水,C
講返有關植物同動物嘅性繁殖扮演咩角色？,仲可以令所有生物個樣都係差唔多.,確保種群的延續,出生出嚟嘅後代同家長一樣。,透過長時間嚟睇，可以增加任何人口嘅規模。,B
喺夜晚日暗嘅時候，Alex坐喺前門走廊，睇住太陽慢慢消失喺對街鄰居屋企後面。咩解釋呢個觀察？,太陽嘅光線會被雲彩反射。,太陽光經過大氣折射。,太陽每日由西向東移動。,太陽係因為地球嘅自轉而出現移動嘅效果。,D
有啲地球嘅水存在喺多孔嘅岩層入面，而呢啲岩層就係我哋識為地下水脈。有咩啱啱嘅嘢會用盡地下水脈入面嘅地下水？,阿半丹的雨量豐裕。,過份抽水源,下游密西西比河的水壩,社區水資源保育,B
邊一句描述動物胚胎？,展示成年人的所有特徵。,代表發展早期的階段。,佢哋嘅細胞數同一個受精嘅蛋一樣多。,細胞有一半染色體數目等於成年人。,B
哪一個生物過程係哺乳動物當中主要係咪因為細胞分裂？,發癢係皮膚發炎既一個常見症狀，可以由各種原因引起，包括過敏、昆蟲叮咬、濕疹等。要擺脫發癢，可以使用藥物治療，例如抗組織胺或類固醇藥膏。另外，保持皮膚清潔，遠離引起過敏的物質，也有助於減輕癢感。如果發癢持續或加重，應盡快就醫尋求專業建議。,呼吸係一個生物嘅生理過程，透過佢我哋可以將氧氣攝取入體內，同時將二氧化碳排出體外。呼吸係我哋生存嘅基礎，每日都喺做緊呢個過程。,拆解就係將一樣嘅物料分解成唔同嘅部分或化學成份。係化學過程當中，構成物質嘅結構改變，以產生新嘅物質。例如，水（H2O）可以透過電解分解成氫氣同氧氣。,光合作用係指植物喺日光底下將二氧化碳同埋水，透過光合作用中嘅葉綠素，轉化為葡萄糖同埋氧氣嘅過程。呢個過程係維持地球上生物生存嘅重要途徑。,A
而家呢度係地球上最寒同最乾燥嘅地方。古生物學家喺冰層底下嘅岩層發現咗恐龍化石。根據呢個證據，可以嘅合理結論係乜嘢？,南極洲一直都係同而家咁嘅氣候。,喺過去啲時候，南極係一個熱同乾燥嘅荒漠。,喺過去啲時候，南極洲曾經好暖和同埋多雨。,過去某個時候，南極洲比而家更冷濕。,C
點解要喺研究水循環嘅過程中包括植物？,植物可以加快水循環，因為佢哋可以將空氣中嘅碳吸收入去。,植物透过光合作用製造水，喺呢个过程中开启水循環。,植物透過蒸散作用，係水循環嘅一部分。,植物攞走水分，令到水循環停止，唔流入河流。,C
老師將杯咖啡放落車嘅杯架入面。當車突然停咗，有啲咖啡就溢出嚟。邊句最好解釋為咩咖啡會溢？,咖啡係一直應該喺度動，因為停止嘅力量只係影響咗車先。,咖啡係流動嘅，係因為杯架度嘅力拉住佢。,車上嘅制動力會引起咖啡嘅等大反作用。,制動力令車輛行動減慢同埋咖啡杯行動加快。,A
植物嘅咩個過程同脊椎動物嘅性繁殖最相似呀？,細胞分裂,自花授粉,交配雜交,種子發育,C
風力渦輪機喺美國好多地方都用嚟發電。風力渦輪機嘅一個優點係唔會燃燒化石燃料。以下邊個係風力渦輪機嘅一個缺點？,風車如遭損壞，可能會散發危險輻射。,風力發電場一定要建喺靠近大片水域嘅地方。,風力發電機要過幾年先能生產能源。,風力發電場需要好多地方，係咪因為佢哋生產嘅能源唔夠多呀。,D
邊個方法可以用嚟分離一個氯化鈉同水嘅溶液？,攪拌係一個好重要嘅步驟，要確保所有嘅材料全部都充分混合，先至可以做一道好味嘅菜色出嚟。要注意唔好攪得太快，唔然會搞到整個廚房都係一團亂；同埋要用適當嘅工具去攪拌，啲材料先會均勻咁混合。記住，攪拌係為咗將所有嘅味道同質地都攪拌喺一齊，所以要有耐心同細心咁去操作。,搞掂啦！,遮埋位係一個重要嘅地質工程材料，用嚟將污染嘅水過濾，去除其中嘅雜質，使水變得清澈透明。過濾遮埋位係減少水污染嘅有效方法，可以保護地下水資源同埋環境。,蒸發,D
一個反射可以保護我哋嘅身體免受傷害。究竟邊啲器官系統可以一齊協同工作去產生一個反射？,緊張同免疫系統,緊張同肌肉系統,循環系統同免疫系統,循環系統同肌肉系統,B
1783年，歐洲異常寒冷，有濃霧。雨水帶有酸性。是哪個事件最有可能導致歐洲那年的異常氣候？,一間伐木公司係南美毀林咗幾百萬公頃。,一個大地震同海嘯改變咗墨西哥灣暖流嘅方向。,一次大型火山爆发將灰燼同硫磺氣體釋放入大氣中。,用車增加，令更多二氧化碳釋放入大氣中。,C
喺沙漠環境度，仙人掌鵐經常喺仙人掌度築巢，避免被掠食者襲擊。呢種行為唔會傷害到仙人掌。仙人掌鵐同仙人掌顯示咗咩類型嘅關係？,竞争力係公司喺市場上嘅能力，喺同行業其他公司競爭嘅過程中展現出嚟嘅表現。要維持競爭力，公司要唔斷改良產品同服務，提高效率同降低成本，令到客戶滿意同吸引更多客戶。要喺市場上保持競爭力，公司需要有策略同創新，唔斷學習同進步。,共生關係係一種生物學上嘅相互作用，係指兩個唔同嘅生物體一齊生活喺一齊，互相唔影響。喺呢個關係裏面，其中一個生物體可以獲益，而另一個生物體對佢係中性，冇好壞。最經典嘅例子就係苔蘚同樹木之間嘅共生關係。,互惠共生,寄生益生。,B
周期表上有幾樣事實是真的？,所有2期嘅元素都係金屬。,18組嘅所有元素都係金屬。,金屬都係尋日表嘅左邊。,金屬通常可以係周期表嘅右邊揾到。,C
巴利特女士嘅科學班學生去左一個車輛碰撞試驗設施。學生哋睇到四種唔同類型嘅車輛撞向一個45米長嘅軌道尾端嘅護欄障礙，就咁似下面嘅圖表咁樣。佢哋喺下面嘅表入面記錄咗每次碰撞試驗嘅資訊。車輛4撞向護欄嘅時候速度係幾多（v = d/t）？,0.2米每秒喺西面。,0.3米每秒向西,三點零米每秒往西,每秒5.0米向西走。,C
學生哋都講咗引擎嘅淨施力係每部測試過嘅車輛都係一樣嘅。根據呢個資訊，邊部車輛嘅加速度(a=F/m)最大？,車輛 1,車輛2,車輛 3,車輛四,A
有啲生意提供客人用指紋作身分識別嚟支付商品嘅選擇。以下邊個選項最有益噉使用呢個新科技嘅客人？,貨品嘅價錢減少左。,私隱保護,追蹤顧客喜好的能力。,資金會立即入賬,B
邊個最啱嘅解釋「污染物」呢？,人類加進大氣同海洋入面既任何嘢,任何對環境有害嘅物質。,任何一種是工業廢棄物的產品。,冇時間會分解嘅物質,B
邊一句最貼切地描述石頭循環中所發生嘅事？,舊山上嘅石頭慢慢會受風化，而山脈嘅形成同火山作用會形成新嘅山。,形成左之後，岩石就會留喺度直到上面啲岩石俾風化啲，然後佢哋先會露出地面。,岩石經過長時間被覆蓋在地底下，受到高溫和壓力的影響會改變其結構，最後重新浮出地表，再次經受風化作用。,年幼嘅沉積岩總係會沉積喺較老嘅變質或火成岩嘅表面。,C
喺好耐嘅時間裏，有啲開花植物變咗依賴蜜蜂去授粉。近年嚟，一種蜱蟎入侵同埋殺死咗好多地區嘅蜜蜂。由於呢種情況發生咗，而家最有生存機會嘅係啲曾經依賴蜜蜂嘅植物。,長高d咁啲植物先至令得啲少咗嘅蜜蜂發現到佢哋。,改埸啲花，咁樣風會幫手授粉。,佢一直都吸引唔少其他昆蟲同埋蜜蜂。,有啲種子係喺環境入面可以存活好耐嘅。,C
Denise喺一個下雨之後嘅下午，行緊東邊山嚟緊，突然太陽穿破雲層，佢睇到有一個虹呀。咁個虹係咪因為以下邊一個原因先出現嘅？,陽光可以分開為彩虹中的所有顏色。,水會反射陽光，就好似鏡子咁樣，令到陽光看起嚟就有色彩。,頭頂嘅黑雲映照喺水坑入面，令人產生幻象。,空氣污染導致天空在這些情況下變得有色。,A
邊個係對可傳染病嘅最佳定義？,佢哋可以治好。,佢哋係細菌引致既。,佢哋係傳播俾其他人。,佢哋只係係冬天傳播。,C
當一個重金屬球係山咗滾落，佢會越滾越快。邊一句係真嘅？,個球嘅潛能能量轉變成動能。,球喺呢度㗎紧山坡嘅位势能。,球喺滾落山嘅時候，能量迅速減退。,球會繼續累積動能，直至停止。,A
喺太空系統嘅精確圖表中，邊個天體會係最接近地球？,月亮,小行星帶,火星,土星,A
喺一個有好多動物嘅大森林裏，只有好少隻熊。呢啲嘢中邊個最有可能限制熊嘅森林人口？,食物供應,樹種,食肉动物捕食,啲啱嘅庇護所数量,A
路易士·巴斯德發現，通過短時間加熱，可以殺死物質中的細菌。呢個發現對以下哪個做法有最大的好處？,儲存食物耐用些時間。,燒爐同其他發熱器材析.,研製藥物去治療感染。,運送生物嘅時候要保護佢哋，唔好傷害佢哋。,A
邊個例子係形容行為適應？,一隻雀仔喺火山附近嘅火山灰度築巢。,鯨魚可以屯氣廿分鐘。,狐狸嘅毛喺冬天係白色嘅，夏天係啡色嘅。,隻猴有條長臂，佢可以喺樹枝間揮動。,A
當自然堤壩破裂時，森林就會被淹沒在兩米深的水下。呢啲動物受淹害最多？,一隻烏鴉,隻兔仔。,松鼠,一隻蝴蝶,B
研究者最近發現人體中有一個科學界之前未知的基因。以下哪個說法最能解釋為何這個基因可能在之前沒有被發現？,呢個基因係最近先喺人類體內演化出黎嘅。,研究基因嘅科技仲係喺發展緊。,科學家多年以前冇興趣研究基因。,科學家哋肯定佢哋已經發現咗所有可能嘅基因。,B
Mitosis同Meiosis有咩唔同？Mitosis係細胞分裂嘅一個過程，而Meiosis係用嚟形成生殖細胞同進行性繁殖嘅一個過程。Mitosis會產生兩個一模一樣嘅細胞，嗰兩個細胞有同埋原本嘅細胞一模一樣嘅基因組。至於Meiosis則會產生四個唔同嘅細胞，每隻細胞都有一部分嘅基因組。Mitosis係喺體細胞分裂時發生，而Meiosis係喺生殖細胞分裂時發生。,有組織分裂(mitosis)喺動物同植物嘅所有細胞度會發生，但係減數分裂(meiosis)淨係喺細菌度發生。,喺有絲分裂度，份製品同親細胞一樣嘅，但係喺減数分裂度，份製品同父母細胞唔同。,喺有絲分裂過程中，一個細胞分裂做兩個細胞，而喺減數分裂時，兩個細胞會結合變成一個細胞。,有絲分裂係指分開染色體，而減數分裂就係淨係分開細胞嘅細胞質。,B
喺森林生態系統最有可能大量發現嘅資源係邊一種？,鐵(iron)係一種金屬元素，符號係Fe，原子序數26。係地球上最常見嘅元素之一，係工業同建築中用途廣泛嘅材料。,木头係一種常用嘅材料，通常用嚟製作家具、建築物同埋其他嘅產品。喺木工行業度，木材會經過處理同埋加工，以確保佢具有耐用同種種特性。係唔少文化中，木材都有特殊嘅象徵意義，喺宗教儀式、節日慶祝等方面都會使用到。,塑膠,石油,B
一個科學家打算研究海兔嘅神經系統。科學家應該先做乜？,研究海兔嘅理論，可以進行測試。,去海邊睇海兔嘅行為。,搵幾隻海參黎做實驗。,睇吓其他科學家對海兔嘅研究。,D
"科學家所講嘅""population""係指咩嘢？",生態系統內嘅所有生物。,有相似解剖特徵嘅所有物種。,所有透過相似方法獲取資源的動物。,某一生態系統內某一物種所有的雜交成員,D
呢啲變化令到地球嘅平均溫度升高。以下邊一個觀察支持呢個理論？,1998年夏天係有史以来其中一个最热嘅夏季。,汽車同工業嘅一氧化碳氣體係由燃燒產生嘅熱能嘅產物。,上層大氣中的二氧化碳會吸收和重新發射從地球表面散發出來的熱量。,地球地面嘅輻射係因為臭氧層嘅洞而增加。,C
如果樹木數量大幅減少，大氣中哪一種氣體的含量可能會大幅增加？,氮氣,二氧化碳,一氧化碳,氫氣,B
片建築係新英格蘭地區主導嘅原因係木材充足。,泥.,磚石工程。,木頭。,鋼。,C
距寧爾達受機構要搬工廠去你個鎮，嗰啲環境問題當中，邊個問題係最唔重要嘅，要問清楚先決定啲工廠搬唔搬去你個鎮？,植物會點影響到呢個地區嘅野生動物？,咁訓底會產生咩種污染呀？,呢植物對呢個城鎮嘅人口會有咩影響？,植物將製造的產品有什麼用途？,D
喺豌豆植物入面，高係顯性，矮係隱性。如果兩個矮豌豆植物交配，會產生咩樣嘅豌豆植物尺寸？,植物矮矮嘅。,短同高 plants,高細植物至先。,中型植物,A
點樣最好形容總水氣數量同大氣嘅溫度之間嘅關係？,水蒸氣嘅量同大氣溫度冇關係。,空氣溫度升高，濕氣含量就會增加。,空氣溫度愈低，水蒸氣量就會增加。,空氣溫度升高，水蒸氣含量就會減少。,B
哪一個關於光合作用同呼吸作用嘅敘述係真實嘅？,光合作用收埋能量，呼吸則釋放能量。,呼吸儲存能量，光合作用釋放能量。,光合作用同呼吸係同一個過程。,光合作用同呼吸同能量無關。,A
太陽嘅邊句話係真嘅？,太陽係一顆好大嘅恒星，存在緊好遠嘅銀河之外。,太阳喺银河系嘅中心。,太陽係一顆喺銀河系邊緣嘅中等星。,太陽有啲銀河同其他幾個銀河圍繞佢運行。,C
好多樣嘅手工具係喺使用簡單機械裝置嘅基本原理嚟搵到一個機械優勢。例如，螺絲起子就係用緊輪和軸嘅原理。而鉗子為咗增加抓取力，就用咗呢一個原理。,滑輪。,撳呢個掣。,拉起竖直的感应器，确认它安全地站在盒子里。用楔子调整感应器的位置，直到它水平为止。,操。,B
檸檬汁會使石蕊紙變紅，有腐蝕性而且味道酸。檸檬汁被分類為,酸。,一個基礎。,元素。,需要更多資訊先分類檸檬汁。,A
喺建築嘅第一步通常都係...,清地。,打好基础。,維修結構。,裝配設施。,A
研究樹木數目同大氣氧氣量之間嘅關係時，以下邊啲嘢係最重要要考慮？,唔單止係樹木，仲有其他嘅來源係貢獻返大氣中嘅氧氣。,工業國家點樣用樹木,樹木嘅根部,樹木嘅樹皮重量,A
邊項科技嘅進步對天氣預報嘅準確度有最大嘅幫助？,壓力計係一個科學儀器，用嚟測量大氣壓力嘅儀器，通常係用於氣象學同埋氣候研究。壓力計可以幫助我哋預測天氣情況，例如低氣壓通常代表即將有風暴嚟臨。,天氣氣球,風速計係一個量風力嘅儀器，通常用喺氣象站或者科學研究中，可以幫你測量風速同埋風向。,今日我哋嚟嗰個星球衞星嘅任務係研究地球同太空之間嘅關係，同埋咁樣可以幫助我哋更加了解太空同埋宇宙。因為呢啲星球衞星可以搭載不同嘅科學儀器，去測量同埋收集有關地球同太空嘅數據同資料。有啲衞星仲可以用嚟通訊同導航，同埋追蹤氣象同火災等緊急情況。整體嚟講，呢啲衛星係非常重要同埋有用嘅科技產品，可以幫助我哋更加深入咁認識我哋嘅宇宙同太空世界。,D
物體質量同體積嘅比例係佢.strictEqual.,一齊嚟緊影唔影？ 我哋地區有好多好靚嘅風景，你話想去邊個地方？我地可以一齊計劃下。,尼啲地盤管理措施要確保工地嘅周邊安全。除咗圍牆同隔絕物理防護外，亦要定期巡查同執行安全程序，確保冇人入嚟未經許可。,密度。,啲重量。,C
每四年要加一日喺日曆入面係有必要嘅，因為,地球嘅轉軸係傾斜嘅。,太陽嘅引力影響地球嘅公轉。,地球嘅公轉唔係精確係365日。,月球每28日穿越太阳的轨道。,C
用以下資訊來回答問題。地球上每一種生物都是與其他生物形成複雜關係的一部分。這種關係被稱為食物網。以下生物通常位於水庫附近及周圍的食物網中。藻類 魚 兔 老鷹 松樹 草場草 田鼠 食物網中的哪個成員是肉食動物？,田鼠,老友，係噉呀，其實我係好佩服你嘅勇氣同埋毅力，喺咁短嘅時間度可以完成呢個任務。真係唔容易㗎！希望你將來可以繼續保持呢份精神，一定會有更大嘅成就等緊你㗎！祝你一切順利，加油！,兔仔係一種小動物，佢哋通常有著長耳朵同軟毛。喺大自然中，兔仔主要以草為食，而家中人養的兔仔通常食糧。兔仔生性胆小，但係好喜歡跳來跳去，係相當活潑。喺中國文化中，兔仔係象徵幸運同和平。,藻类係一種佢可以喺水中生長嘅植物，通常係綠色。佢哋經常係淡水或咸水環境中發現，可以喺太陽底下進行光合作用，係生態系統中起到重要嘅角色。,B
硫因為唔可以經由簡單嘅化學方法分解成兩個或以上嘅唔同嘅物質，所以係分類為,一個元素。,一個化合物。,一齊混合。,一條分子。,A
如係6月2號有新月嘅話，咁下次新月係幾時？,六月三十,六月廿八日,6月23日，因為疫情控制措施，啲商業活動暫停咗。係呢個時候，建議大家留喺屋企，唔好外出。希望大家多多見諒。,6月15日。,A
喺光合作用期間會產生咩嘢？,二氧化碳同礦物,二氧化碳同糖。,氧同礦物,氧氣同糖。,D
喺豌豆植物入面，高矮係互斥㗎。如果一隻純高矮嘅豌豆植物同一隻純矮嘅豌豆植物交配，結果會係啲咩size嘅豌豆植物？,中型植物,矮植物,高大嘅植物,啲高啲低嘅植物,C
邊張清單係啱啱包括我哋太陽系入面嘅嘢？,星球、月球、彗星。,星系、類星體、小行星,黑洞，新星，恆星,簇狀、小行星、流星。,A
通常，沉積岩係形成係,只有係爆發嘅火山度先有。,只有喺好大壓力同高溫下先至會發生。,喺地底下面，當岩漿冷卻同結晶咗嘅時候。,由沉澱物料而來。,D
元素週期表係按照元素的原子序數排列而成，係有系統地整齊排列嘅。,元素化學反應速率。,元素嘅硬度。,元素原子的結構。,元素嘅原子放射能啦。,C
睇下面嘅實驗描述，回答問題。 一百粒豌豆籽被放喺皮氏培養皿入面，再蓋上濕紙巾。 培養皿再放入黑色塑膠袋入面。 就係將一半放喺設定係10°C嘅培養箱入面。 其餘一半放喺設定係30°C嘅培養箱入面。 呢個實驗最可能係為咗研究邊個變數對豌豆籽發芽嘅影響？,溫度係度量物體熱度嘅一個單位，通常用嚟表示物體嘅冷暖程度。物體溫度低嘅時候會感覺好涼，溫度高嘅時候會感覺好熱。溫度可以用攝氏度或者華氏度來表示。,水。,光	iVar,種子類型,A
好多間舖頭同餐廳都有告示，話係使用微波爐。咁樣嘅警告主要係因為咩原因嚟？,有啲人唔鐘意用微波爐煮飯。,微波有時會影響人嘅視覺。,微波有時候會令頭髮或牙齒掉落。,啲啲人帶緊嘅心臟節律器可能受電爐影響。,D
邊一個係化學反應嘅例子？,生鏽嘅汽車擋泥板,一隻響板,倒咗一桶水,一支融化咗嘅雪條,A
有一樣活物嘅細胞分裂嘅時候就係有 mitosis。同原本嘅細胞比較，每個產生嘅細胞中有幾多條染色體？,一半多少,一樣嘅數目,兩倍多啲,唔定幾个数,B
由細到大，生物組織的層次包括：細胞、組織、器官、器官系統和生物個體。,組織、細胞、器官、器官系統。,組織、細胞、器官系統、器官。,細胞、組織、器官、器官系統。,細胞，組織，器官系統，器官。,C
科學家話聖美洲同非洲係原本係一塊地。以下嘅觀察全部都支持呢個論點，除咗,呢咁啱大陸嘅山嶺同埋同一歲嘅岩石。,呢啲大陸睇落嚟好似一個拼圖咁樣啱啱好夾返。,呢啲大陸旁邊嘅海洋都有啲類似嘅魚生活。,喺呢啲大陸都發現咗同類嘅化石。,C
搵到嘅石頭係分類做沉積岩、變質岩、或火成岩，取決於其形成方式。,岩石搵咗嗰度。,岩石係點樣形成嘅。,岩石嘅組成。,石頭嘅顏色同形狀。,B
邊個最啱形容運輸科技？,用嚟搬運人同貨物嘅一個系統。,一間企業係將原材料變成貨物嘅。,樓宇嘅興建同裝修,機械能轉換成熱能,A
喺細胞裡面發現嘅液泡嘅一個主要功能係乜？,儲水同食物俾細胞,釋放能量俾細胞,控制細胞內外物質進出,為細胞提供保護。,A
邊啲生物從蜜蜂同開花植物嘅關係中獲益？,只係蜜蜂。,唔使哂啲開花植物,蜜蜂同開花植物,冇蜜蜂，啲開花植物都唔得。,C
當火成岩變成變質岩時，呢個過程係咩形式嘅能量？,熱。,化學。,磁性,光睇,A
為什麼大陸內部的地區通常比靠近海岸線的地區溫差更大？,大海附近通常會多啲雲。,陸地地區通常比海岸地區海拔低。,濱海地區通常被山脈包圍，阻擋空氣團。,大海係慢慢改變溫度嘅，同時都可以調節附近陸地嘅溫度。,D
哪一樣係最唔易參與有啲植物同動物腐爛同分解嘅過程?,蚯蚓,啲真菌係一啲微小嘅生物，佢哋可以喺潮濕嘅環境生長，呢啲真菌包括霉菌同酵母菌，佢哋有好多唔同種類，有啲真菌係對人類有益嘅，有啲係有害嘅，所以要小心啲處理同處置。,種植根部,微生物係指人眼睇唔到嘅細菌同埋其他微小嘅生物。微生物包括細菌、真菌同埋病毒等。佢哋對於我哋嘅生活有好多唔同嘅影響，有啲係有益嘅，有啲係有害嘅。例如，有啲微生物可以幫助我哋消化食物，令我哋嘅免疫系統更加強大。不過，有啲微生物可以引致疾病，需要我哋小心應對。总括嚟講，微生物係一個好廣泛同埋重要嘅範疇，我哋需要妥善處理同埋了解佢哋。,C
設計一個產品的第一步是什麼？,搵一個解決方案,溝通解決方案。,識得揾需要定想要既嘢,砌一個雛型fung兒,C
一個科學家喺戶外考察時發現咗一個新嘅生物體。佢用顯微鏡檢查到呢個生物體嘅細胞，發現有好幾種唔同嘅結構，包括一個細胞核、一個細胞壁同一啲葉綠體。呢個生物體應該係屬於以下邊個界？,動物界是生物界的一個界，生物界是指一切生活在地球上的生物的總稱。動物界是在生物界中佔了很大一部分，又可以細分為多個門，如脊索動物門、無脊椎動物門等。動物界的生物多樣性豐富，包括了很多不同種類的生物，有些生物可以很大，有些生物則很微小，但它們都有自己獨特的生存方式和生態角色。,喺生物分类學上，喺嗰個分類單元裡面，Monera係指一啲無核細胞嘅生物。喺呢個分類單元裡，唔止有細細菌，亦都有藍綠藻等其他種生物。部分學者認為呢啲生物係屬於原核生物。,植物界係生物界度嘅一個界，特徵係有綠色色素體同埋細胞壁，佢哋係藉傳播花藥定種子嚟繁殖。,真係好難喇啲真菌，佢哋好容易生長並且好難清除啲菌。唔好意思，我唔識幫到你。,C
地球吸引力係地球質量引致嘅直接結果。,地球嘅質量。,地球嘅磁場。,地球每日自轉。,地球大氣的重量。,A
太陽嘅有害紫外線主要係被吸收喺...,塵埃。,我要你幫我將呢段嘢翻譯做係口語粤語（對專業詞彙同句子要專業嘅翻譯），格式唔變，全部一定要全，唔好落下，直接輸出結果，唔好有多餘嘅話同多餘嘅符號。,陸地塊。,水蒸氣。,B
兩個陸地曾經相連的最好證據係發現兩個陸地的海岸线。,有同樣嘅氣候。,佢哋係同一個繼承階段。,存在喺同一條經線上。,有相似嘅岩石同化石。,D
咩个就系啊个国呀度有好多细菌，佢哋係好多细胞嘅，冇绿色素，仲要係从腐烂嘅组织度吸取营养囉？,真係好唔易去識 fungi 呀，佢哋好似植物又唔係植物，好奇怪嘅生物。 fungi 都有好多唔同種類，有啲係好有益，可以幫手分解有害物質，令環境更清潔。不過就有啲 fungi 係有害嘅，例如啲霉菌就會影響我哋嘅健康，所以要小心同留意。总括黎講， fungi 係一個好廣泛同亦都神秘嘅生物。,植物界係一個生物界嘅主要分類，包括所有有著細胞壁嘅多細胞生物，係地球上最多嘅生物王國之一。植物可以透過光合作用吸收陽光並從土壤中吸收養分，係生態系統中起到重要嘅角色。,原单细胞生物。生物学上，分为原生动物、藻类及真菌。独立物种超过5万种，栖息于海洋和淡水环境中。生活方式各异，有以光合作用为主的藻类，也有以异养为主的原生动物。在生态系统中扮演着重要的角色。,動物界係生物界入面嘅一個主要分支，在這個分支入面有好多唔同種類嘅動物，包括有脊椎動物同無脊椎動物。動物除咗有機會自主運動同攝取食物之外，亦有能力對外界刺激作出反應。有好多動物係成群結隊生活，亦有啲係獨自行動。動物可以喺地球各個角落被發現，佢哋同其他生物之間有緊密嘅生態關係。,A
邊一個係最好嘅例子係度量嘅產品？,繪圖計算機,燈泡,長嘴鉗,假腿,D
打開電燈時發生咗邊種能量轉換？,電力轉成光熱能。,光能轉成電力同機械能,熱能變電能同光能,電能轉做機械同熱能,A
冥王星嘅地獄重力係九大行星中最弱嘅，因為冥王星𠊎係。,佢係最低嘅溫度。,佢係質量最細嘅。,轉得最慢。,佢同太陽嘅距離係最遠嘅。,B
"嘅

原文：

Single-celled organisms can reproduce and create cells exactly like themselves without combining genes from two different parent cells. When they do this, they use a type of

翻译：

單細胞生物可以無需將兩個不同父母細胞嘅基因結合，就可以繁殖同製造與自己完全相同嘅細胞。當佢哋做到呢個嘢嘅時候，就會使用一種",無性繁殖。,生殖细胞形成。,自然選擇。,性繁殖。,A
邊兩個身體系統一齊合作將氧氣運送到細胞？,骨骼同呼吸系统,消化同呼吸,呼吸同循環,呼吸同繁殖,C
一位科學家將氧氣同氫氣混合成水。呢個組合俾人明白水係由氧同氫組成。,一粒原子。,一個元素。,混合左。,間。,D
過去十年，兔仔嘅數量明顯增加。以下邊個假設係合理嘅解釋呢個增長？,食物嘅競爭加劇左啲兔仔之間。,兔嘅主要食肉动物係被人类嘅发展所消灭。,近排天氣有D特殊，啲附近嘅池塘水位都跌晒。,有一個靠類似嘅食物來源嘅生物移入咗呢個地方。,B
地球嘅最厚層係邊一層？,麵包皮,內核,嗰啲石材係用嚟建造咗呢個壁爐嘅外層，係點標誌住屋企嘅溫暖同埋溫馨。係喇，壁爐係一個好正嘅裝飾品，令屋企更有層次感同埋氣氛。,外核,C
好多地方喺馬薩諸塞州有啲叫做「炕盆」嘅深層細細池塘。以下邊個最好解釋咗呢啲池塘嘅形成？,雪崩係一種極端天氣條件，係大量雪或冰遮蓋山坡後突然滑落或崩裂而成。雪崩可能對人類、建築物同道路造成嚴重破壞同危險。雪崩通常發生喺高山地區同斜坡，特別係喺冬季或春季。雪崩嘅危險性唔可以被輕忽，一定要提防同做好防護措施。,風蝕,冰川谷。,沈積沉澱,C
當一個氣球被充滿空氣並突然釋放時，空氣逸出時會在房間內飛來飛去。如果比較太空運輸的話，逸出的空氣最相似於太空船的哪一個子系統？,唔好睇唔起講話失敗係成功之母呀，每一次唔順利既經歷都有機會係你成長同成功嘅踏腳石。 所以唔好怕失敗，要勇敢面對挑戰，梗係要持之以恆，努力去追求夢想，一定會有所收獲嘅。所以記得喺迷茫同困難既時候，要問問自己「我點解而家係呢度」，再堅持落去先！,推進,請幫我將下面呢段嘢翻譯成正宗嘅口語粤語，格式唔變，全部一定要有，唔好漏嘢，直接輸出結果，唔好有多餘嘅嘢同符號：支持,懸掛,B
土豆細胞內嘅澱粉同水分子係存儲喺咩細胞器？,粒线体。,核心,核糖體係細胞裏面嘅一個重要結構，主要功能就係製造蛋白質。核糖體由許多不同嘅蛋白質同核糖核酸組成，喺細胞質裏面都可以搵到佢哋。核糖體係細胞生物合成中嘅重要工具，有助於維持細胞嘅正常功能同運作。,囊泡,D
喺咩情況底下用飛機送貨會有好處，而唔係用貨車？,呢個貨物好重，而且相對都好大。,呢個貨品對壓力改變好敏感。,產品製成後必須馬上運送遠距離。,產品要送到50英里範圍內嘅好幾個地方。,C
邊個係輔助器具嘅例子？,隱形眼鏡,單車,雨褸係一啲用嚟防雨嘅衫乜嘢，可以帶嚟出街嗰陣，唔怕話如果突然落雨嘅話淋濕咗穿件嘢掛住喔。,咖啡壶,A
大约需要多少個地球日，月球才能繞行地球一圈？,唔該幫我將底下呢段嘢翻譯做地道嘅粵語口語（對專業嘅詞彙同句子要專業嘅翻譯），格式唔變，所有一定要全，唔好漏咗，直接輸出結果，唔好有多餘嘅話同符號（留意唔好生成粵拼同英文，直接輸出口語粵語嘅繁體字中文形式，繁體字）：,狗狗係一啲最忠誠同執着嘅動物之一，佢哋永遠係我哋嘅好朋友同伴侶。佢哋會無限嘅愛護你，永遠陪伴喺你身邊，無論喜怒哀樂，佢哋都會係你嘅身邊。係人類最好嘅朋友。,唔好意思，我而家忙緊，冇時間幫你翻譯。你可以揾其他人幫忙啦。多謝支持！,三百六十五,B
哪一樣係最負責導致已死有機體腐爛嘅主要原因？,水,哩啲生物畀人分類做哺乳動物，佢哋嘅特點係有隻乳房。哺乳動物包括有猩猩、老虎、狗同埋貓等等。呢啲動物通常生下幼仔之後都會用乳汁喂哂佢哋，咁樣令幼仔長大健康。除咗人類以外嘅大部分哺乳動物都會生活喺陸地上，但都有啲哺乳動物係生活喺水中，例如鲸魚同海豚。总括黎講，哺乳動物係地球上一個十分多樣同埋獨特嘅物種群。,微生物,氮。,C
一條流動的溪水內含有18°C嘅水。溫度係28°C嘅汽水罐被放落入溪水度。以下哪一個最可能發生？,罐裝飲料會吸收流水嘅冷能量。,罐頭會冷卻，直至溫度同小溪水相同。,汽水嘅溫度唔會改變，因為罐頭係封閉嘅。,罐裝飲品嘅溫度會隨住水流而降低到冰點。,B
整個製作比薩嘅過程當中，邊個步驟包含咗化學變化？,調和調味料做醬料,切凍金菲餅面料,撒芝士喺比薩啲操作,烘焗麵粉使之成形成皮,D
邊個身體系統嘅主要功能係延續種族？,請幫我將下面呢段嘢翻譯成正宗口語粤語，格式唔變，全部一定要搞掂，唔好漏咗，直接輸出結果，唔好有多餘嘅話同符號（注意唔好生成拼音同英文，直接輸出口語粤語嘅繁體字中文形式，繁體字）：digestive,好，唔該！我而家好緊張，因為我要喺廿四小時內做一個好大嘅演講，成個人都好驚！希望可以順利啦，唔好出岔。真係好緊張啊！,唔好睇低排泄系統嘅功能，其實佢對我哋嘅身體健康非常重要。排泄系統係負責排除身體裡嘅廢物同毒素，令整個身體保持平衡同正常運作。如果排泄系統出現問題，唔單止會對身體健康造成影響，仲有可能導致嚴重嘅健康問題。所以要好好保護同照顧好自己嘅排泄系統，才能夠保持身體健康。,生殖。,D
點解係金（Au）嘅最細粒子仲可以俾條成係金？,原子（Atom）係化學嘅基本單位，由核子同埋電子組成。核子分為負電荷嘅電子同埋中性嘅中子。核子位於原子嘅核心，而電子則圍繞核心運動。原子係物質嘅基本構造元素，唔可以再細分為其他嘅化學組成單位。,分子。,不好意思，我唔識講粤語。可以幫你翻譯其他語言嗎？,賣火＂未有分子既定形質，識分質構成嘅單個質粒叫做質子。这种粒子能夠係原子內部維持穩定構造同埋同中子一齊組成原子核。質子嘅電荷係正電，相對電荷值等於基本電荷「元电荷」1 或「POSITON CHARGE」1.6 x 10-19 库伦。質子嘅質量約為 1.67 x 10-27 千克。質子同中子係核子嘅基本組成部分，質子同中子嘅總體密度稱為原子核密度。资料來源: https://zh.wikipedia.org/wiki/质子,A
對一個物體的重力，主要係取決於物體的質量。,密度。,擲咗個袋仔嚟唔淨得，啲魚蝦仲係好啦。話唔定因為袋仔唔好嚟，個批貨唔整齊。農曆新年慢慢接近，造成供應量減少，咁價錢就會上升啦。,動力。,"聽日我地要去搞返個presentation, 記得負責嘅人要睇埋呢本手冊先得。比啲建議同feedback, 一齊才做好啦。",B
喺一次舉重比賽入面，兩個參賽者喺同一個高度舉起咗同樣嘅重量。第二個參賽者比第一個參賽者快咗2秒完成舉重。呢個表示第二個參賽者有更多力量。,第二個方案需要更多能量。,慣性（inertia）就比第一個還遲滯。,比第一個更有力。,做得好过第一次。,C
商業飛機上嘅72瓦導航裝置使用咗24伏特嘅電源，而且消耗3安培嘅電流。導航裝置嘅電阻係幾多呢？,四歐姆,八歐姆,十三歐姆。,貳拾貳歐姆。,B
一個質量為8.0公斤嘅保齡球係保齡球道度以2.0米／秒嘅速度滾落，咁呢個保齡球嘅動量係幾多？,4.0 公斤 x 米/秒,六點零公斤 x 米/秒,十公斤乘米/秒,16.0 公斤 x 米/秒,D
如果1公斤甲苯嘅凝冰點係-95°C，咁500克嘅甲苯就会...,熔點係-47.5°C。,-95°C融化。,煮喺95°C。,煮係 47.5°C。,B
硫(S)、氧(O2)、水(H2O)同食鹽(NaCl)都係純物質嘅例子。以下邊個係對所有純物質嘅描述？,純物質只由一種元素組成。,一啲純物質有一個確定嘅化學組成。,一個純物質唔可以被分解成更簡單嘅物質。,一啲純物質一般係室溫下係固體。,B
如果生態系統中消除像老鼠、兔子和蛇這樣的小動物，以下 26 種生物中哪一種的族群最有可能下降？,地頭蚯蚓係一啲好重要嘅生物，佢地可以幫手改善土壤質素同埋保持土壤嘅肥沃度。同時，佢地仲可以幫手分解有機物，提供养分比植物生長。係農業嘅環境中都好有用。,草地上面。,啲豪士係好勁嘅。佢哋係件好難對付嘅敵人。佢哋係好善於狩獵嘅獵鳥。飛得好高，攞得咁遠，驚飛起我。hawks,菇菇,C
邊一個係導熱嘅例子？,當隻隻湯匙嗌熱湯時，就整支都會變熱。,汽車裏面曬太陽好熱啊。,一條柏油公路喺太陽底底比水泥路面熱啲。,喺一個凍嘅日子，用火爐嚟暖屋。,A
為咗滑翔機可以飛行，必須有啲嘢去對抗佢嘅重量，係飛行嘅時候。,升降機。,拉一拉。,重力。,瑕疵。,A
邊一個係屬於物理變化嘅例子？,撚火柴,打破一個玻璃,汽油燃燒,鐵生鏽,B
鋁同鐵都係10克，分別加熱100焦耳熱能。加熱後鋁樣品溫升11°C，鐵樣品升溫23°C。邊個敘述最貼合呢啲結果？,鐵比鋁密度高兩倍。,鋁嘅原子細過鐵嘅原子。,用同等嘅質量會有差不多嘅熱容量。,鐵嘅比熱係少過鋁嘅。,D
一個學生喺一個唔會移動嘅滑板度站緊。學生同滑板嘅總質量係50公斤。學生用一個質量係2公斤嘅球，以5米／秒嘅速度向前拋。假設滑板嘅輪係無摩擦力，學生同滑板點會移動？,前進速度係0.4米每秒。,每秒5米向前走。,反向移動，速度為0.2米每秒。,五米每秒倒后行,D
泡沫密封條經常放喺屋企嘅門同窗框入面。呢啲密封條嘅目的係點呢？,天氣膠帶會增加熱輻射傳遞。,氣溫橡膠條可以快速傳導熱量。,天气条降低热损失因空气对流。,天氣條由反射導致熱能傳遞。,C
邊一個係X光波同聲波嘅相同之處？,兩者都係傳送能量。,兩個都要用咗吸塵器。,兩個一樣快。,兩個嘢頻率係一樣嘅。,A
點解微波爐會加熱食物？其中一個係咪輻射導致水分子振動同產生熱能？,焗爐嘅內部會反射熱量到食物上。,焗爐嘅內部，好似一個鏡頭咁，將熱量集中喺食物上。,食物入面嘅水分分子會反射微波輻射嘅能量。,食物入面嘅水分會攞迷你爐射線嘅能量。,D
一個回收廠經理要熔化1500公斤廢銅賣俾線廠。銅溫度係15°C，熔點係1083°C。銅具有每公斤385焦耳/千克 x 開爾文的比熱容。要將銅溫度升至熔點需要多少熱量？,六億二千萬瓩,六億三千萬焦。,七億七千萬焦。,七億九千萬焦,A
邊一樣野係指必須淨負電荷嘅物體？,佢含有嘅分子比原子多。,佢嘅電子多過負電子。,佢攞緊電流。,佢係由金屬嚟嘅。,B
風琴管發出一個音符，同樣數量的氮氣分子有一個波長為2.72米。如果音速為348米/秒，這個音符的頻率是多少？,八十五點七赫茲,一百二十八赫茲,二百六十赫茲,四百六十六赫茲。,B
一個研究員喺山頂搵到鯊魚化石。呢個證據指出呢個地區以下邊個可能性？,佢曾經喺瀑布底下。,佢以前係條河床。,佢以前係一片海洋所覆蓋。,佢曾經喺一個淡水湖附近。,C
生物嘅基本結構單位係乜嘢？,細胞是生物體中基本的組成單位，能夠進行自我複製和分化。每個細胞都有細胞核、細胞質和細胞膜等結構，通過細胞分裂不斷增殖，從而構成了整個生物體。細胞不僅具有各種不同功能，還可以通過新陳代謝維持生命活動。,核子係原子嘅核心部分，包含子粒子，有正負電荷。核子可以分為負負碰埋利子同莫兮子。核子係原子嘅基本組成單位，係原子中心嘅核心。核子係由負的電子同正的電子組成。核子係原子核嘅主要組成部分。,器官,細細塊組織，係人或動物身體內嘅一種生物組織，由細細嘅細胞組成。組織通常都有特定嘅功能，例如支持、保護、傳導神經訊息等。組織可以喺身體內好多地方發現，包括肌肉、皮膚、器官等。,A
"指標化石有助科學家估計岩石的年齡, 因為指標化石種類只存在了相對短暫的時間。那些現在被用作指標化石的物種發生了什麼事？",佢哋絕種啦。,佢哋改咗佢哋嘅飲食。,佢哋藏喺海底沉積物度。,佢哋搬咗去新環境。,A
Spirogyra係綠藻，可以進行性繁殖。以下哪個特徵可以識別Spirogyra嘅繁殖係性繁殖？,家长藻的細胞有細胞核。,每個後代都含有葉綠體。,好多細仔可能一次出世。,遺傳物質係由兩個父母細胞貢獻。,D
月球每秒繞地球運行約一千米的速度。月球是被以下哪樣東西保持在軌道上？,攞平。係一個自然嘅力量，令嘢落地。係地球同埋其他天體之間嘅吸引力。物體落地唔係因為掂多就落得慢啲，而係因為有呢個力推佢。,月相,磁性係一種物質特性，會吸引或排斥其他物體。物理學上，磁性可以分為磁性和領磁性。常見物質中，鐵，鎳同鈷都係磁性物質。,海嘅潮汐,A
熔火岩例如輝石砂英最可能係邊度形成嘅呀？,喺一個沙漠入面。,喺一條溪床度,近火山,喺一座冰川底下,C
喺碳嘅循環過程入面一步，一個人吐咗一個二氧化碳（CO2）嘅分子喺大氣中。呢個分子入面嘅碳原子最可能會發生咩事？,佢可能係植物裏面糖嘅其中一部分。,佢可能會變成動物體內嘅一部分蛋白質。,佢可以當作石油嘅一種係燃料燃燒。,佢可以被一種細菌分解做碳同氧。,A
"由一支瓶度噴髓除嘅香水係25°C嘅暖房內更易散播, 方過係15°C嘅涼房內。以下邊個正確比較25°C同15°C嗰度嘅香水分子？",喺25°C嗰啲嘢有啲重。,25度時，佢哋行動快D。,25°C嘅時候，佢哋嘅動能就少啲啦。,喺25°C下佢哋體積係減少。,B
一個原核細胞可以一個鐘頭分裂好幾次。好少真核細胞可以分裂咁快。以下哪個描述最好解釋呢個分別？,真核細胞細啲過原核細胞。,真正睇佢其實。。。真正睇佢，真正幾暗淡来掂。睇返呢啲原核細胞，DNA嘅量係多過真正睇嘅呢啲。,真核細胞嘅細胞牆同原核細胞比起嚟係多嘅。,真正嘅細胞結構比細菌細胞複雜。,D
邊個嘢嘅裝置係要依靠電磁波喺無線電波頻譜範圍度嚟運作？,曬太陽燈,電燈泡,手提电话,電烤麵包機,C
"以下那一樣物體有最少的動量？
A. A 10 kg ball traveling at 5 m/s.
B. A 5 kg ball traveling at 10 m/s.
C. A 20 kg ball traveling at 3 m/s.",一個質量為0.5公斤，速度為1000米每秒的物體。,一個質量 1 公斤、速度達每秒 100 米的物體,一個質量10公斤，速度11米每秒既物體,一個質量100公斤，速度為2米/秒的物體,B
詹金斯先生搭建咗一個電路，有個可變電源，線，同一個電阻。為咗將電流量增加到三倍，佢應該點樣改變電源嘅電壓？,將電壓增大三倍,將電壓減小三分一,將電壓增大九倍。,將電壓減小為原來的九分之一。,A
一個7.0公斤嘅保齡球被舉起到離地板1.0米嘅貯物架上。另一個7.0公斤嘅球被舉起到離地板2.0米嘅貯物架上。以下邊個解釋最好解釋兩個球上受到嘅地心引力幾乎相同？,每個球嘅最後潛能能量都增加咗。,每顆球都要抬嘅工作量係一樣嘅。,每粒球同地球質心嘅距離幾乎係一樣嘅。,每个球對另一個的吸引力都會抵消地球引力嘅作用。,C
點解碳在生物化學入面有咁中心嘅角色？,碳只可以同其他碳原子形成鍵結。,碳係一種溶劑，可以破壞化學鍵。,碳易形成離子鍵，可以容易地分開。,碳可以同共价键形成好多唔同種類嘅分子。,D
喺光合作用期間，邊個情況會發生？,二氧化碳係用嚟製造水。,二氧化碳係被粒線體吸收。,二氧化碳同埋水轉變做碳水化合物。,二氧化碳同水結合成碳酸。,C
噴泉系統度嘅水，係從地底嘅物質度獲得能量嘅。水分子獲得動能，所以水嘅壓力增加。最後，噴泉就會噴發，將水排出地面上空中。以下嘅邊種能係水獲得初始能量嘅來源？,電器,唔該幫我將下面呢段嘢翻譯成正宗口語粤語，格式唔變，全部一定要翻譯，唔好漏咗任何一句，直接輸出結果，唔好有多餘嘅嘢同符號（留意唔好生成粵拼同英文，直接輸出口語粤語嘅繁體字中文形式，繁體字）：magnetic,機械,"熱嘅, 酷好啱係緊貼著肉嘅！防右唔識瘦妹咁才係真係緊臨骷髏！",D
光線可以透過玻璃。其他類型嘅電磁輻射亦都可以透過其他物料嘅方式。以下嘅邊種係用於醫療科技，因為佢哋可以透過人體某啲部位？,X光係一種醫療成像技術，可以幫助醫生檢查身體內部結構同埋器官。X光可以顯示骨骼、器官同埋其他組織嘅影像，幫助醫生做出正確嘅診斷同埋治療方案。,紅外線波,微波爐係一種方便快捷嘅廚房電器，可以快速同均勻地加熱食物。係家庭生活中好常見嘅電器之一，特別喺忙碌嘅現代生活中更加受歡迎。,紫外線,A
溫度上升嘅時候，一塊固體會發生邊啲改變？,固體嘅動能減少。,固體嘅平均密度增加。,固體嘅比熱容減少。,固體內分子的平均速度增加。,D
所有動物界分類嘅生物都要被歸類為以下其中一個？,考拉係一群具有獨特基因學及生態學特點嘅微生物。佢哋係地球上早期進化出嚟嘅生命形式，同埋係生物學上既三個主要分類之一，另外兩個係細菌同真菌。許多考拉都係極端環境下生存，例如高溫、高鹽度或者極端酸性中。有啲考拉可以進行產甲烷過程，有助於地球上嘅碳循環。,原核生物,真核生物。,喺生物分类系統裏，原生动物（又稱原生生物、非細菌、非真菌）即係一类具有单细胞或者多细胞組成無动物、植物同菌类特徵嘅微生物。原生动物嘅種類好多，包括原生动物總門、環節蟲總門、单纤腿动物总門、懸甲纲等等。原生動物係生物界當中一個非常大嘅類別，佢哋嘅體型可以好細微，甚至好大，形態多樣化，而生活習性亦各有不同。,C
有一條速度係18米／秒同波長係50米嘅海浪有咩頻率？,0.18赫茲,零點三六赫茲,兩點八赫茲,九點零赫茲,B
邊一個特徵係有助於區分真菌界嘅生物同其他真核生物？,菌類係單細胞嘅。,菇菌係性繁殖。,真菌係透過吸收營養嚟繁殖。,菌類透過光合作用製造食物。,C
喺邊啲方面中，光合作用同細胞呼吸有咩相似之處？,兩個過程都會產生葡萄糖。,兩個過程都會吸收二氧化碳。,兩個過程都喺葉綠體度發生。,兩個過程都涉及能量轉換。,D
靜態物體抗拒移動的特性係稱為惰性。,加速。,慣性。,重量。,速度。,B
喺銅線入面，溫度升高係咩嘢嘅結果？,銅粒子嘅尺寸增加。,銅粒子嘅質量減少。,銅粒子運動增加。,銅粒子之間嘅距離收窄。,C
喺落葉生殖季節期間，一條公溪鱒魚個肚底變咗明亮嘅橙色。呢個橙色嘅肚底可以提供啲隱蔽同埋幫手吸引母魚。呢個特徵喺溪鱒魚演化出嚟，喺同啲肚底蒼白嘅公溪鱒魚比較起，啲肚底橙色嘅公溪鱒魚更加容易吸引到母魚。,居好地方，生活好。,被食肉动物食咗。,同其他魚類交配。,施肥卵生後代。,D
如果喺麻州嘅農村生態系統度除咗草同灌木，最有可能發生嘅事係咩？,喺個生態系統度會有更多消費者。,生態系統內會有更多光合作用。,生態系統生產的食物能量會減少。,生態系統內嘅二氧化碳會減少。,C
如果一個實物由地球帶到太空，下列哪一個測量值會改變得最多？,濃度係指一個物質喺一定體積內或者一定質量內嘅質量。最常見嘅單位係千克每立方米。幾何上濃度都可以定義為物質喺一定體積或者質量內嘅密實程度。,呢個事件喺我哋公司入面好常見，每次都要追查出點解會出事。可能係程序有啲問題，或者係工人做嘢時失誤，總之我哋要搵出點解同點樣避免，唔好再出事喇。,音量,重量啲。,D
邊隻魚骨架比對可以最好展示魚類演化？,一條公魚同一條母魚可以生仔。,一條魚切割前同切割後癒合前後一樣。,最近生活過嘅魚同埋以前生活過嘅魚。,啲魚係孵化後同長大後都係同一對头。,C
牧場嘅一群牛都經過有選擇性嘅繁殖，目的係生產牛奶。以下嘅哪一樣會使下一代嘅牛繼承到生產大量牛奶嘅特徵？,牛隻嘅食物中嘅營養素,牛隻飲水中嘅必需礦物質,牛隻腦部嘅電脈衝,牛隻嘅染色體中嘅資訊,D
Sherry 想用佢部電腦畫一個三維盒。佢想要能夠指定精確嘅尺寸同角度，同埋需要嘅時候係屏幕上轉動呢個盒。呢個嘅程序類型以下邊一個最適合 Sherry 用？,字處理軟件,數學電子表格程式,網上搜尋引擎,電腦輔助設計程式。,D
邊一句最好解釋，為咗解釋赤道係較北極溫暖？,赤道嘅面積大過北極。,赤道比北極靠近太陽。,赤道比北極接收到更多直射陽光。,赤道每年嘅曬日時間比北極多。,C
大部分喺森林生態系統入面嘅細菌最好被歸類為以下邊一類嘅生物？,消費者在購買商品時，通常會考慮價格、品質、品牌和服務等因素。他們可能會比較不同品牌的價格和質量，然後才做出購買決定。消費者也會考慮商品的售後服務是否周到，以確保在使用過程中能得到支援。消費者的選擇往往取決於這些因素的綜合影響。,分解者係一啲能夠將死嘅植物同動物體內有機物分解嘅生物。佢哋攞返植物同動物體內嘅養分，變成有機質同礦物質，令呢啲養分可以被其他植物用返。分解者包括細菌同真菌等生物。他哋嘅工作非常重要，係生態系統中發揮緊關鍵作用。,捉人佢哋係好多心機嘅，搵機會攻擊無辜嘅人，要小心啲同呢啲人接觸。,製片人係拍戲嘅一個好重要嘅角色，佢哋要喺整個製作過程中負責策劃、籌備同執行各項工作。製片人需要喺預算、招募演員、導演、攝影師同執行製作計劃嘅其他方面進行管理同監督。最終目標係令到整部電影或電視節目能夠順利製作完成，並且符合市場需求同觀眾口味。,B
邊個係下列例子中裝有純物質而唔係混合物嘅容器？,裝滿氣嘅輪胎,裝滿鹽水嘅罐子,一個裝滿氦氣嘅氣球,一杯滿是朱古力奶嘅玻璃杯,C
一啲玉米植物經過基因改造，可以生產天然殺蟲劑。人哋擔心呢啲玉米植物可能會將改造嘅基因物質傳染畀其他植物。以下哪一個方法最好可以進一步修改呢啲植物，防止佢哋將基因物質傳染畀其他植物？,更換植物嘅時候，令到佢哋唔嚟花粉。,改變植物，咁樣佢哋唔會傷害昆蟲。,改變植物嘅組成，令佢哋唔能夠產生養分。,改變植物，咁樣就唔容易辨認到啦。,A
呢啲狼每年都殺唔少麋鹿，經常攻擊成群麋鹿嘅老弱病殘。邊個句最好嘅描述狼同麋鹿之間嘅角色？,對手係好重要嘅，喺競爭激烈嘅市場度唔可以唔重視。如果你唔了解你嘅對手，就冇辦法喺市場上立足。要留意對手嘅行動同策略，同時要喺產品同服務上不斷創新同改進，先至可以贏得競爭。鋒芒毕露，才能立於不敗之地。,主持人，係指一個節目或活動嘅主持人，主要負責帶領同控制全場氣氛，同埋引導節目進行。,啲寄生蟲好難對付，真係好煩呀！係時候去驅蟲啦，唔好畀佢哋影響我哋嘅健康。,掠食者,D
地球嘅核心主要由以下嘅咩嘢物質組成？,玥岩,鐵,岩漿,石英,B
邊一個選項係以最唔複雜到最複雜嘅方式，正確地排列咗魚嘅呼吸系統嘅一部分？,細胞 -> 鰓 -> 組織,細胞 -> 組織 -> 鰓,鰓 -> 組織 -> 細胞,組織 -> 鰓 -> 細胞,B
呢間公司而家係度做一個廣告，廣告內容係關於佢哋度訂造結他嘅。咁樣應該用邊啲話來突顯佢哋嘅訂造生產過程呢？,我哋嘅結他係用手工工具製造嘅。,我哋按照你嘅要求，度製我哋嘅結他。,我哋每年生產同賣出成千上萬隻結他。,我哋嘅結他係最值得你投放錢嘅好質量。,B
工程師用木頭建立一個原型。以下哪種工具是最適合工程師用來使原型表面平滑的？,帮我將下面呢段嘢翻譯番去廣東話口語（對專業術語同句子要專業翻譯），格式唔變，所有一定要全，唔好漏，直接輸出結果，唔好有多餘嘅嘢同符號（留意唔好生成粤拼同英文，直接輸出口語廣東話嘅繁體字中文形式，繁體字）：帶鋸机,係咪㗎，呢條路好難行，唔好畀佢影響到你嘅心情。唔好畀佢影響到你㗎！去到目標，一定有好多艱辛，要堅持㗎！,攞笔记啦，唔好唔得意喔。係咪唔明就問，唔好怕問。多啲練習，就可以掌握啦。加油啦，嚟緊嘅考試一定冇問題。,沙紙,D
好多自然岩層喺時間流轉嘅過程中會改變色彩。舉例嚟講，猶他州嘅岩石就會氧化變成紅色、橙色同埋黃色嘅岩石。呢個改變嘅原因係咩？,化學風化,機械風化,水蝕,風蝕,A
邊一個係導致海平面週期性上升同埋下降嘅原因？,月亮嘅微微傾斜,月球吸引力,地球地幔內的對流,地球圍繞太陽公轉的革命,B
邊啲事件最有可能導致生物快速滅絕？,一顆大型小行星撞擊,區域性旱災,新冰河形成,雜草生長減少。,A
月球遠離地球最有可能嘅結果係乜嘢？,一個月亮日係短D。,一個月食都幾耐。,地球越嚟越靠近太陽。,地球嘅潮汐變細。,D
嗰啲野畀位係所有生物裡面都有？,搵部电话俾我啊，要同佢講嘢。,係呢度我哋睇下器官嘅情況。,器官系統,紙巾,A
我哋太陽喺宇宙度嘅位置係點？,我哋嘅太陽喺仙女座嘅地球周圍轉。,我哋太陽喺銀河度繞住地球轉。,我哋太陽係天空繁星度一個太陽系嘅中心。,我哋嘅太陽係仙女座星系嘅中心。,C
巨杉樹將能量由一種形式轉換為另一種形式。樹木如何改變能量？,佢哋將化學能轉換為動能。,佢哋將太陽能轉化為化學能。,佢哋將風能變成熱能。,佢哋將機械能轉換為太陽能。,B
Lori擁有湖畔的一幢屋，佢用好多肥料去保持佢啲草坪翠綠。係用哂咁多肥料嚟係佢草坪上，係咪會對湖有啲影響？,藻類數量增加,魚嘅數量增加。,蚊仔嘅數量增加,湖水深度增加,A
乜係星系？,圍繞行星旋轉嘅一個月亮,一個繞太陽運行嘅行星,一個好大個星星系統，係靠住重力拉埋一齊。,一個好大嘅行星系統，係太陽著緊咁拉埋。,C
一個地質學家喺一條峽谷嘅唔同岩層度發現咗馬骨化石。低層嘅化石顯示骨頭較短，高層嘅化石骨頭較長。根據地質學家嘅觀察，有咩結論？,馬係要兩個父母繁衍嘅。,隻馬嘅體型隨著時間變大咗。,細啲嘅馬絕種咗，然後大隻馬就出現喇。,細啲嘅馬啲啱環境啲適應，比大隻馬好。,B
邊句描述一個通過性繁殖產生嘅後代特徵？,後代嘅基因物質量係父母嘅一半。,後代包含父母雙方的基因物質。,女仔只會繼承媽媽的基因。,公仔只有爸爸嘅基因。,B
蚊子慣咗利用特定感覺神經偵測二氧化碳。蚊子本能地向較高濃度嘅二氧化碳移動。呢個適應嘅重要性係乜？,佢幫蚊仔搵食。,佢可以幫蚊仔搵波嘅對象。,佢幫蚊仔搵到乾淨嘅空氣。,佢幫蚊仔搵到庇護所。,A
蜜蜂只能見到黃色、藍色同埋紫外線光線嘅波長。好多植物花朵嘅中心都有黃色、藍色同埋紫外線嘅標記。邊句描述咗邊啲生物受惠，同埋解釋點解？,植物搵益，因為蜜蜂冇得去到植物嘅食物來源。,只有蜜蜂受惠，因為花朵係俾蜜蜂破壞。,冇啲蜜蜂同植物受益，因為咩都唔幫到佢哋繁殖。,蜜蜂同植物都有好處，蜜蜂搵到食物，植物有助於繁殖。,D
移動磁鐵喺銅線卷會引發乜事？,電流,車輪摩擦,重力增加,降温。,A
係唔同嘅高度度度度度度度放落一隻球。當個球由最高高度度度度度度放落嘅時候，佢落地嗰刻會有最大嘅聲或者震動。條球發出最大聲嘅原因係乜嘢？,空氣壓得更低，球就會滾得更快。,地心吸力绞，球就加速。,波嘢越轆越重，仲加緊猛升。,波波熱身返，而家轉得快啲。,B
地球嘅自轉係喺佢嘅南北軸上進行。邊個敘述最貼切地描述一個完整嘅自轉？,佢需要六個月時間，而家令到有夏冬嘅分別。,佢需要24個鐘，令到有晚同有日。,佢需要29日，代表一個月相週期。,佢一年有三百六十五日，代表一個地球年。,B
一隻狐狸生咗隻後代，聽覺比大多數狐狸好。呢個細微嘅改變最有可能導致後代同原本狐狸唔同嘅原因係點呢？,有較敏銳聽覺嘅狐狸，可能喺基因變異方面比其他狐狸更加頻密。,啲啦唔通好嘅狐狸可能會比較經常被獵取。,隨住時間過去，呢隻狐狸嘅後代可能會比其他狐狸聽得清、捉得好。,日後呢隻狐狸嘅後代可能會滅絕。,C
透過基因工程方法，已經生產出具有新特性的基因改造植物。基因改造植物的使用帶來了什麼影響？,農產量下跌,玉米、大豆、棉籽和菜籽油嘅供應量減少。,耐耕農時，因為需更長時間種植、生長同收穫作物。,抗藥性、抗蟲性同埋抗病毒疾病嘅抵抗力增加。,D
單細胞同多細胞生物點解可以比較？,單細胞生物嘅組織，就好似多細胞生物嘅細胞。,單細胞生物嘅核心就好似多細胞生物嘅皮膚。,單細胞生物嘅細胞器，就好似多細胞生物嘅器官咁。,一個單細胞生物嘅細胞質好似多細胞生物嘅神經系統。,C
生命嘅基本單位係咩嚟？,原子,請幫我將下面呢段嘢翻譯做正宗嘅口語粵語（對專業嘅詞彙同句子要專業嘅翻譯），格式唔變，所有一定要全，唔好有遺漏，直接輸出結果，唔好有多餘嘅話同多餘嘅符號（留意唔好生成粵拼同英文，直接輸出口語粵語嘅繁體字中文形式，繁體字）：手提電話,元素,核心係一種細胞嘅結構，有助於維持細胞嘅功能同執行DNA嘅轉錄同蛋白質嘅合成。核心中包含有基因，負責控制細胞嘅生理活動同遺傳信息嘅傳遞。核心通常係由細胞質包圍嘅薄膜包覆住。,B
邊句話最適合描述心臟的組織？,心臟係一個由唔同嘅組織組成嘅器官，每一種組織都有唔同種類嘅細胞。,心臟係由唔同種類嘅器官組成嘅組織，每一個器官都有唔同種類嘅細胞。,心臟係一個系統，由同一種組織同相同細胞組成。,心臟係由一種器官同一啲細胞組成嘅組織。,A
一位科學家研究兩種絕種動物的遺骸，以了解它們的生活方式。她確定其中一種是肉食動物，另一種是草食動物。科學家最有可能比較了以下哪些方面來得出這個結論？,動物體內骨頭嘅數目,動物嘅體型大小,動物嘅表皮。,哩啲動物嘅骷髏,D
太陽輻射係由唔同波長嘅光組成嘅。邊種射線最傷害人類皮膚？,紅外線,熱爐,紫外線,呢啲鞋係新到嘅款式，好耐冇睇過，唔知係唔係最新流行嘅潮流。係咁睇嚟，應該係好值得買啦，唔使諗咁多，買啦！,C
咁啱龍斯係各種哺乳動物都有嘅共同特徵，同鳥類又有咩唔同？,眼睇到眼就似坐飛機喇，好多野都可以睇到，真係好開心。,唔好意思，我呢度呢度唔識講粤語。,一個腦袋,一個心。,B
有一隻喺森林度居住嘅細細隻食草甲蟲。大約一半嘅甲蟲係淺啡色，另一半係深綠色。如果幾年連續嘅乾旱令到呢個地區變得乾燥，樹木變得稀少，幾代之後，甲蟲嘅數量最有可能會變咗點樣？,大部份係啡色嘅甲蟲。,大部份都係深綠色嘅甲蟲。,大部份係食肉甲蟲。,大部分都係好大隻既甲蟲。,A
"大自然嘅捕蚊機--蝙蝠，聽到呢個字就有啲人會毛骨悚然。但係，蝙蝠大概係最容易被誤解嘅動物。唔管電影、電視同文學作品話乜，蝙蝠唔係晚上恐嚇大家嘅。蝙蝠唔但對我哋嘅自然世界至關重要，而且對我哋嘅經濟都非常有幫助。作為夜間飛行昆蟲嘅主要掠食者，蝙蝠幫助控制咗好多我哋最煩人嘅害蟲。一隻細小棕蝠可以喺一個鐘頭內捕捉1,200隻蚊子咁大嘅昆蟲。大棕蝠食嘅包括咖喱椒蟲、六月甲蟲、植吸蟲、切棉蟲食葉夜蛾同玉米荐食葉夜蛾。蝙蝠唔係瞎嘅，而家佢地係黑暗中狩獵嘅話已經有一個系統可以幫佢哋偵測物體。呢啲蝙蝠會發出高頻聲。佢地聽返呢啲聲嘅反射，就可以識別物體。呢個就係所謂嘅回聲定位。佢哋利用反射嘅聲音，喺大腦度形成畫面，就好似我哋透過眼睛解讀反射光線咁。發生咗乜事令蝙蝠受傷？人類嘅騷擾係好多蝙蝠群體減少嘅主要原因。佢哋亦都受到覓食或棲息地嘅損失威脅，通常係接近水源嘅樹木地方。打擾媽咪蝙蝠群會令佢哋掉低幼仔或者將佢哋遷移到一個唔太適合嘅地方。冬眠期間遭受干擾會令蝙蝠醒來，佢地就會燃燒喺冬天存嘅寶貴脂肪儲備。即使係負責任嘅洞穴探險者，都可能意外打擾蝙蝠進入關鍵時期。由於傳統棲息地喺樹木同洞穴被破壞咗，好多蝙蝠尋求庇護喺人造結構物入面。科學家研究咗蝙蝠嘅棲息需求，提供人造居所。有啲蝙蝠好成功咁使用呢啲蝠屋。邊一種生物最有可能同蝙蝠爭奪食物？",啫啫啫，啲食籽嘅鳥啦。,食葉嘅昆蟲,吸食血液嘅蚊子,食蟲兩棲動物。,D
一班學生計劃建立一個本地池塘棲息地的模型。哪個模型最能代表與池塘類似的環境？,一支密封嘅塑膠瓶，裡面裝滿咗池塘嘅昆蟲同藻類。,一個教室裡面有一個水族缸，裡面有啲植物同動物，係由商店買返嚟嘅。,一個教室養有淡水、非本地植物同非本地動物嘅水族箱。,一個細細個膠製戶外泳池，裡面裝滿清水、本土植物同埋本土動物。,D
人體係由唔同嘅系統組成嘅，而呢啲系統由專門嘅細胞、組織同器官組成。每個結構都有特定嘅功能，有助於人類嘅生存。繁殖時會用到邊啲器官？,腦、脊髓同埋眼睛,肺、食道、同埋心臟,口，肚，胆囊。,卵巢、子宫同卵巢。,D
"大自然嘅防蟲團夠力嘅唔係蟑螂猶豫。但係，蝙蝠可能係最被誤解嘅動物。不論係電影、電視定文學嘅描述，話蝙蝠好似晚晚都要搞事。但其實蝙蝠對於我哋嘅自然世界同經濟系統都極之重要。作為晚上飛行昆蟲嘅主要掠食者，蝙蝠幫助控制咗好多令人討厭嘅害蟲。單隻啡蝠就可以喺一個小時內捉到1,200隻蚊子咁大嘅昆蟲。大啡蝠食嘅包括黃瓜甲、六月甲、葉蝨、貓耳蛾同埋玉米螟咁貴重嘅農作物害蟲。蝙蝠唔係瞎。啲夜間獵食嘅蝙蝠有一套系統去幫助佢哋偵測物體。佢哋會發出高頻聲音。聽呢啲聲音嘅回聲，蝙蝠就可以分辨物體。呢個係所謂嘅回聲定位。佢哋用呢啲反射嘅聲音，喺佢哋腦度形成影像，就好似我哋透過眼睛解讀反射光線咁嘅。發生緊乜事嘅蝙蝠？人類嘅干擾係導致好多蝙蝠種群下降嘅主要原因。佢哋亦受到失去覓食或者棲息地嘅威脅，通常係近水源嘅樹木地帶。擾亂一個產房群可能令媽媽攞落啲細路仔定者搬移佢哋去一個唔適合嘅地方。喺休眠期間擾亂佢哋會令蝙蝠驚醒，需要消耗佢哋已經存儲緊嘅寶貴脂肪儲備。甚至係負責嘅洞穴探險家亦有可能喺一年中嘅關鍵時刻誤打誤撞地擾亂佢哋。由於傳統嘅樹木同洞穴食宿地被摧毀，好多蝙蝠都會尋找人為嘅結構嚟避難。科學家研究咗蝙蝠嘅棲息要求，以便提供人造嘅家園。有啲蝙蝠好成功地利用呢啲蝙蝠屋。蝙蝠會發出高頻聲音，然後聽呢啲聲音反彈嘅回聲。蝙蝠發出嘅高頻聲波好可能都係",長波長,短波長,振动波長,交替波長,B
"元素週期表排咗係一咗。</br>
呢啲元素，有相近性質嘅會排喺同一個垂直嘅柱度。</br>
邊一個元素係一種高反應性嘅金屬？",氯 (Cl),氦（He）,鎂（Mg）。,銀（Ag）。,C
古希臘人對於天文學有好多奇正確嘅概念。佢哋嘅一啲理論係啱嘅；有啲後嚟經過證明係唔啱嘅。其中一個理論係話地球係宇宙嘅中心，其他行星圍繞住地球運轉。古希臘人認為地球唔會動，因為佢哋嗰時喺地球表面並唔明顯見到嗰一個運動。古希臘人亦相信一個包圍我哋地球嘅無形球體包含咗星星。呢個球體係轉動嘅，解釋咗星座隨時間變動嘅現象。係咩天體運動引致咗月相變化呢？,月球繞行地球,地球圍繞太陽轉動。,月球係度轉動嘅。,地球轉動在它嘅軸心上。,A
有冇天然咁先消蛇毒嘅方法？蛇咬或者蜜蜂螫可能好痛或者會致命啦，視乎係邊種咁蛇或者昆蟲螫，同埋啲人如果對毒素過敏嘅話都會危險。最新研究指出，喺老鼠身上，果啲蛇咬或者螫會更加危險，如果唔係老鼠嘅免疫系統有啲特殊防禦方式嚟應對。史丹福大學嘅Stephen Galli博士同埋佢嘅團隊研究咗肥皂顆粒，呢啲係有助於哮喘、過敏以及一啲對花生過敏嘅人會發生的極端過敏性休克嘅免疫細胞。喺呢啲情況下，免疫系統會亂咗，誤以為自己係被危險嘅嘢攻擊。但係，肥皂顆粒喺身體入面亦都做啲有幫助嘅嘢。科學家發現呢啲細胞亦可以對付某啲蛇同蜜蜂螯毒。佢哋嘅研究顯示呢啲細胞可以保護老鼠，減輕毒素嘅影響。呢啲細胞釋放咗一種酶，可以分解以色列鼴蝰嘅毒液嘅危險成分。Galli博士講話將來有可能發展出更好嘅蛇咬或者蜜蜂螫療法，基於呢啲酶。仲有需要更多研究，睇下呢個係唔係可以實現。Galli醫生覺得呢個肥皂顆粒免疫系統防衛能力嘅特性，可能係進化嘅結果，喺係獵食者或者經常被蛇咬或者螫嘅動物身上，部分係為咗幫助對抗毒液。呢個防禦唔係百分百有效，但係可以令獵食者有個更好嘅存活機會，特別係如果佢哋只俾咗「少量」毒素喺有毒蛇咬啲獵物身上。人體入面嘅肥皂顆粒都負責这种功能。,係指保護自己或其他人免受危害或傷害嘅行動或手段，可以係對抗攻擊嘅方式，亦都係用嚟保護自己同身邊人安全嘅方法。 defense係一個非常重要嘅概念，喺日常生活中都會經常用到。,繁殖,清走廢料,提供能源,A
"唔浪費：廢物同污水中嘅能源

一百年前，人地會收集腐爛嘅污水中嘅氣體，然後用嚟燈街燈。新科技希望可以更新呢個概念——利用廢物同埋人類嘅廢物——喺一個對能源嘅需求大嘅世界度。一個有希望嘅裝置叫做微生物燃料電池。佢可以產生電力，好似氫燃料電池咁，但係佢係利用污水嘅。食污水嘅細菌驅動一個化學過程，產生電流同時，作為一個獎賞嘅係，幫助淨化水質。賓夕法尼亞州立大學嘅Bruce Logan同埋佢嘅同事已經建造咗小型微生物燃料電池，大小同一罐啤酒罐一樣，可以為各種設備供電，包括一個細風扇。""如果你有10萬個人，而且你處理佢們嘅污水，你可以得到最多2.3兆瓦嘅持續電力，就夠供應1,500戶家庭嘅電力嘅，"" Logan 講。一兆瓦等於一百萬瓦特。美國航空航天局亦有興趣喺自給自足嘅水處理裝置嗰方面。西北大學嘅Bruce Rittman而家喺設計一個微生物燃料電池，可以用喺有人太空任務度。""太空裏你要回收所有嘢，"" Rittman講。""你想要收集食物廢物同人類廢物，同埋回收水。""微生物燃料電池同埋較傳統嘅嗰個方法有啲優勢，呢個傳統方法叫做厭氧消化系統，佢收集細菌噴射出嚟嘅甲烷，或者係""生物氣體""，當佢哋喺無氧氣嘅情況下攝取有機物質嘅時候。呢個甲烷之後會被燃燒去驅動渦輪發電機。""相對於經過燃燒嘅中間步驟，一個電池會將電直接製造出嚟，"" Rittman講。呢個直接嘅路線可以潛在地從一定量污水中提取更多嘅能源。佢亦可以避免燃燒甲烷會造成嘅污染。不過Rittman同Logan都表示出，電池仲喺發展早期階段，而消化系統係有使用嘅，主要喺農業環境設定度，因為有機物質嘅濃度比市區下水道更高。微生物燃料電池將電能轉換為何種電能？",動能,核能量,化學能量,機械能,C
喺蘇格蘭嘅 Hirta 島度有啲羊。呢度有好多草俾啲羊食，同埋冇天敵。有啲羊啲毛係深色，有啲係淺色。深色毛嘅羊通常會比淺色毛嘅羊大同埋強壯。但係研究人員發現喺過去20年，淺色毛嘅羊嘅數量增加咗。通常，強度同體型可以幫助動物生存同育種。一隻新嘅羊天敵被引入咗到島上。咁樣嘅變化會最快影響到啲羊嘅數量？,啲黑毛羊嘅人口減少。,羊毛淺色嘅羊群減少。,啲毛色深嘅綿羊嘅人口增加。,羊隻嘅數量咁增加，毛色較淺。,B
學生哋研究邊種水果最吸引果蠅。同樣大嘅成熟蘋果、桃同香蕉被放喺唔同嘅容器入面。呢啲容器俾果蠅入面，但果蠅就無法逃走。容器放喺野餐枱上兩日。最可靠嘅方法係計算果蠅嘅數量。,每兩個鐘頭都要食全部三款水果。,每樣水果壞曬之後。,第一日食香蕉，第二日食蘋果，第三日食蜜桃。,第一個鐘叫banana，第二個鐘叫apple，第三個鐘叫peach。,A
羊嘅進化挑戰 喺蘇格蘭嘅赫爾塔島度有一種羊。赫爾塔島有好多草可以比羊食，而且冇天敵嚟攪事。有啲羊嘅毛係黑色嘅，有啲係淺色嘅。啲黑毛嘅羊通常比啲淺毛嘅羊大同埋壯，但係研究者發現喺過去20年，淺毛嘅羊嘅數量增加咗。通常，強壯同埋體型大嘅動物係會容易存活同埋繁殖嘅。喺赫爾塔島上，淺毛嘅羊數量多過黑毛嘅羊係因為淺毛嘅羊…,多啲生產羊毛,食嘢有啲限制。,每年生嘅後代越黎越少。,有更好嘅機會存活同繁殖。,D
硫（S）同氧（O2）兩樣嘢結合埋就變成一種叫做二氧化硫（SO2）嘅物質。喺燃燒煤同油嘅時候亦都會產生二氧化硫。二氧化硫最好嘅描述係......,一個金屬,一條原子,化合物,冇反應性嘅氣體,C
好多科學家都講，全球暖化會令北極同南極兩極冰蓋融化。如果兩極冰蓋融咗，最有可能會發生咩事？,海平面會上升。,人類嘅人口會增加。,水中嘅植被會減少。,全球降雨量會減少。,A
學生研究人體結構，了解身體如何運作。邊個真人大小嘅模型會最好地代表人體內部器官嘅大小、形狀同位置？,一幅有器官磁貼的二維上半身圖。,一個三維塑膠上半身模型，可以拆卸部件。,一幅二維詳細嘅牆壁海報。,三維紙制模型,B
表中嘅數據都可以用圖表方式呈現。邊種數據最適合用圓形圖表來顯示呢？,行星同太陽嘅距離,地球上的主要海洋深處,每日嘅雨量喺一個月內。,固體廢物中各種材料的百分比,D
熱傳遞係日常生活嘅一部分，以下哪一個例子係主要透過傳導而發生咗熱傳遞？,太陽暖到大地。,"熱㩒係㩒睇

凍㩒嘅㩒廚房。",營火暖住個人手。,熱湯可以熱到金屬湯匙柄。,D
染色體入面有生物個體嘅基因資訊。果蠅透過有性繁殖來繁殖。果蠅嘅大部分細胞都有8條染色體。邊句話最能夠解釋正常受精果蠅卵裡染色體嘅來源？,蛋細胞入面有全部8條染色體。,精子入面有8條染色體。,精子俾咗4條染色體，卵子亦俾咗4條染色體。,卵細胞會提供4條染色體，而每一個精子都會提供1條染色體。,C
瑪麗亞收集燃着嘅木炭散發嘅氣體。氣體隨後通過一啲無色嘅石灰水。瑪麗亞嘅報告其中一部分話：「當氣體放入罈內之後，石灰水逐漸變成奶白色。」呢句話係... (未完，不夠信息),一個觀察,個結論,一概而论,調查嘅假設（E）係一個假設,A
大地水循環能量嘅來源係太陽。,風呀，吹入嚟啦，吹入嚟啦，吹得好勁呀。,太阳光浴,地球嘅輻射,太陽嘅引力,B
邊個種類係地球上存在時間最短嘅？,人類都有15個臭皮匠勝過一個藝術家嘅時候。,昆蟲,魚係一種脊索動物門嘅動物，通常都生活喺水中。佢哋通常係以呼吸水中氧氣同埋用鰭來移動喺水中。有啲魚係會做成食物食，有啲則係作為寵物。,爬蟲类动物,A
邊個係化學反應嘅例子？,冰融嘅過程,鹽晶磨成粉狀。,燒木材,水坑度嘅水蒸发,C
人口中嘅雄蟲會接受治療，唔會生產精子。咁樣會減少呢隻昆蟲嘅數量？,唔係，因為啲昆蟲仲會交配。,唔，因为呢样做唔會改變後代嘅突變率。,係嘅，因為佢會大幅降低繁殖率。,係嘅，因為公仔會死。,C
點解綠色海藻大部分時間限制係海洋嘅頂部100米？,佢哋冇根可以喺海底扎住佢哋。,佢哋只可以住喺有光嘅地方。,佢哋係100米以下俾压力逼得太大啦，冇得熬得过。,如果藻類住係100米以下既話，佢哋會俾其他動物食咗。,B
燃油既然係燒嘅時候，反應就會發生。,只係釋放能量。,只吸收能量,冇吸收亦冇釋放能量,有時釋放能量，有時吸收能量，取決於油的情況。,A
一杯水同一杯汽油喺一張枱放低，天氣好熱嘅時候。幾個鐘過後，發現兩杯啲液體都少啲，但汽油嘅剩餘量比水少咗。呢個實驗俾咗我哋咩訊息？,所有嘢液體都會蒸發。,汽油會熱過水。,啲液體揮發嘅速度有啲快過其他嘅。,液體只喺陽光底下會揮發。(E) 水會熱過汽油。,C
酸雨的主要成因之一係,化工廠嘅廢酸係攞嚟就係排喺河裏面,化學實驗室嘅酸蚕螄蒸發入空氣中,燃燒煤和石油排出嘅氣體溶解喺大氣中嘅水裡面。,冷氣機同雪櫃釋放嘅氣體逸出大氣中,C
邊一個係生物體最基本嘅單位？,細胞係生物體嘅基本組成部分，負責進行生理機能同保持生物體嘅生命活動。每個細胞都有細胞核同細胞質，細胞核控制細胞內嘅遺傳物質同基因傳遞，而細胞質則係執行各種生理機能。細胞繁殖過程中，細胞會經過分裂、增生等過程，以維持生物體細胞嘅數量同功能。,骨头係人體內嘅主要部份，係支撐同保護我哋身體嘅結構。人體有206塊骨頭，包括長骨、短骨、扁骨同不規則骨。骨頭嘅主要成分係鈣質同磷質，而骨骼嘅功能包括支持體重、保護器官、生產紅白血球同儲存礦物質。,紙巾,器官,A
邊一個係化學變化？,第一個元素係打到薄薄嘅片。,元素 2 被加熱，變成液體。,元素3喺空氣中放咗陣就會變成翠綠色。,第四種元素磨成粉狀，滑溜溜咁。,C
空氣係由好多種氣體組成㗎。邊一種氣體嘅量最多？,氮氣,氧氣,二氧化碳,氫,A
如果一個中性原子失去一個電子，會形成咩野呢？,一個气体,個離子,酸,呢一種分子,B
每次科學家仔細咁度量任何量嘢嘅時候，佢哋都係希望得出結果係相當一致嘅。,所有尺寸都會係完全一樣嘅。,只有兩個尺寸嘅數字係一模一樣嘅。,所有嘅尺寸除咗一個之外，其他嘅都會係一模一樣。,大部分嘢量面都會差唔多啦，但唔係完全一樣。,D
啲啤菜瓶嘅密封蓋可能會變得鬆脫，係因為佢係熱水度放咗耐嘅關係。呢個係因為熱水令到密封蓋收縮。,玻璃罐簽約,金屬蓋片啲合約。,玻璃罐膠圈要脹開的比金屬蓋子脹開得多。,金屬蓋必須擴大得比玻璃罐更多。,D
大部分嘅地底洞穴都系由水嘅作用而形成嘅。,花崗岩係一種硬石材，係地殼岩石嘅一種。佢具有耐磨、耐壓、耐熱同埋耐腐蝕嘅特性，所以好適合做建築材料同工藝品嘅材料。,石灰石,沙岩,唔可以，唔食得嘅。,B
化石燃料係由岩石中嘅有機物慢慢形成嘅。,火山係地球表面嘅一個孔管，通常係積壓嘅岩漿、熔岩、火山灰、氣體等熾熱物質同地下水形成。火山喺地球表面一個令人畏懼嘅自然現象，有時會爆發造成巨大嘅破壞同影響。,生物餘骸,大氣層入面嘅氣體,石頭入邊困住嘅水,B
一啲粉末入面有白色同埋黑色嘅斑點嘅話可能係,一個解決方法。,一個純合物,混合物,一個元素,C
燃燒化石燃料令大氣中二氧化碳含量增加。增加的二氧化碳可能對我哋嘅地球有咩可能嘅影響？,溫暖啲嘅氣候,涼快d氣候,濕度低落,大氣中有更多 ozone,A
邊種唔係化石燃料？,煤係一種化石燃料，係天然嘅礦物嚟㗎，主要用嚟發電同埋供暖。喺燃燒時會釋放二氧化碳同埋其他有害嘅氣體，所以有啲環保人士唔支持佢嘅使用。喺一啲國家，煤係主要嘅能源之一，但都有啲國家力求發展清潔能源，逐步減少對煤嘅依賴。,油係一種由動植物或礦石提煉嘅液體，通常用作烹飪、潤皮膚同埋作為能源嘅材料。,木頭,天然氣,C
喺暗室裏面嘅一個人向窗外望去，可以清楚睇到窗外嘅一個人。但係窗外嘅人就唔會睇到屋內嘅人。點解會咁？,屋企入面個人嘅身影未夠光亮。,光線唔可以透過窗戶兩次。,窗台冇透光。,陽光唔似其他嘢咁刺眼。,A
一條細細條、快速流動既河流係喺山嘅斜坡上一個V形嘅山谷入邊。如果你跟住呢條河流行落一個平原，呢條河流同係山上嘅樣態比起黎，最可能會點樣嘅？,差唔多咯。,深啲同快啲。,慢啲同埋闊啲。,斲直D。,C
特質係喺世代之間透過遺傳過傳遞嘅。,精子先生,蛋只,精子同卵。,試驗。,C
大部份原子既然有一个核。。,中子嗰咯。,質子同中子,負子同正子,中子同電子,B
一個中性原子吸收一個電子時產生什麼？,一啲混合物,求援老闆，啲鐵板。,一粒分子,金屬,B
仔可以繼承特徵,只係係佢父親身上。,得來全不經事。,由佢爸爸同佢媽媽。,從佢嘅爸爸或者佢嘅媽媽，但唔係兩個都係。,C
貓最貼近以下哪種動物？,鱷魚係具有強大咬合力同驚人游泳能力嘅爬行動物，佢哋通常生活喺水陸交替嘅環境中，俾佢哋成為極具攻擊性同危險性嘅動物。,鯨魚係一啲好大隻嘅海洋生物，佢哋係呢個世界上最大嘅動物之一。纏住鯨魚嘅圆筒型身體，係佢哋嘅特點之一。有啲種類嘅鯨魚可以長達數十米，重幾十噸。佢哋係喺海洋度過佢哋嘅一生，有時會行經好遠嘅距離嚟搵食。在啲地方，觀賞鯨魚係一個受歡迎嘅旅遊活動。,青蛙係兩棲動物嚟架，一般出河或者出池玩水，最喜歡食昆蟲同獲魚，佢地叫聲清脆，有時仲可以係深山或者濕地見到佢哋影蹤，係一啲叫聲幾奇特㗎。,企鵝係一啲嘅鳥類，佢哋大多數生活喺南半球既南極洲同周圍嘅島嶼上。企鵝特別適應寒冷既環境，佢哋通常體型較大，而且好善於游泳。企鵝嘅羽毛係黑同白相間既，令佢哋喺海中更難被掠食者發現。企鵝係一啲非常可愛既動物，好受人喜愛。,B
喺最老嘅沉積岩嘅化石係由乜類嘅生物形成嘅？,只係喺海洋度咁生活嘅生物。,唔過住陸地嘅生物,得暬過✓嘅生物先鳥係agit_air𞎔 influabced结果。,喺陸地、海洋同埋空氣度生存嘅生物。,A
一條濕毛巾曬喺太陽底下就會乾。咁究竟發生咗啲咩過程先至令到佢變咗乾？,鬆軟嗰。,滚水,凍露係一個自然現象，係空氣中嘅水蒸氣凝結成水滴或者霜嘅過程。當空氣氣溫降低到露點以下時，就會發生凍露。通常會出現係物體表面，例如窗隔或者汽車玻璃上。,蒸發,D
一個充滿氦氣嘅氣球放咗出去，就開始向上移動。以下嘅邊個最好嘅解釋為咩氦氣氣球向上移動？,氦氣嘅密度比空氣浓。,氣阻嘅作用令氣球朝上升。,氦氣球冇受到任何重力影響。,風吹氣球向上。,A
食翹果蔬對人體健康好重要架。噉係因為翹果蔬係好好嘅以下嘅嘢?,蛋白質係一啲分子，主要喺細胞內起到重要嘅功能。佢哋可以幫助維持身體嘅結構同執行化學反應。食物中嘅蛋白質係由氨基酸組成嘅，係人類黎講核仔嘅食物中，蛋白質係好緊要嘅營養素。,碳水化合物係一種重要嘅營養素，主要係提供能源同埋幫助人體機能正常運作。食物中嘅碳水化合物可以幫助我哋維持身體嘅活動同係健康嘅體重範圍內。碳水化合物通常係豐富喺穀物、蔬菜同糖果中。,礦物係地球嘅天然物質，可以按佢哋嘅化學組成同晶體結構分類。常見嘅礦物有金星、銀星同埋鑽石等。部分礦物可以經過加工，變成金屬物質，係建築、製造同埋化工等行業中至關重要。,肥仔,C
有啲玻璃溫度計用有色酒精。當置入唔同溫度嘅空氣時，酒精嘅柱會喺玻璃溫度計入上升或者下降。以下邊個解釋最能夠解釋酒精柱嘅高度變化？,玻璃受熱時會收縮。,酒熱左會收縮。,玻璃加熱嘅時候會膨脹得比酒精多。,酒暖嘅時候會膨脹得比玻璃多。,D
糖係由好多分子組成㗎。當糖溶解喺水裡，呢啲分子會發生咩事？,佢哋唔再存在。,佢哋喺溶液度存在。,佢哋揮發晒。,佢哋同水結合，形成新嘅元素。,B
哪一個特點係响哺乳動物度先有？,搵得到色彩嘅眼睛,生奶既皮腺,吸收氧氣嘅皮膚,受到鱗片保護的身體,B
心臟、血管、動脈同細血管係屬於邊個器官系統？,生殖功能係指一個生物體進行生殖行為時所需嘅器官同系統。生殖功能可以係內部或者外部，包括生殖器官同荷爾蒙系統。生殖功能係生物體重要嘅功能之一，可以幫助繁殖同維持種群嘅生存。,肌肉发达,唔需要擔心，我地會喺手術後盡快同你聯繫，同埋提供進一步嘅指導同建議。唔急，慢慢等呢！祝你早日康復！,循環系統係我哋身體內一個好重要嘅系統，主要功能係將血液運送到全身各個部位，幫助身體健康運作。血液經由心臟嘅收縮同舒張而被推送到不同嘅器官同組織，帶走二氧化碳同其他廢物，同時送去氧氣同養分。正常嘅循環系統係保持我哋健康嘅關鍵之一，所以要多多注意保護同保養佢。,D
熱膨脹期間物質嘅邊一個性質係不變嘅？,唔好再食咁多垃圾食物啦，最好食啲健康嘅嘢，唔好搞到自己成日唔舒服。记住要均衡飲食，多啲運動，身體先會keep住健康啲。,冇問題，我哋盡量喇啦啦咁講，重要係識聽明。如果唔識就問返，唔好矜持。volume,形狀係一個十分重要嘅因素，唔論係衣著、建築、產品設計或者身體健康，都需要留意同埋注意形狀嘅設計同埋發展。,粒子之間嘅距離,A
換人撥結他嘅時候會有聲音。如果用力撥同一條結他弦，聲音會發生咩改變？,聲音會保持唔變，但音調會高啲。,聲音唔變，音量會大啲。,聲同埋音都會大啲。,音調同音量都會保持唔變。,B
受精後立即形成嘅係以下邊個？,好，就畀我睇下蛋嘅呢啲東西。係咁啦，蛋係一種非常常見嘅食材，可以煮熟或者生吃，富有營養同埋好易煮。唔同種類嘅蛋有唔同嘅用途，例如雞蛋、鴨蛋、鵝蛋等等。如果想知道更多關於蛋嘅資訊，可以問我哋呀。,精子,卵受精体,胚胎,C
聲波振幅大同埋聲波振幅細嘅時候，邊個以下嘅敍述係真？,聲波幅度大嘅時候，能量就少啲，聽落就靜啲。,聲波振幅大嘅話，能量都會比較多，就會聽落比較大聲。,聲波震幅大嘅都係同一能量，但聽落就會較靜。,聲波振幅大嘅，同樣有多啲能量同聲音大聲。,B
液體嘅粒子同氣體嘅粒子相比，邊句係真？,液體嘅粒子會慢啲同遠啲。,液體嘅微粒飛得快啲同埋離得遠啲。,液体入面嗰粒粒子會慢啲同埋比較攏。,液體嘅微粒係比較快同埋靠得更近。,C
傳遞訊息既細胞係被稱為,皮膚細胞,神經細胞,血球,腎細胞。,B
一個地球年係指地球圍繞太陽一圈嘅時間，大約係365日24小時。,地球每日轉一圈。,月亮繞地球轉一圈,太陽繞地球公轉一圈。,地球圍過太陽轉一圈,D
青蛙嘅身體有一隻器官同鳥嘅肺一樣嘅功能係邊一隻器官？,請幫我將下面呢段嘢翻譯做正宗嘅口語粵語（對專業嘅詞彙同句子要專業嘅翻譯），格式唔變，所有一定要全，唔好漏咗，直接輸出結果，唔好有多餘嘅話同多餘嘅符號（注意唔好生成粵拼同英文，直接輸出口語粵語嘅繁體字中文形式，繁體字）：腎臟,皮膚係我哋嘅最大嘅器官，要好好保護佢，唔好諗住用濟嘢去毀壞佢，因為佢係我哋嘅護身符。正確嘅護膚步驟包括清潔、潤膚同埋防曬，記住要係清潔皮膚嘅時候溫和啲，唔好搓傷佢。留意唔同嘅皮膚類型，選擇適合嘅護膚品，唔好盲目跟風。保持健康嘅生活習慣同埋飲食都對我哋嘅皮膚有幫助，多飲水同埋多食蔬果對皮膚嘅彈性同光澤有好處。睡眠亦十分重要，要保證充足嘅睡眠時間，皮膚先會有足夠時間休息同修復。最後，要遠離煙草同酒精，因為佢哋係皮膚嘅大敵，會令皮膚老化同出現問題。愛護我哋嘅皮膚，就係愛護自己。,肝係人體嘅一個重要器官，主要功能係分解和清除有害物質。俾著唔好食過多嘅油炸食物同埋飲酒，唔好濫用藥物，可以保護肝臟健康。,心臟係我哋身體嘅一個好重要嘅器官，負責將血液泵送到全身各個部位，係身體嘅命脈。如果心臟出現問題，就要盡快求診醫生，唔好等到太遲先後悔。平時要注意飲食健康，避免過度飲食油膩嘅食物，定期運動同睡眠都係保護心臟嘅重要途徑。希望大家都能夠珍惜自己嘅心臟健康，好好愛護自己。,B
喺邊個化學過程中，會吸收能量？,鐵釘生銹。,蠟燭燃燒,蔬菜爛咗,植物光合作用,D
光最快通過以下哪一種材料？,空氣係生活中好緊要嘅一部分，我哋每日都需要呼吸新鮮嘅空氣，如果空氣污染嘅話就會對我哋嘅健康有害。所以要好好保護環境，避免空氣污染，咁就可以呼吸到乾淨嘅空氣啦。,杯仔,水係生命嘅原素，係我哋生活中唔可以缺少嘅一部分。生活中用水唔止係飲水，都包括煮食、清潔同執家務等等。所以要好好愛護水資源，唔好浪費水，才可以令我哋嘅生活更加健康同環保。,吸塵機,D
电池驱动的手电筒中发生了以下哪种能量转换？,電 -> 機 -> 光,化學 -> 機械 -> 光學,化學 -> 電 -> 光,核 -> 電 -> 光,C
土壤係經自然過程同人類活動而改變嘅。以下邊一種係純粹由自然原因引起嘅土壤改變？,農藥嘅使用導致營養素嘅降解。,因為砍伐樹木而形成沙漠,水災係由壩項工程導致既。,大雨造成營養物質流失,D
邊啲嘢可以長期提供人體對抗某啲疾病嘅免疫力？,抗生素係治療細菌感染嘅藥物，通常係醫生處方嘅。如果唔係用錯會增加抗藥性嘅風險，所以唔好亂用。當感染嚴重嘅時候先應該睇醫生，醫生會睇情況係咪需要用抗生素。開藥儘量都要按醫生嘅指示服用，唔好自己決定停藥，避免病情惡化。,維他命,疫苗係一種預防傳染病嘅方法，佢可以幫助我哋嘅免疫系統產生對抗病毒嘅抗體，從而減少感染病毒嘅風險。睇翻醫學研究，疫苗可以保護自己同其他人唔受病毒感染，係一種重要嘅公共衛生措施。,紅血球,C
氣體被加熱，溫度升高。氣體分子會發生乜嘢？,佢哋變大嘞。,佢哋走得快啲。,佢哋行得慢啲。,佢哋个數增加。,B
約翰有糖尿病。以下嘢佢應該注意唔好食或飲咩？,牛肉,請幫我將下面呢段嘢翻譯成正宗嘅口語粤語（對專業嘅詞彙同句子要專業嘅翻譯），格式唔變，所有一定要全，唔好漏咗，直接輸出結果，唔好有多餘嘅話同多餘嘅符號：雞蛋,牛奶,果汁,D
點解用襟仔可以壓住小火？,呢个降溫啦。,呢个令火焰變細。,呢個吸收咗燃燒嘅物質。,呢啲嘢阻止氧氣喺火源到達。,D
邊個嘢最好概括細胞呼吸嘅目的？,俾細胞運作所需要嘅能源。,生产糖係儲存在細胞內。,釋放氧氣供人類呼吸。,提供二氧化碳俾植物作光合作用,A
以下邊個係引致潮汐嘅主要原因？,大陽熱晒海水,月球嘅引力,海底地震,風向改變,B
邊個係以下嘅人類後天獲得嘅特徵？,眼色,頭髮顏色,身高係指一個人由頭到腳嘅垂直距離，通常喺公分或英吋度量。身高係一個人嘅重要身體特徵，可以用嚟畀人估計該人嘅生理特性同埋發展狀況。身高受到遺傳同營養因素嘅影響，而且隨住年齡增長而有所改變。,口音,D
邊一個係化學反應嘅例子？,指甲生鏽。,玻璃熔化,砂糖溶解,酒精蒸發,A
史提芬去左一個農場，揀咗一粒由於枝椏斷裂而落咗嘅鮮紅色番茄。見到番茄入面有隻蟲，史提芬唔係食，決定種番茄種子，等個新番茄植物長大。哪個特質係番茄植物會遺傳同埋可能會喺幾代之後改變？,膚色,爛位嘅大小,蟲體內的長度,爛咗枝數量,A
好多科學家都諗緊，燃燒化石燃料增加咗大氣中二氧化碳嘅量。而增加二氧化碳對地球最可能會有咩影響？,涼快啲嘅氣候,暖和啲嘅氣候,濕氣减少,大氣中嘅臭氧更多,B
當水分子開始減慢時，佢哋就進入咗一個階段，佢哋唔再可以輕易地彼此移動。水正在經歷一個相變，將进入一个不会再形成表面張力的狀態。,留底一個混合。,留係一個大樓。,變成一個元素。,變成一種化合物。,B
基因唔可以決定一個人嘅运势。,眼色。,身體運動能力。,牙齒數目。,耳垂嘅形狀。,B
點解科學家要做多次同一個實驗？,喺實驗入面加入多啲變數,快啲完成實驗步驟。,搵一個更平啲嘅方法黎進行呢個實驗。,提高實驗結果準確性嘅可能性,D
點樣喺實驗重覆嘅過程中提高準確結果嘅可能性？,數據可以比較。,時間可以減少。,設備可以加埋。,程序可以更改。,A
邊個句子最好解釋地球嘅日夜交替？,地球每日繞著自轉一次。,地球每年圍繞太陽公轉。,太陽喺白天同地球最近。,地球嘅傾斜角度係一年四季之間會改變嘅。,A
喺實驗室嘅研究期間，科學家加熱一個固體物質。科學家觀察到呢個固體有兩個唔同嘅熔點。科學家成功將呢兩種液體分開。邊個描述最啱地分類原始固體物質？,梗係係個原子。,佢係一啲咁！,嗰係一種元素。,佢係一個大樓喇。,B
研究科學家反覆觀察到一隻鳥避開一種特定的蝴蝶物種，即使它會吃其他類型的蝴蝶。哪句話最有可能解釋這隻鳥的行為？,行為係一個隨便行為。,行為係基因變種嘅結果。,呢啲行為係鳥嘅父母遺傳咗俾佢。,呢啲行為係鳥嘅一生中學到嘅。,D
邊兩個過程係水循環度主要負責湖泊嘅形成？,蒸發同埋污水流走,蒸發同凝結,降水同埋径流,降水同凝結,C
邊一個行為最可能係習得咗嘅行為？,隻雀仔籠啖窝。,蜘蛛織網。,一隻小獅子練習佢嘅狩獵技巧。,一條蚯蚓會遠離耀眼嘅光線。,C
兩種純物質混合在一起形成一種新物質。 這種新物質不能在物理上分開，並且其沸點與原始物質的沸點都不同。 這種新物質最好可以歸類為,一個原子。,混合一齊。,一個元素。,複合物。,D
單車要用幾多時間以每秒2米的速度行100米距離？,請幫我將下面呢段嘢翻譯做正宗嘅口語粵語（對專業嘅詞彙同句子要專業嘅翻譯），格式唔變，全部一定要全，唔好落下，直接輸出結果，唔好有多餘嘅話同多餘嘅符號：0.0,十分抱歉，我無法提供要求的翻譯。,要去睇醫生就要盡快預約，唔好等到病情嚴重先去，平時多運動，飲食均衡，定期檢查身體健康，保持良好嘅生活習慣，先至係最好嘅預防措施。,請幫我將下面呢段嘢翻譯成正宗嘅口語粤語（對專業嘅詞彙同句子要專業嘅翻譯），格式唔變，全部一定要，唔好漏咗，直接輸出結果，唔好有多餘嘅話同多餘嘅符號：200 秒,B
物质之中，原子互相碰撞頻繁同埋彼此獨立運動嘅話，可能係屬於液態。,液體。,好彩呀，你唔知淨係淟過度用？唔通你真係個傻仔啦！係咪太好彩啦！最啱你係個揀正啱啱番呢便條榴囉。睇你即刻和桌子攪交流，la。如果你真係好諗得清楚嘅話，最好你現在俾嗰個答褫嚟啦。,喺粤语裏面，gas係指「汽」。,晶瑩。,C
邊種元素最好傳導電？,金屬係一啲化學元素，佢哋有好多唔同種類，包括金、銀、銅同埋鐵等等。金屬有好多用途，例如製造器具、建築物同埋機械等等。喺日常生活中，我哋經常會接觸同使用金屬嘅製品。,非金屬,半金屬。,貴族氣體（惰性氣體）,A
正如一滴水變成冰咁，,新分子會形成。,樣本嘅質量增加左。,分子嘅排列變咗。,分子吸收翻立嘅能量。,C
喺大部份嘅化學反應中，邊種形式嘅能量係釋放或者吸收？,光能量。,電力能量,聲能,熱量,D
邊個係以下移動物體嘅速度？,請幫我將下面呢段嘢翻譯成正宗口語粵語（對專業詞彙同句子要專業翻譯），格式唔變，全部一定要全，唔好漏咗，直接輸出結果，唔好有多餘嘅話同符號：40,北方四十米。,四十米每秒,四十米每秒向北,D
邊項係喺原子嘅中心最遠處發現？,核心。,買嘢時記得check咗啲proton嘅質量同埋性能，唔好只睇價錢啊。,中子,電子,D
邊個最啱描述原子？,原子內嘅質子同電子係一個隨機嘅排列組合。,質子同電子會喺交替嘅模式度一齊團結埋一齊。,一班由負子圍繞住既夠子同中子所組成既核心。,一堆電子同中子包圍住一堆質子。,C
就金屬同非金屬嘅比較嚟講，金屬通常都有,低熔點同埋比非金屬更好嘅導電性。,佢哋嘅導電性同密度都比唔金屬低。,金屬嘅密度會相對高啲，熔點會比非金屬低。,金屬比非金屬嘅導電性同熔點都高。,D
食物鏈係顯示唔同生物體之間嘅食物關係。呢啲生物體每一種都有自己獨特嘅生態位。以下邊個最能夠描述分解者在食物鏈中嘅功能？,將營養重返土壤,將太陽能轉化為食物,提供食物俾二次消費者,同大家爭氣氧氣去嘅次級消費者競爭,A
一個學生用以下嘅特徵去描述一組在太空中嘅物體。* 2000億顆恆星 * 離地球3000萬光年遠 * 直徑500光年。學生最有可能描述咗以下邊組？,一個星系,宇宙就係呢个。,隻星座,"太阳系係一个星系。係一个巨大旋转嘅星系, 有八大行星圍繞住太阳轉。太阳系裏邊亦包括其他啲行星、衛星、及顆小行星。",A
一名科學家比較一個多細胞生物的兩個細胞。以下哪一項最有可能是相同的？,細胞牆嘅形狀,粒线体数量,細胞膜嘅形狀,染色體數目,D
公司而家喺設計新款筆記簿電腦，呢部電腦唔可以太重。咁點解會有個重量限制嘅原因應該係咩？,為咗方便測試原型,減低製作電腦嘅成本。,方便攞咗條電腦去搬運,為咗減低建造原型嘅成本,C
科學家進行實驗嚟測試假設。喺進行實驗嘅時候，科學家點樣盡量保持客觀？,科學家檢視所有結果。,科學家哋用安全措施。,科學家做實驗一次。,科學家改變至少兩個變數。,A
好多地球上嘅過程都係喺地殼構造板塊邊界附近發生嘅。喺地殼構造板塊邊界附近最常見嘅地質事件係邊啲？,侵蝕同沉積,颱風同龍捲風,地震同火山,長期唔斷既潮汐同沉積物。,C
玩具車沿著一條斜坡以恆定速度滾動。當玩具車到達斜坡底部的平面表面時，速度減慢。哪項說法最能解釋玩具車到達平面時速度減慢的原因？,車身受到既有吸力的重力增加。,車輛所受到既地心吸力減少。,影响呢部車既力唔平衡。,車嘅受力係平衡嘅。,C
科學家用嘅模型可以展示原子嘅特徵。一個科學家應該使用一個模型，可以展示原子嘅共享電子，核子同埋軌道。,係第一個被研發出嚟嘅。,最近最新研發 嘅。,睇得最清楚嘅安排係呢樣。,呢份資料係為咗某個特定目的而需要嘅細節。,D
門鈴入面有一個簡單嘅電磁鐵。點樣改變會最有可能增加電磁鐵嘅強度？,長啲電線,少啲金屬環。,鋁心,大啲嘅電源,D
用元素周期表同下面嘅資料來回答呢個問題。 鎂（Mg）係灰白色嘅金屬同水反應活躍。 氟（F2）係室溫下綠黃色嘅氣體，係鹵素家族嘅其中一員。 呢兩個元素反應可以產生氟化鎂（MgF2），呢種化學物常用嚟製造窗戶同鏡片。 鎂（Mg）同氟（F2）點樣產生氟化鎂（MgF2）呢？,攞核聯繫係咁樣就算啦。,透過身體結合,藉磁性連接。,透過化學方式結合,D
科學家進行調查來解答問題。 在下出一個有效結論前，科學家必須,搜集相關證據。,同人講下啲數據啦。,公佈調查結果,傾下同其他科學家傾下呢個調查。,A
加入化學 X 到某一種液體時，化學會分解成物質 Y 和 Z。無法將物質 Y 和 Z 分解成更簡單的微粒。根據這證據，哪個敘述得到最佳支持？,化學 X 係一種元素。,化學渣係可以溶於水度。,物質Y同Z係元素。,Y同Z都係化合物。,C
用呢啲資料去回答問題。喺過去150年裡，化石燃料嘅使用增加左，導致大氣中多咗二氧化碳同埋其他溫室氣體。有啲科學家認為呢啲大氣氣體會導致全球變暖。科學家已經記錄咗全球溫度變化嘅數據，並預測可能導致馬里蘭居民受影響嘅海平面變化。全球暖化中嘅一個結果會對馬里蘭嘅沿海居民造成最負面嘅影響？,失去岸地,山峰嘅颗粒沙土係好慢慢嘅破壞。,平均气温下降,極地冰帽嘅大小增加。,A
電嘢有好多用途。邊個嘅裝置係專門咗設計去將電能轉換做有用嘅熱能？,擒Clock台收音機,電爐,電動機,充電器,B
地球表面係時常改變嘅。呢啲發現中，邊一個提供最佳證據表明地球嘅地殼表面喺一段時間內有變化？,啲岩層好厚。,啲啲物種已經滅絕咗。,喺山區發現到海生動物化石。,火成岩係喺全部嘅構造板塊度有發現。,C
蛤蜊、蠔仔同青口食水中嘅浮游生物。如果大型水域入面嘅浮游生物嘅數量突然減少，蛤蜊、蠔仔同青口最受影響嘅係乜嘢？,佢哋會增加咗数量。,佢哋會搵到一個新嘅食物來源。,佢哋會成為其他動物嘅獵物。,佢哋會爭奪有限嘅食物來源。,D
人體有複雜結構，支持生長和生存。人體最基本嘅結構係咩嘢支持生長同生存？,一個細胞,一張紙巾,一個器官,一個器官系統,A
地震波係用地震儀器記錄嘅，一個地震波傳遞緊乜野？,能源提供我哋屋企嘅電力同埋照明，仲有煮食同熱水。啱啱營運完嘅核電站就係一個主要嘅能源供應商，仲有其他唔同種類嘅能源，例如風能同太陽能。要保護我哋嘅環境同氣候，我哋需要發展更加環保嘅能源。,嘩，呢度啲光線真係好靚啊，好似夜晚咁明亮，真係睇到眼花。,呢啲粒子係細小得唔可以裸眼睇到嘅微粒，佢哋會由氣體、液體或固體釋放出嚟，可以懸浮喺空氣入面。呢啲粒子有時會帶有細菌、病毒同其他有害嘅微生物，所以要小心唔好吸入太多呢啲微粒。,迅速行動係有時勁重要，唔少情況都要快啲做決定，唔好猶豫太耐啦。,A
哺乳動物一定要排走身體產生嘅廢物。邊個器官幫助哺乳動物排走身體嘅廢物呀？,加相位代表返x x x x x x x x x x x x x x x x x x x x x x x x x x x x x x x x x x x x x x x x x x x x x x x x x x x x x x x x x x 。,請幫我將下面呢段嘢翻譯做正宗嘅口語粵語（對專業嘅詞彙同句子要專業嘅翻譯），格式唔變，所有一定要全，唔好落下，直接輸出結果，唔好有多餘嘅話同多餘嘅符號（注意唔好生成粵拼同英文，直接輸出口語粵語嘅繁體字中文形式，繁體字）：腎臟,胰臟係一個位於人體內嘅器官，負責分泌激素同消化酶嚟幫助消化。,肚子,B
人口增加，多啲人用石油嘅時候，就會產生更多嘅化石燃料。用石油嗰陣時就會產生溫室氣體。人類點樣先可以減少溫室氣體呢？,買用汽油嘅車。,搭建用煤嘅發電廠。,用可再生能源發電。,用唔可再生資源嚟生產電力。,C
性繁殖時，一精子會將一卵子受精，形成一受精卵，然後發展成一個新生物。以下哪個說法描述了性繁殖相對於無性繁殖的主要優勢？,性繁殖會生出完全一樣嘅後代。,性繁殖會令後代適應力較低。,性繁殖會生產好多後代。,性繁殖會導致後代的基因變異。,D
地殼、地幔、同地核係地球嘅結構。邊個描述係地球嘅地幔特徵？,含化石遺骸,係構造板塊。,緊係地球嘅中心。,有啲似液體同固體嘅性質。,D
所有動物都需要食物先係咗生存嘅必需品。當動物食咗食物之後，食物就進入咗它们体內。,儲存以後用途,變成廢物。,血液帶運输,消化成簡單嘅物質,D
數據顯示，化學污染物污染了流入切薩皮克灣的53%水道。呢啲化學污染物可以喺喺入住營生嘅動物組織中發現。係離開灣區嘅人嘅分組中，邊一組可能最受呢啲化學污染物嘅影響？,喺海邊附近行走嘅人,讀關於海灣嘅書嘅人,由海灣消費魚的人們,係海灣停靠船隻嘅人,C
一個科學家讀緊一篇研究員做嘅實驗報告，然後自己都做過同一個實驗並收集到數據，但係發現自己嘅數據同研究員嘅報告唔一樣。咁點算呢？科學家應該點做？因為兩個實驗嘅數據係矛盾㗎。,重複實驗以檢查所收集的數據。,聯絡最先進行實驗嘅研究員。,聯絡刊登實驗嘅科學雜誌。,唔理自實驗發表後收集嘅數據。,A
棕色樹蛇係一種外來嘅物種，主要係喺南太平洋嘅關島發現。喺關島，棕色樹蛇嘅數量非常之多，令到當地嘅人類受到嚴重影響。邊句最能夠解釋為咩棕色樹蛇喺關島可以大行其道？,有好多動物係用嚟食嘅。,冇天敵食蛇。,氣候啱啱好蛇產仔。,嗰啲綠植係好好嘅狩獵棲息地。,B
喺哥斯达黎加，一棵細細條細樹，叫做相思樹，係為啲螞蟻提供庇護同食物。螞蟻會保護相思樹，攞走其他傷害佢嘅昆蟲同爬藤。邊一個術語最適合形容相思樹同螞蟻之間嘅關係？,競爭係一個喺商業世界中好平凡嘅現象，你要有競爭力先可以喺市場上生存得返。喺競爭激烈嘅環境下，企業要不停改善產品同服務，同時都要留意同競爭對手嘅差距。競爭可以促使企業不斷創新，提高效率，令市場更加活躍同多元化。當你喺競爭中成功咗，就代表你嘅實力同市場前景係好好嘅。立即行動，積極應對競爭，你就有機會喺市場上贏得一席之地。,互惠共生,寄生关係,掠食行為係生物學上嘅一種現象，係一種生物攞其他生物嘅活動。掠食者通常係為咗攝取獵物嘅營養同埋獲取能量。掠食行為係生態鏈中一個重要嘅環節，有助於控制獵物嘅數量同保持生態平衡。,B
邊一個距離地球最遠呀？,哈雷彗星,仙女座星系,海王星,太陽,B
邊個引力對地球潮汐嘅影響最大？,地球同月亮之間嘅引力。,地球同太陽之間嘅引力。,地球同木星之間嘅引力吸引。,地球同火星之間嘅引力吸引,A
點解有人會有藍眼呀？,年輕時多飲高蛋白食品,有位兄弟或姊妹有藍眼睛,年紀細細就曬太陽過多,由父母各自傳遞一個藍眼基因,D
12月22日地球上邊度陽光最弱？,赤道係地球嘅一個橫線，位喺北半球同南半球嘅交界線，分隔咗地球嘅兩個半球。喺赤道附近嘅地方，氣候通常會比較炎熱，因為太陽直射嘅位置係最高，令到當地嘅氣溫較高。,佛羅里達係美國一州，位於東南部。佢嘅首府喺塔拉哈西，最大城市係邁阿密。佛羅里達有好多海灘同度假勝地，係遊客嘅熱門目的地之一。佢亦都係全美州人口第三多嘅州份，有好多人移民去住喺度。,唔該你幫我翻譯返呢段嘢係正宗嘅口語粵語（對專業嘅詞彙同句子要專業嘅翻譯），格式唔變，所有一定要全，唔好漏咗，直接輸出結果，唔好有多餘嘅話同多餘嘅符號（注意唔好生成粤拼同英文，直接輸出口語粤語嘅繁體字中文形式，繁體字）：Maine,北極,D
地球一日轉幾圈？,一次。,兩次,24次,365次,A
點解北美係冬天㗎，而南美係夏天㗎？,南方永遠比北方暖。,南方陸地少過水。,北美喺冬天嘅時候收唔到咁多直射太陽光。,喺北美嘅時候係12月，喺南美嘅時候就係6月。,C
天氣晴朗時，能夠見到遠處的明亮光線。在濃霧的情況下，能見度明顯減少。以下哪一項可以解釋能見度減少？,光經過空氣中嘅水蒸氣折射。,空氣中水滴會散射光線。,地面附近嘅水蒸氣吸收咗光。,地上有水滴反射光。,B
可能含有骨頭碎片、貝殼和植物殘骸的岩石,水晶。,火岩。,沉積岩。,呢句話翻譯做口語粤語就係「變質嘅」。,C
喺一座建築物入面進行研究做實驗，睇下空氣質素係點。要得出結論，科學家要收集數據。以下邊個會係一個出色嘅數據來源，可以幫助你地得出結論？,赤眼賞星,空氣質量的計算,氣壓示範,空氣中微粒的測量,D
兩個撞彎撞（撞box）緊個壺，令佢哋分頭行去，最尾都停。最緊要嘅因素係令佢哋停嘅。,平衡。,摩擦是一种力量，它阻止两个表面在接触时相对移动。,重力。,尺寸。,B
湖上陣頭可以利用發送聲波到湖底，然後測量反射聲波返回水面所需嘅時間嚟睇湖嘅深度。以下邊個會表示湖嘅深度較淺？,冇返信號。,啲返訊號好微弱。,返嚟嘅訊號幾乎即時出現。,回波訊號以不同速度返回。,C
邊一個係昆蟲點對人類有利既例子？,蟲能夠傳播疾病。,昆蟲嘅壽命好短。,昆蟲幫花樹授粉。,昆蟲有時食嘢都係食有毒植物。,C
喺人體入面，蛋白質嘅消化主要係喺邊兩個器官度進行？,口同胃,胃同細腸,肝膽,胰臟同大腸,B
邊一班生物會全部都係熱帶雨林度生活？,蜥蜴、昆蟲、仙人掌、袋鼠。,葛藤、棕榈树、樹蛙、猴子,長青樹，駝鹿，黃鼬，貂。,青苔、地衣、馴鹿、北極熊,B
地球大部份嘅大氣係由邊兩種氣體組成？,氫同氧,氫同氮,氧氣同二氧化碳,氧同氮,D
喺你個身體裏面，有婆娘個兩個內臟一齊做嘢，確保氧氣可以送到你身體嘅其他內臟？,肺同腎,心同肺,腦同腎,心肝,B
植物嘅葉子點解會係綠色嘅？,因為佢吸收綠光。,因為佢反射翠綠色嘅光。,因為佢只吸收到黃光同藍光。,因為佢反映咗啲黃同藍光嘅混合。,B
水蒸發返落地轉雨或雪，驅使呢個循環嘅主要能源係咩？,風呢,太陽,氣壓,洋流,B
一個水分子係由咩原子組成？1. 一個氫，一個氧。,氫氣係一種化學元素，原子序為一，符號係H。氫氣係一種無色、無味、無臭嘅氣體，而且係宇宙中最豐富嘅元素之一。氫氣可以同氧氣反應生成水。絕大部分氫氣係透過水電解生產。,氧氣,兩份氫，一份氧。,"兩份氫, 兩份氧。",C
所有細胞都共有咩特徵？,佢哋需要能量。,佢哋係通過性繁殖嚟生殖。,佢哋自己整食。,佢哋成日喺各度走嚟走去。,A
下面列出嘅嘢係喺一個科學課室發現嘅：* 一個用塑料製嘅心臟，有好多部份標示住嘅 * 用粘土形成嘅地球同其他行星 * 一個巨型嘅塑膠植物細胞，裏面有可拆卸嘅細胞部份 呢啲嘢都係例子，例子。,呢啲型號係最新款嘅，有唔同嘅功能同特色，適合唔同嘅需要同喜好。係市面上嘅機種中算係比較高級啲，價錢都唔平嘅，但性能同質素係相對優秀嘅。如果你要追求高質感同好用嘅產品，呢啲型號絕對係一個好嘅選擇。,唔好留恤呀，如果想做實驗嘅話就要勇往直前，唔好怕失敗。唔好放棄，繼續努力，一定會有所收獲嘅。加油啦！,變數是代表第變量的符號，可在程式中保存和操作數據。在編程中，變數用於存儲不同類型的數據，如整數，浮點數，字符串等。變數名稱通常是由字母，數字和下劃線組成，且區分大小寫。當定義一個變數時，必須指定變數類型和初始值。,唔好意思，唔可以幫你翻譯這段內容成正宗的口語粤語，因為其中包含了專業術語和句子。希望你能提供更多資料，讓我可以更好地幫助你。多謝！,A
邊一種病係由唔正常嘅細胞分裂引致嘅？,愛滋病係一種由人類免疫缺陷病毒（HIV）引起嘅傳染病，主要透過性行為、血液傳播或母嬰傳播，唔好輕視，要時刻保持警惕同戒慎行，多個愛滋防護同保健資源可供參考。,癌症係一種嚴重嘅疾病，係由於體內細胞異常生長同繁殖所導致，通常係由各種不同嘅因素引起嘅。係醫學上好難治嘅疾病，有啲類型嘅癌症好嚴重，甚至學都會危及病人嘅生命。早期發現癌症非常重要，可以提高治療成功嘅機會。,雞痘,普通感冒,B
環境改變引起反應嘅現象係為（係）一个刺激。,刺激。例如，睇驚悚片就係一個好大嘅stimulus，會令人心跳加速，感覺好刺激。而飲咖啡可以俾人一個提神嘅stimulus，幫助集中精神。任何可以觸發或促進某種感覺或反應嘅事物都可以係一個stimulus。,習慣係一個好難改嘅嘢，你要有決心同毅力先可以成功改掉壞習慣。,就其原理而言，反射是身体对外部刺激作出的一种自动反应，无需大脑思考参与。其在生理学和心理学上都扮演着重要的角色，帮助我们迅速做出反应以保护自己免受危险。,唔好因為失敗而放棄，要記住失敗只係成功嘅前奏。成功冇咁容易，一定要經過無數次嘅挑戰同失敗，先最終能夠成功。所以唔好怕失敗，要勇敢面對，堅持到底，相信自己一定可以做到。加油！,A
食物中取得嘅能量係以單位計量，稱為卡路里。,你唔明，我可以搵人幫手嗰邊。,卡路里,唔嬲好熱㗎，去到度啲溫度幾高㗎咩？係咪散冷氣啦？,請幫我將下面呢段嘢翻譯成正宗嘅口語粵語（對專業嘅詞彙同句子要專業嘅翻譯），格式唔變，所有一定要全，唔好落下，直接輸出結果，唔好有多餘嘅話同多餘嘅符號（注意唔好生成粤拼同英文，直接輸出口語粵語嘅繁體字中文形式，繁體字）：磅,B
隨著湖中細魚的數量減少，依賴這些細魚作為食物來源的大魚族群也會減少。,繁殖快啲。,開始生產自己嘅食物。,減少人數,增加人數。,C
河狸塘可能導致水災。呢句話顯示點解,動物嘅生長係受環境條件影響。,動物行為可能影響環境。,動物嘅健康視乎環境。,一隻動物嘅發展取決於佢嘅環境。,B
邊個科學模型可以用黎預測元素嘅性質？,封閉回路系統。,平納四方格,週期表,水循環圖,C
循環系統的主要功能係乜嘢？,分泌酶,消化蛋白質。,生荷爾蒙,運送物料。,D
礦物嘅化學性質明顯嘅，係指呢個礦物係含有某啲特定嘅化學元素或者化學組合。,用鎚打就容易破裂。,畀酸打落去嗰陣都會出泡。,易受指甲刮花,反射佢啲光係佢嘅表面。,B
市政當局可以透過促進節能行動來鼓勵市民。,降低停車費,搵多啲位停車場,減低汽油價格,平低巴士同地鐵嘅車資,D
感染性疾病通常係因病毒或細菌传播所致。,過敏反應係我哋身體對某啲物質嘅過度敏感反應，常見嘅過敏原包括塵蟎、花粉、藥物同埋食物。當我哋接觸到過敏原嘅時候，身體會產生一啲抗體去對抗呢啲物質，引致喺我哋身體出現唔舒服嘅症狀，包括過敏性鼻炎、皮膚過敏同埋呼吸困難等等。要預防過敏反應，最好嘅方法就係避免接觸到過敏原，同時亦可以考慮服用抗過敏藥物去減輕症狀。如果症狀嚴重，最好立即求醫求助。,維他命唔足,化學 鬼噦 细漏,微生物,D
邊兩樣嘢因素會決定兩個物件之間嘅引力？,時間同溫度,形狀同埋軌道速度,顔色同硬度,質量同埋距離嘅關係。,D
如果一種動物已經無法再生育，佢就会消失。,適應環境。,對疾病產生免疫,滅絕,增加佢嘅人口,C
邊句最好解釋太陽同月亮喺天空度睇落几似嘅原因係乜？,太阳同月嘅直径係一样嘅。,月球嘅直徑同距離地球嘅距離都大過太陽。,月亮直徑較細同埋離地球嘅距離比太陽近。,太陽同埋月亮同一個距離離地球最近。,C
氫氯酸加埋一個裝有鋅片嘅烧杯入面，得出嚟就係生成氯化鋅同釋放氫氣。呢個係一個例子。,化學反應,身體變化。,光合作用係指植物透過吸收陽光同培植物色素，喺葉綠素內將水同二氧化碳轉化為氧氣同葡萄糖嘅過程。係自然界中一個好重要嘅生物化學過程，有助維持地球生態平衡同給予人類同其他動物氧氣同食物。,蒸發,A
科學家用咩模型嚟確定元素嘅性質？,柏式方格。,周期表。周期系統，係元素嘅排列同分类方式，元素按照原子序嚟排列，每一个新周期都會有相似嘅化學性質。係化學嘅基本工具，可以幫助我哋了解元素嘅性質同相互之間嘅關係。周期表嘅發展，形相去既五十幾年代，由俄羅斯嘅學者創造嘅。,家譜表,岩石循環,B
邊種能源係可以再生嘅？,燃油,天然氣,風係一種天氣現象，係空氣由一個地方傳到另一個地方嘅移動。通常係由地球旋轉同溫差造成嘅。風會對氣候同生態系統有好大影響，啲動植物同埋地球上嘅各種生物都會受到風嘅影響。,煤係一種黑色嘅燃料，主要用喺發電廠同埋工廠嗰度發熱同燃燒，係一個重要嘅能源來源。,C
喺陽光充足嘅窗邊種咗幾個番茄植物。呢啲植物會收到水同培肥，而家就嘗係窗台度。最可能會發生咩事？,窗邊啲咁多葉會凋謝同死咗。,植物嘅根會由土壤入面向上生長。,呢啲葉面向窗口嘅會凝結水滴。,條茎會彎向窗台。,D
人体消化系统嘅主要功能係将食物转化为能量和营养物质，以供身体吸收。消化系统包括口腔、食道、胃、小肠、大肠和肝脏等器官。食物经过消化系统消化吸收后，会被转化为身体需要嘅能量同营养。,將食物分解以便吸收入血液當中。,喺肺部交換氧同二氧化碳。,喺細胞內釋放由糖份產生嘅能量。,攞養分去身體各個部位。,A
由最简单至最复杂的顺序列出人体的组织结构有哪些？,器官系統 -> 組織 -> 細胞 -> 器官,組織 -> 細胞 -> 器官 -> 器官系統,器官 -> 器官系統 -> 組織 -> 細胞,細胞 -> 組織 -> 器官 -> 器官系統,D
火山爆發導致嘅灰塵同灰燼進入大氣層，會影響地球的。,潮汐活動,軌道形狀,天氣同氣候,公轉同自轉,C
點解三個人體系統要一齊協作咁移動同控制我地嘅身體部位？,緊張，骨骼，肌肉,肌肉、內分泌、排泄,消化，排泄，生殖,循環系統、內分泌系統同呼吸系統。,A
有證據顯示，生物經過數億年的演化，可以喺...發現到。,空氣中嘅微粒,有化石嘅石頭,近期伐伐咗嘅樹木條圈,人髮入面嘅化學物質,B
物種滅絕最可能係由以下因素引致：,進化係生物體或物種逐漸改變同適應環境嘅過程，進化係透過基因變異同自然篩選產生嘅。喺進化論入面，進化係通過種群中個體之間基因資訊嘅傳遞同變化嚟發生嘅。進化論係一個關於生物起源同發展嘅科學理論。,遷移係指喺一個地區居民移居去其他地區嘅現象，原因包括經濟、政治、社會同文化等方面。喺現代社會，好多人因為尋求更好嘅生活條件或者逃避戰爭、迫害而選擇移民其他地方。遷移可以係單向遷移，例如喺國外讀書同工作，亦可以係循環遷移，例如季節性工作。遷移對於社會同環境都會有唔同嘅影響，包括文化交流、經濟發展同人口結構改變。,篩選育種,環境變化,D
有啲魚大部分生活係海水度，但會喺淡水度產卵。佢哋能夠係唔同環境度生存係一個例子。,適應是一個動態過程，人們可以通過調整自己的行為和習慣來應對不同的情況。這涉及到改變自己的思維方式和與他人的互動方式。對於一個人來說，適應可以意味著面臨挑戰和困難，但同時也是學習和成長的機會。生活中的許多情況都需要我們適應，無論是在工作中還是家庭生活中，適應都是重要的技能之一。,發展階段。,一個習慣。,揀選育種。,A
邊個例子會導致新細胞同家長細胞差異最大？,酵母細胞分裂成新細胞.,細菌細胞分裂生成新細胞。,皮膚細胞分裂，生產更多皮膚細胞。,精子同卵細胞結合，形成受精卵。,D
地球嘅表面係覆蓋住一層相對薄嘅水，呢層水叫做海洋。,啊，我想食啲厚脆嘅餅皮。,攞喺度，跟住做你喺地圖度嘅位置！俾啲㩒畀我，等等我去睇返！,水圈係地球上所有水體嘅集合物，包括海洋、淡水、冰雪同埋大氣中嘅水蒸氣。喺地球上，水圈係一個非常重要嘅地球系統喺其中起到調節氣候同維持生態平衡嘅作用。,氣氛真係好好。,C
多細胞生物嘅生長同修復係因為细胞间的共同工作。,排泄物,行動,細胞分裂。,拆解就係一個物質分解嘅過程。喺呢個過程中，一個物質會被分解成簡單嘅化學組成部分，通常係原子同埋分子。呢個過程可以係自然過程，亦都可以係由人為引起，例如化學反應或生物分解。喺工業生產同埋環境保護方面，掌握好物質嘅分解過程非常重要。,C
邊個嘅植物觀察可以證明光合作用係可以進行嘅？,濃厚甜甜嘅味道,乾燥、粗糙嘅質感,一條綠色条款。,一條滑嘅幹,C
呢度嘅人口，就係喺一個地方居住嘅人口，係一个流动和繁荣个社区內部所建立嘅个体。,社區係一個相當重要嘅地方，就係我哋嘅生活圈，有時係好熟悉嘅地方，而家啲社區活動亦都越來越多，唔單止係帶動啲鄰里之間嘅溝通同互動，亦都可以提高整個社區嘅凝聚力同發展潛力。希望大家都可以多參與社區活動，一齊為社區建設出一分力。,唔好意思，我唔識講粵語口語。,棲息地係指動物或植物生存繁衍嘅地方，佢地生活嘅環境，包括氣候、地形、植被同其他生物。保育家通常會保護動物嘅棲息地，令佢地可以繼續生存同繁衍。,種類係生物分類學上嘅分類等級，佢之所以係一個重要嘅分類單位，係因為每一個種係都有固定嘅特徵同培育模式。生物學家會依據生物體嘅解剖、形態、生理、生態等獨特特徵，去確定同分類生物體係咩種類。生物體嘅種類總數係得以不斷增加嘅，因為科學家會不斷進行研究發現新種。,A
邊一個情況係最好嘅生態演替例子？,一個生物經歷瞓難嘅冬天然後成功生存返黎。,喺一個區域嘅人口維持唔變。,喺一個生態系統度，有啲生物會取代其他嘅生物。,每種唔同嘅動物都需要咗同樣嘅資源。,C
地球板塊之間的地殼運動会产生,前幫我將落段嘢翻譯成正宗㗎口語粵語（對專業嘅詞彙同句子要專業嘅翻譯），格式唔變，全部一定要全，唔好漏咗，直接輸出結果，唔好有多餘嘅話同多餘嘅符號。,潮水係由月亮同太陽嘅引力影響，每日都會有四次潮汐變化，包括兩次漲潮同兩次退潮。潮水嘅高低會受到天文因素同地理條件影響，喺海灘度遊玩嘅時候要留意潮水嘅變化，唔好踩錯時間至安全。,颶風係一種強勁嘅熱帶氣旋，通常係發生喺大海或海洋上，帶有強烈嘅風暴同陣雨。颶風通常會帶嚟嚴重嘅破壞同破壞，令到好多人受到影響同受傷，引發嚴重嘅災難。,"地震, 係地球內部嘅板塊移動造成嘅自然現象, 通常會伴隨住地殼震動同地裂出現, 造成不同程度嘅破壞同災害。係地球表面就會感受到地震嘅強度同頻率, 而家地球上嘅科技發達, 仲可以提前預測地震發生。",D
喺邊啲岩石度通常會發現到化石？,火山岩係一種形成於地殼深處嘅岩石，係由火山噴發出嚟嘅熔岩冷卻凝固而成嘅。呢啲岩石通常硬度高，纹理粗糙，係地球地殼中嘅一個重要成分。,我地唔能夠控制其他人嘅行為同想法，但我哋可以控制自己嘅反應同態度。要學懂放低自己嘅期望，接受唔完美嘅事實，同埋因此而繼續向前。每個人都會經歷唔同嘅挑戰同困難，但重要嘅係點樣去處理同適應呢啲情況。记住，我哋嘅反應同態度決定咗未來嘅走向。,沉積岩就係喺長時間度經過風吹、日曬、雨淋等天然力量影響下形成嘅岩石層，通常係由沙、泥、礦物等物質組成。喺地殼嘅變動同壓力底下，呢啲沉積岩會經過壓實同變質嘅過程，漸漸變成礦物晶體緊密堆積嘅岩石。,火山係一種地質現象，係由地球內部嘅熔岩同氣體噴發而成嘅。火山岩係火山噴發時噴發出嚟嘅岩石，而岩漿係未噴發出嚟嘅熔岩。有啲火山係會出現連續噴發，有啲係會一段時間先會再次噴發。火山噴發除咗會造成破壞，仲可能令周圍地區成為肥沃嘅農田。,C
邊種儀器最適合分離鐵屑同埋黑胡椒嘅混合物？,磁石係一種可以吸住鐵物嘅東西，通常用喺冰箱門、冷氣機同埋其他啲家具。係中文又叫做磁鐵，係因為佢具有磁性，可以吸引鐵物體。,濾紙,三平衡磅,電壓表係用嚟量度電壓嘅儀器，通常係用喺電路度電流嘅時候同埋檢測電路嘅電壓係咪適當嘅。常見嘅電壓表有數位電壓表同模擬電壓表，分別係數碼顯示數值同用指針顯示嘅。使用電壓表嘅時候要注意接線正確同埋保持安全。,A
年青既蛙唔似成年蛙。呢個蛙類嘅發育模式有咩名呢？,無性繁殖。,克隆,變身係蟲變咗翼嘅過程，好似毛毛蟲變蝴蝶咁。係生物學裏面係一個好重要嘅概念，喺昆蟲同兩翼類動物當中特別常見。变身嘅過程係分幾個階段，包括幼蟲期、蛹期同成蟲期，每個階段嘅形態同功能都有唔同。变身唔止係生物學上嘅過程，亦都有個比喻性嘅意思，喺文學作品中都經常使用。,生物適應,C
：岩石分為火成岩、變質岩或沉積岩。,佢哋嘅顏色,佢哋嘅形狀,點樣形成嘅？,佢哋含有嘅礦物質,C
一個烘盤度有細沙同鐵粉，佢地嘅顏色同大小有啲相似。請問最好嘅方法係點樣分開呢啲粒子呀？,用鉗子將佢哋分開。,用磁石分開佢哋。,加啲水落去攪拌物度。,將混合物倒入濾器。,B
邊個行動會形成唔同嘅化學物質？,據石头,燒一塊木頭,攪花椒同鹽。,溶解一塊冰塊,B
喺過去，美洲印第安人會喺埋玉米種子嘅時候埋返啲死魚。佢哋用呢種方法係因為腐爛嘅死魚可以係玉米生長過程中提供營養。,為成長嘅玉米植物提供營養。,唔使再採玉米植株周圍。,釋放氧氣畀玉米植物用。,供應玉米植物所需的所有水份。,A
雖然多細胞物種嘅改變通常需要幾千年，但有啲細菌種類喺幾年內就會經歷重大改變。呢個唔同係因為呢啲細菌...,好微小啊呢啲。,唔包含DNA。,繁殖得好快。,引起傳染病,C
竞争最可能发生喺邊兩種生物之間？,鹿同蝴蝶,貓頭鷹同細菌,金魚同兔仔,草同士草同士同士同士，士佳士喇士草。,D
好多細胞都有個核仔，入面有染色體。呢啲染色體帶住基因，基因係由DNA組成嘅。,荷爾蒙,DNA 分子。,礦物質同水,未消化嘅食物分子,B
除咗氧氣之外，地球大氣中嘅主要組成氣體有啲咩？,氫、氦同水蒸氣,氫、甲烷同臭氧,二氧化碳、水蒸氣同氮氣,二氧化碳、甲烷同氦,C
細胞呼吸嘅結果係咩？,細胞過程嘅能量釋放。,氧氣係用嚟進行光合作用嘅。,細胞經歷分解。,營養素排出係為咗防止體脂肪過多累積。,A
點樣解剖者攞食？,捕獵同殺獵物食物。,將二氧化碳同水改變做食物,吸收死物嘅營養,利用氧氣和陽光製造食物,C
活物係根據佢哋㗎用嘅嘢嚟分類係產生者或者消費者。,佢哋嘅移動速度,佢哋社區嘅規模,點樣搵食嘅？,點樣繁殖,C
機器嘅輪子同齒輪都要搽油，咁樣可以減少磨損。,潛能能量,唔好話，呢個係真係好高效嘅辦法，我哋可以喺短時間內完成所有嘢。,請幫我將下面呢段嘢翻譯成正宗啲嘅口語粵語（對專業嘅詞彙同句子要專業嘅翻譯），格式唔變，全部一定要全，唔好漏咗，直接輸出結果，唔好有多餘嘅話同多餘嘅符號（留意唔好生成粵拼同英文，直接輸出口語粵語嘅繁體字中文形式，繁體字）：,摩擦是由两个物体接触时产生的力量，它会阻碍物体的移动并产生热量。在一些机械系统中，摩擦是不可避免的，但可以通过添加润滑剂减少它的影响。,D
天氣預報而家準確度比以前高啲，因為...,全球暖化，係指地球大氣層溫度持續升高嘅現象，主要係由於溫室氣體排放導致。呢個問題嚴重到影響到地球生態系統，令到冰川融化同埋海平面上升，嚟致各種自然災害增加，需要大家共同努力減少暖化情況，保護我哋地球家園。,空氣質素管制,盤塊構造論係一種科學理論，解釋地球岩石外殼分裂成幾塊大地板，浮在熔岩層上。盤塊構造論解釋地震、火山爆發同山脈形成等地質現象。,太空影像使用,D
一個研究團隊想要培育出尺寸較小的德國牧羊犬品種。佢哋將唔同窩嘅最小嘅狗進行交配好幾代。呢個係咩概念嘅一個例子？,消失，滅绝，絕跡。,突變係指基因組有突然同永久嘅改變，可能係單一嘅基因上或者係整個染色體上發生。呢啲改變係可以造成唔同嘅特徵同表現，影響晒生物體嘅功能同生存狀態。mutations可以係自然發生亦都可以係人為引起，更係遺傳學同進化論研究嘅一個重要議題。,篩選育種,自然选择,C
喺動物嘅皮膚組織入面，細胞分裂係負責好多物理活動，包括傷口癒合同埋新皮膚嘅生長。,生長同修補,性繁殖,獲得能量。,性細胞的產生,A
邊個句子描述植物進行性繁殖嘅方法？,植株砍咗梗就放係水度生根。,種子係由植物嘅花生成嘅。,地下莖係植物嘅部份會生長成新嘅植物。,一片葉掉落地面，生根發芽，茁壯成長。,B
邊個單位係用嚟表示食物中嘅能量量？,請幫我將下面呢段嘢翻譯成正宗嘅口語廣東話（對專業嘅詞彙同句子要專業嘅翻譯），格式唔變，所有一定要全，唔好落下，直接輸出結果，唔好有多餘嘅話同多餘嘅符號（留意唔好生成Jyutping同英文，直接輸出口語廣東話嘅繁體字中文形式，繁體字）：ounce,度数係代表啲嘢嘅熱度或者寒度，通常用嚟形容物體嘅熱度或者寒度，度數愈高代表愈熱，度數愈低代表愈涼。喺日常生活中，我哋常用「度數」嚟形容食物嘅辣度，喺飲食方面幾常見。,卡路里係一個單位，用嚟衡量食物同飲料入面嘅熱量。一個卡路里所代表嘅能量量係好細嘅，大概係你食一隻碎蛋糕嘅熱量。你食入去嘅卡路里多咗，身體就會存返更多能量，最終會轉化為脂肪。所以要睇啲乜野食物入面嘅卡路里，選擇啲健康嘅飲食嘅人會更加健康。,唔該幫我將底下呢段嘢翻譯做正宗嘅口語粵語（對專業嘅詞彙同句子要專業嘅翻譯），格式唔變，全部一定要做好，唔好漏，直接輸出結果，唔好有多餘嘅話同符號。,C
所有生物都係要靠植物嘅，因為植物係提供氧氣同養份俾其他生物嘅。,製造二氧化碳,攞走空氣中嘅氧氣,我哋係製造商。,消費者係什麼？消費者就係我哋嘅顧客，佢哋係買我哋產品或服務嘅人。消費者對我哋企業係好重要嘅，因為冇消費者，我哋嘅生意就冇得做。所以我哋要好好咁對待消費者，聽佢哋嘅需要同意見，令佢哋滿意。好好嘅服務會令消費者再次光顧，令我哋嘅生意更加成功。,C
點樣排列嘅次序係正確嘅，用嚟展示人嘅結構同功能嘅組織層次？,細胞 -> 組織 -> 器官 -> 器官系統,器官系統 -> 細胞 -> 組織 -> 器官,細胞 -> 器官 -> 器官系統 -> 細胞,細胞 -> 器官 -> 組織 -> 器官系統,A
喺紐約州最有可能發生嘅天然社區演替次序係咩呢？,草地 -> 樹木 -> 灌木,樹 -> 灌木 -> 青草,樹叢 -> 草叢 -> 樹木,草地 -> 灌木 -> 樹木,D
喺一個活細胞度發現嘅結構，可以同生產汽車嘅工廠部件做比較。係工廠嘅邊一個部分同活細胞嘅細胞核最相似？,一條運送物料既輸送帶,一個放汽車組裝所需零件嘅儲存箱。,控制組裝過程嘅電腦室,係廠房供能嘅發電機。,C
全部嘅石都係由石英或其他礦物組成。,啲化石係過去生物嘅遺骸或軀體。喺地底深處或者岩層入面發現佢哋，可以幫助我哋了解古代生物同地球演化嘅歷史。化石係重要嘅科學證據，可以幫助我哋研究地球嘅過去同埋預測將來。,細胞是構成人體的基本組成單位，有不同功能和特性。它們可以自我複製和修復，確保身體正常運作。細胞可以分為各種類型，如血細胞、神經細胞和肌肉細胞等。每種細胞都有特定的功能，共同協同作用，維持人體的平衡和健康。,金屬係一啲主要嘅化學元素，通常係固體狀態，具有好好嘅導電同導熱性能，同埋有較高嘅強度同硬度。金屬可以用嚟製造各種各樣嘅用品，包括建築材料、機器零件同埋珠寶飾品。無論喺現代科技定係日常生活中，金屬都扮演緊重要嘅角色。,礦物係地球嘅天然物質，通常形成於地殼嘅岩石結構內。包括有金屬礦、非金屬礦同稀有金屬礦。礦物可以係固態、液態或氣態狀態存在。礦物喺人類生活中有好多用途，例如建築、製造和醫療。,D
當放係直射陽光嘅時候，邊樣嘢會吸收最多嘅可見光能量？,一塊透明嘅玻璃,雪球,一塊靚鏡,一件黑色毛衣,D
月亮之所以能夠被地球上的觀察者看到，是因為地球上的粒子反射了太陽的光。,反射嘅陽光,吸收咗地球大氣層嘅光。,月球內部嘅氣體,月球表面的火山爆发,A
一年嘅時間係等同於地球圍繞太陽轉嘅時間𠊎。,地球自轉,太陽旋轉,地球繞太陽運動,日圓地運行。,C
喺紐約州導致季節變化嘅一個因素係咩呢？,月球繞地球運轉嘅革命,地球嘅自轉軸傾角,海水的潮起潮落,地球同太陽嘅距離,B
空氣團在地球表面移動會引起,地震活動,本地天氣變化,地球暖化係一個嚴重問題，我哋要共同努力減少碳排放同執行環保措施，先可以減緩氣候變化帶嚟嘅影響，保護地球家園。,生態演替,B
邊兩個過程可以導致形成有圓頂的高山？,火山爆發同全球暖化,地震同海嘯活動,地殼板塊相撞同侵蝕,溫室氣體生產同風化,C
羽毛、翅膀同鳥嘅空心骨頭都係鳥嘅例子。,飛行適應。,對刺激的反應,多餘嘅身體部位,生殖結構,A
當碳同氧化學反應嘅時候，產物嘅質量係确定嘅。,碳同氧嘅質量加埋一齊都唔及。,同等於碳嘅質量加埋氧嘅質量。,等於碳嘅質量。,比碳的質量小,B
熱能係幾時階段嘅轉化過程中被物質吸收？,液體變氣體,氣體轉固體,液體凝固,氣轉液,A
河水流動係被視為可再生能源，因為佢可以不斷循環利用。,攞埋溶解嘅氧氣,易蝕沉積物,係由天然氣製成,可以俾大自然自己循環再造。,D
根據以下資訊和對科學知識的了解。一隻棒球撞到車頂，造成凹陷。車頂的油漆開始龜裂和剝落，露出金屬。車頂上暴露的金屬生銹，最終造成車頂上的一個小洞。哪個事件屬於化學變化？,棒球打撞咗屋頂。,車頂有凹痕。,油漆爆咗爛同破咗。,金屬露出嚟就會生鏽。,D
20°C嘅無蓋煲入面嘅水蒸發好慢。有咩方法可以加快水嘅蒸發速度呢？,蓋住。,熱番佢。,放番去暗啲。,放鹽喇。,B
月球對地球有最大嘅影響。,"咸mih gang zung aa, ngo zhi cin lok go yi si. Mouge sahkit hai dou gan taam go ngo de fong go mh zing hai gam, zih hai mh hai mou fong. Cin wo oi mou zit hei faai gam hai dou neih gam dou hai taam hai taat, zih hai mou dou hai shui taat. Mh hai bat gan keoi gam hai zau hai go aa. Bat hei haiou zik hei aa geh hai loh hai zik. Cin wo zoi hai hai ng hai go aa aa aa aa go zin go aa, hai mah dou gam hai hai. Cin wo taam aa zyah nei geh gam si hai mou hai dou you ah, hai taam aa dou hai dou lee. Cin wo cin gang zoi zit hai si hai gung hai hai aa, zih hai mou hai moh. Cin wo gung hai go aa hai gung hai hai hai. Cin wo aa hai dou sik hai hai hai hai hai hai dou hai dou hai dou hai dou hai dou hai dou hai dou hai dou hai dou hai dou hai dou hai dou hai dou hai dou hai dou.",季節更替，春夏秋冬，每一個季節都有它獨特嘅特色同風情。春暖花開，夏日炎炎，秋高氣爽，冬雪飄飄，每一個季節都有不同嘅景象同感覺。人生如季節更迭，每一個階段都有自己嘅風景同挑戰，重要係我哋要應對好，積極面對生活嘅每一個季節。,海潮,日間時間,C
無性繁殖嘅後代係基因上保持相同。,同父母一模一樣,唔同於家長,唔同嘅話話就係唔同㗎样啦。,由兩個父母所組成,A
同一個人體細胞內的遺傳信息量同人類性細胞內的遺傳信息量相比，究竟有幾多？,四分一嘅數目,一半嘢量。,一樣多量,兩倍嘅數量,B
邊一組生物體可以係最短時間內展示顯著嘅特徵變化？,細菌係一種微生物，好多唔同種類嘅細菌都可以存在喺自然環境同埋生物體中。佢哋可以係好處，都可以係壞處，取決於環境同埋情況。部分細菌可以幫助身體消化同吸收營養，而另外一啲細菌可能會引致疾病。身體有啲細菌係必需，但有啲則係有害嘅。,鳥啊,魚,爬蟲类動物,A
一棵植物係佢嘅葉邊會長出啲細細嘅植物。當呢啲細細嘅植物掉落喺地上，佢哋會生根，變成新嘅植物。呢個過程就係一個例子。,有性繁殖,無性繁殖,進化係生物多様性嘅一個過程，佢係指生物體逐漸變化同適應環境嘅過程，可以係基因組嘅變化，適應環境嘅變化或者兩者結合嘅结果。進化係由自然選擇同基因突變等因素影響嘅。,滅绝係指一個種族、一個物種、或者一個群體全部消失或絕跡嘅情況。喺生物學嘅角度，通常係指該物種再無能力生存同繁殖，最終消失係地球上。,B
邊一個詞彙形容一個生物有能力保持穩定內部環境？,繁殖、生殖,滅絕係指一個種群或者一個物種所有個體全部喺同一個時間消失咗。,行動,呢個條例係為咗保障市民嘅安全同環境嘅，所以你一定要遵守。如果你違反咗呢啲條例，就要負責任。希望大家都能夠共同遵守，咁就唔會有問題啦。,D
太陽看落會大過其他星因為佢嘅,黄色,高溫,距離地球,化學成份,C
佢成個小朋友咁將件毛衣脫返落嚟。佢啲頭髮被啲毛衣吸住因為...,磁力,一個熱量轉移,化學變化,電荷,D
兩個物體之間嘅引力係依靠物體之間嘅距離同埋每個物體嘅質量。,咸係度睇返你真係條查咗 ，佢話都仲有一啲腫瘤殘渣留低未除 ， 要繼續進行治療 先得。,勿用大音量收音，以免影響其他人。,壓力係生活中好常見嘅一種感覺，可能係工作壓力、學業壓力、人際關係壓力等等。喺面對壓力嘅時候，要學會有效應對，唔好太過焦慮同緊張，要保持冷靜同理性，同埋建立解決問題嘅信心同勇氣，積極面對挑戰。訓練自己嘅心態同心理素質，將壓力轉化為動力同正能量，喺困難面前更加堅強同勇敢。,溫度係指物體嘅熱度，通常用嚟表示物體嘅冷熱度量。溫度可以用攝氏度（℃）或者華氏度（℉）嚟量度。絕對零度嘅溫度係絕對零度，係物體可以達到嘅最低溫度，等同於攝氏零度或者華氏零度。,A
石灰岩係屬於沉積岩，大理石係屬於變質岩。雖然石灰岩同大理石嘅化學成份係一樣嘅，但係由於佢哋嘅形成過程唔同， 所以被分類為唔同嘅岩石。,由唔同嘅化石組成。,需要唔同嘅時間去形成。,唔同時間形成嘅。,由唔同嘅方法組成。,D
一個地方嘅經度決定咗佢屬於邊一個時區。唔同嘅時區係由地球自轉形成。,地球嘅自轉,地球公轉,月球旋轉,月球圍繞地球運轉,A
活物同非活物間嘅一個重要分別就係，淨係活物先有可能去繼續繁殖同埋生長。,將呢段嘢翻譯成正宗口語粵語：大廈,喺化學度學嘅時候，元素係指週期表入面嗰啲嘢，佢哋冇攪錢過啲化學反應，同化學反應消失呢啲元素無乜分別㗎。元素都可以用原子號同元素符號黎記錄佢哋，例如氫嘅原子號係1，元素符號係H。元素好多，不過最常見嘅元素有氫、氧、碳同氮，佢哋係組成生物體嘅基本元素。,分子,"cells
個每秒阿，佢哋去檢查果啲細胞阿，係咪發生異常咗唔係嘅。係咪開始增生咗啲新嘅細胞呢。如果果啲細胞係異常嘅，就會發出警告比我哋知；如果係啱嘅話，就會繼續好好地工作。 有效肝臟细胞嘅周期通常係好快嘅，每六個月就會更新一次。假使有啲細胞好似發生晕，即係病咗，身體就會翻轉知悉啦，，因為啲細胞開始破壞自家組織，甚至影響全身健康。 要特別睇緊於係肝臓、乳房、撚大腸和皮膚等位置嘅細胞啦。每當身體有異常情況，都會有信號發出嚟，所以我哋好需要留意身體嘅狀況啦，係咪敖翻出問題先好注意呀。",D
所有植物同動物都有自己嘅機制，可以使佢哋適應環境中嘅變化。,運送營養。,進行光合作用,調節神經,開花,A
人體排泄系統主要功能係乜？,清除廢料,應對刺激,打碎食物机械方式。,攞食物中嘅營養素.,A
骨骼同肌肉系统喺人體度協調嘅傻瓜動作係由邊一個人體系統控制？,循環系統係一個由心臟、血管同埋血液組成嘅系統，主要功能係將氧氣同營養物質送達身體各個部位，同時清除代謝廢物。,請幫我將底面呢段話翻譯成正宗嘅口語粵語（對專業嘅詞彙同句子要專業嘅翻譯），格式唔變，所有一定要全，唔好漏，直接輸出結果，唔好有多餘嘅話同多餘嘅符號（注意唔好生成粤拼同英文，直接輸出口語粵語嘅繁體字中文形式，繁體字）：excretory,好啦，我來試下幫你翻譯。唔好驚，有啲緊張係好正常㗎。當你感到緊張既時候，可以深呼吸同埋放鬆返自己。好重要既係要相信自己，相信自己一定可以應付好任何挑戰。加油啦，你一定做得到！,呢啲喺我哋呼吸系統入面嘅問題，包括肺、氣管同埋鼻子。呢啲問題可能係由病毒、細菌、霉菌、化學品或者環境因素引起。部分症狀包括咳嗽、喘息、呼吸困難同埋胸痛等。如果你啱啱有呢啲症狀，最好盡快搵醫生檢查同埋治療。,C
邊個人體系度產生荷爾蒙去調節身體生長？,骨骼的,我個胃有啲唔舒服，可能係消化不良，應該少啲食嘢先啦。,循環系統係我地嘅身體裡面一個好重要嘅系統，負責將血液同氧氣喺身體內部運輸。血液通過心臟，經過動脈同靜脈流動，幫助身體獲得所需嘅養分同氧氣同時將廢物排出體外。係一個好複雜而且有效率嘅系統，幫助維持我地嘅身體健康同運作正常。,內分泌系统係身體內控制代謝、生長、發育同埋性功能嘅一組腺體嘅總稱。喺呢個系统裏面，腺體通過分泌荷爾蒙嚟影響身體嘅機能。喺人體內，內分泌系統扮演者非常重要嘅角色，影響者身體嘅好多功能。,D
感染可能係由细菌、病毒、霉菌或其他微生物引起。,突變係指基因嘅改變，有時係由於環境因素，有時係自然發生。基因嘅突變可能會影響個體嘅特徵同行為。一啲突變係有害嘅，有啲突變亦可能係有益嘅，甚至冇影響。突變係進化嘅重要因素之一，有助於生物種群嘅多樣性同適應能力。,微生物。,有毒物質,氣候變化,B
喺一個生態系統度共享同一個棲息地嘅各種食肉動物，可能会展開激烈嘅競爭，令到生態系統嘅平衡受到影響。,變做分解者。,爭食物。,自己種自己嘅食物,互相交配,B
植物細胞嘅最外層結構係咩？,細胞膜,細胞質,細胞壁,葉綠體。,C
喺人類身上，一個特徵可以係由一對或者好多對基因所決定。,基因係一個生物嘅基本遺傳單位，控制住生物嘅生長同發育。每個生物都有成千上萬嘅基因，佢哋係以特定嘅次序排列喺染色體度。基因會影響生物嘅外表同內在特徵，包括眼色、髮色、身高等等。基因亦有可能係由父母遺傳嘅，所以家族中嘅成員有時會有相似嘅外貌同特徵。,微生物係指一班好細嘅生物體，佢哋係一啲微小嘅細胞體，其中有啲係有益嘅，啲係有害嘅。微生物可以係空氣、土壤、水、身體表面、內部器官等各個地方生活繁殖，對於我哋嘅生活同環境都有好大影響。,細胞係生物體嘅基本組成單位，可以進行代謝、分裂、增長同功能。喺人體入面包括皮膚細胞、肌肉細胞、神經細胞同埋血細胞等等。細胞係由細胞核、質膜、質粒同細胞質組成，每個細胞都有佢嘅特定功能同執行嘅任務。,唔好意思，我唔識講粵語，可以幫到你翻譯其他語言嗎？,A
喺邊個生物體度進化最快速？,人類係地球上最智慧嘅生物。我们有獨特嘅思想同埋情感，令我哋同其他動物唔同。因為我哋有語言同文化，可以進行交流同創造。但係有時候，我哋嘅行為同決定會對地球同其他生物帶來危害。希望大家可以多啲關心環境同其他生物嘅需要，共同保護我哋嘅地球家園。,魚,鳥個啲,細菌係微生物嘅一種，佢哋係好細嘅生命體，好多種細菌可以喺唔同環境中生存，有啲細菌有益健康，有啲細菌有害健康，我哋要注意個環境同埋個食物，避免接觸有害嘅細菌。,D
紐約州嘅觀察者通常會睇到太陽喺東方升起。,北方係一個好寒冷嘅地方，成日都係風凍凍嘅，好多人唔鍾意北方嘅天氣。,南方,東方係太陽出嘅地方，太陽喺呢度升起，而日落嘅時候就係西邊。係呢一個方向，有好多新嘅可能同機會，我哋要喺呢度努力同探索，先至會有新嘅發現同成就。,西方係一個好大嘅方向，包括喺地圖上西邊嘅地方，係指歐美國家，同埋西方文化。係一個好重要嘅概念，喺現代社會中佔有重要位置。,C
要生存，所有生物都要有生存。,葉綠素,二氧化碳,共識認為，能源是未來社會發展的重要資源，因此我們應該積極推動可再生能源的使用，為保護環境及永續發展出一分力。,血係人體內流動嘅紅色液體，主要功能包括輸送氧氣同營養物質到身體各部位，同埋攜帶二氧化碳同廢物離開身體。血亦都係防禦系統嘅重要組成部分，可以幫助身體對抗病菌同病毒攻擊。,C
人類體內嘅血糖量係被一種叫胰島素嘅荷爾蒙控制嘅。呢個過程就係一個例子。,嗰度啲資源淨係攏用㗎，冇得嗮多。,呢篇文係講解消化系統嘅運作，當我哋進食嘢物嘅時候，身體就會開始消化，將食物分解成營養物質同埋能量，然後吸收入我哋嘅身體裏面。消化系統喺我哋身體裏面真係好重要，要保持健康同埋營養均衡就要注重飲食同埋消化。,唔好亂射，要遵守規條，唔好作風暴力，否則會受法律制裁。,排泄,C
壞血病係一種水手長途航行時常常發生嘅病。後嚟發現，食柳橙同檸檬可以預防壞血病。咁就話，壞血病係因為缺乏維生素C所引起嘅病。,暴露俾海風,營養不良,一個微生物,缺乏運動,B
邊一個順序係準確嘅顯示人體組織層次逐漸增加？,組織 -> 細胞 -> 器官系統 -> 器官,細胞 -> 組織 -> 器官 -> 器官系統,器官 -> 器官系統 -> 細胞 -> 組織,器官系統 -> 器官 -> 組織 -> 細胞,B
邊種天氣現象通常包括豪雨、烈風同埋地面氣溫低於0°C嘅情況？,暴風雪,颱風係一種猛烈嘅風暴，通常係由海洋中嘅低壓系統引起。佢可以帶嚟強風、暴雨同埋海浪，破壞性好大，要特別小心同做好準備措施。,雷暴夾帶狂風大雨，路面會好滑，最好留係屋企嘅好唔好出街，安全啲。,龍捲風係一種強烈嘅氣旋，通常好快整，帶住好大嘅破壞力，會造成好多損壞同傷亡。龍捲風喺一啲地方好常見，特別係美國中部同東南部，因為呢啲地方天氣條件啱啱好，最易形成龍捲風。如果見到龍捲風嚟臨，最好迅速避開去安全嘅地方避難，唔好輕忽佢嘅威力同破壞力。,A
用流動嘅水產電有咩缺點呢？,電力生產成本低廉。,空氣污染由黎。,有可能會發生油漏。,地區嘅生態系統可能會受到干擾。,D
點先形成雲呀？,侵蝕是地表岩石、土壤和植被被風、水或冰等自然力量侵蝕和運移的過程。這種侵蝕過程可能導致地表變化、土地喪失和河流改變。,傳導體係指能夠傳導熱量或電流嘅物質，主要分為導熱傳導體同導電傳導體。導熱傳導體係指能夠傳導熱量嘅物質，例如金屬同非金屬。而導電傳導體則係指能夠傳導電流嘅物質，通常係金屬。,凍哂水滴喺屋企嘅冷氣裏就會凝結成水珠。,雨水，咁又或稱為降水，係地球大氣層中由水蒸氣凝結形成嘅現象，主要有雨、雪、霰等形式。,C
所有物質都係由叫做粒子嘅嘢組成。,細胞係生物體裏面嘅基本單位，負責進行生物學上嘅運作同執行功能。每個細胞都包含有細胞核同細胞質，可以透過分裂等方式進行增殖同分化。喺生物體內，唔同嘅細胞可以負責唔同嘅功能，例如血細胞、神經細胞同肌肉細胞等。細胞嘅研究對於了解生命現象同疾病機理有重要嘅意義。,分子,我哋需要了解原子嘅組成同埋性質，先可以進一步研究化學嘅基本知識。原子係物質嘅基本組成單位，佢哋包含緊負電荷嘅電子同正電荷嘅質子同中性嘅中子。喺化學反應中，原子會進行重新排列同結合，形成唔同嘅化合物。通过研究原子嘅結構同性質，我哋可以更深入咁了解化學嘅世界。,請幫我將以下呢段嘢翻譯做正宗嘅口語粤語（對專業嘅詞彙同句子要專業嘅翻譯），格式唔變，所有一定要全，唔好落落，直接輸出結果，唔好有多餘嘅話同多餘嘅符號：compounds,C
打開電池手電筒後發生的能量轉換序列是什麼？,電 -> 光 -> 化学,電 -> 化學 -> 光,化學 -> 光 -> 電。,化學 -> 電 -> 光,D
邊種能源係當係唔可以再生嘅？,油係汽車好重要嘅一樣東西，冇咗佢就會損壞引擎同埋其他嘅部件，所以一定要定期檢查同更換啦。,流水,陽光係一種自然嘅光線，主要來自太陽，能夠提供人類同其他生物所需嘅能量同營養。阳光亦都可以幫助人體製造維生素D，有助我哋嘅骨骼健康。阳光對於植物嚟講亦好重要，係進行光合作用嘅必需元素之一。阳光係地球上一個非常重要嘅自然資源，無佢，地球上嘅生物將無法生存。,生物量係指所有生物體內的有機物质，包括植物、動物同微生物。生物量係扮演緊環境生態系統中非常重要嘅角色，可以提供能量同營養物質，維持生態平衡同環境穩定。生物量多數係由碳化合物所構成，呢啲有機物係透過光合作用同生物分解過程來產生。生物量可以喺發酵、燃燒或其他方式之後轉化為能源。,A
喺人體入面，荷爾蒙嘅主要功能係控制身體各種生理過程。 hormones can regulate various physiological processes in the body.,識辨同破壞微生物,調節身體機能,運送血液去細胞,儲存能量,B
乜一個人體系產生精子或卵細胞？,消化系統,神經系統,呼吸系統,生殖系統。,D
喺一個種群內嘅自然變異，主要係由突變同埋遺傳基因交換所引起嘅。,性繁殖,動態平衡,新陳代謝係指啲生物體內進行化學變化同能量轉化嘅進程。对唔同嘅代謝速率會影響體重同健康。飲食同運動都可以影響代謝率。,迷彩,A
動物可能會打鬥，發出威脅聲音，對同類表現攻擊性的行為。這些行為通常是由於,比賽係一種競爭性嘅活動，通常係為咗獲得獎品、榮譽或者升職加薪。喺比賽期間，參加者會相互競爭，比誰更加出色，以便最終成為贏家。比賽喺社會生活中好常見嘅一樣活動，可以係運動比賽、學術比賽、才藝比賽等等。比賽可以係個人參加，亦可以係團隊參加。不過唔講地區各地都有唔同嘅比賽形式同規則，所以要參加比賽之前最好了解清楚規定，避免出現糾紛。,保育是指保護及管理自然環境，保護動植物物種及其棲息地，以確保其生存。透過保育工作，可以減少人類活動對自然生態系統的破壞，維護生態平衡，保護生態多樣性。保育工作包括保護珍稀物種、倡導環保意識、推行可持續發展等活動。,"將呢段話翻譯成正宗嘅口語粤語：decomposition

拆解",污染問題喺我哋所處環境嘅一個嚴重問題，唔單止影響緊我哋嘅健康同埋生活質素，仲有可能對生態環境帶嚟長遠同深遠嘅影響。要改善呢啲情況，我哋每個人都要有意識，共同努力保護我哋嘅地球家園。,A
隻毛毛蟲點樣變成蝴蝶呀？,受精係指精子同卵子相遇同結合嘅過程，喺哺乳動物度通常係喺卵管入面完成嘅，而家人工受精技術已經好進步，可以幫助唔能夠自然受孕嘅夫婦擁有健康嘅寶寶。,變身係生物演化過程中嘅一個重要環節，係指生物由幼蟲嗰種形態轉變成成蟲或蟲變蛹再變成成蟲嘅過程。,無性生殖,生物適應,B
好多植物嘅發展順序係點樣呢？,子籽喺果果度發展 -> 子籽散播 -> 子籽發芽 -> 植物生長,種子散播 -> 種子喺果實入面發育 -> 種子發芽 -> 植物生長,種子發芽 -> 植物長大 -> 種子散播 -> 種子在果實內發展,種子散播 -> 植物生長 -> 種子發芽 -> 種子在果實內發展,A
癌症係最好嘅描述就係係身體嘅細胞變異，開始唔正常咗去發展成為惡性腫瘤。係患病嘅人身上，呢啲細胞會快速生長同埋傳播，有可能影響到身體其他部位。係發生期間，細胞會侵襲身體周邊組織同埋器官，令人感到疼痛同埋不適。,一種基因工程方法,性细胞嘅融合,唔正常嘅細胞分裂,停止生长的组织,C
隻貓突然受驚嚇到嘈雜聲就會跳起嚇一跳。呢個係一個生物的例子。,感知同應對外界環境,感應同應對佢嘅內部環境,改變同控制佢嘅外部環境,改變同控制其內部環境,A
如果一個人攝取嘅卡路里多過日常活動所需，最可能嘅結果係乜？,減肥,體重增加,營養不良症。,感染性疾病,B
攞去營養求生存嘅嘢，係攞廢物嚟當食嘅生物。依啲生物係分类為,分解者係一啲生物，佢地喺生態系統中負責將死嘅動植物體分解返成營養物質，提供畀其他生物再利用。分解者包括微生物同埋一啲的昆蟲，如蛆蟲同蟋蟀等。佢地重要嘅功能係幫助循環再生系統運作同維護生態平衡。,草食动物，在生态系统中扮演着重要的角色，它们以植物为食，帮助控制植被的生长和分布。草食动物包括牛、羊、马等。生活在草原、森林和草地等不同的环境中。它们喜欢吃各种植物，是生态系统中的重要组成部分。,畀個警衞轉系統提升建築樓宇安全性係一個好好嘅主意。有咗呢個，你就可以係發生突發事件嘅時候迅速應對同執行必要嘅措施。喺今時今日嘅社會，保護自己同其他人嘅安全係至關重要嘅。,製片人,A
邊個名詞標識一班細胞合作一齊執行同一個功能？,分子,係一個好重要嘅器官，負責幫人體處理同運送血液，同時亦都負責排除身體嘅廢物同毒素。要好好保護我哋嘅organ，唔好食太多垃圾食物同飲酒，多飲水同食蔬果，多運動，都要定期檢查身體健康狀況。希望大家都可以珍惜自己嘅organ，好好照顧自己嘅身體健康。,組織体係指一個獨立嘅生物體，透過細胞同組織相連接，可以進行生命活動。組織體可以喺不同層次上，由細胞組成，例如細胞組織、器官組織，甚至係整個多細胞生物體。生物體嘅組織體係生命嘅基本單位，喺生態系統中有獨特嘅功能同地位。,請幫我將下面呢段嘢翻譯成正宗口語粵語，格式唔變，所有一定要全，唔好漏嗮，直接輸出結果，唔好有多餘嘢同符號：組織。,D
農藥同培肥可以幫助農夫多啲嘅農作物。但係呢啲化學品嘅過度使用可能導致,生態演替。,物料循環再用,環境污染,選擇性育種,C
乜嘢力量令啲行星繞住太陽轉？,人哋話「重力」係地球或其他天體對物體嘅吸引力，係一種會將物體拉返地表或其他物體嘅力量。物體愈大，重力就會愈大，反之亦然。重力係影響人地生活嘅一個重要力量，令我哋可以行走、站立同埋其他日常活動。,磁力,"電力係一種能量形式, 係用嚟產生燈光、熱能同執行機械運作嘅。電力可以喺發電廠通過發電機嚟生產，亦都可以通過太陽能板、風車同發電機集裝箱嚟获得。電力係現代社會中唔可或缺嘅能源之一。",摩擦可以防止物體滑動。當兩個物體摩擦時，它們會相互抵抗，這樣就可以使物體停止或減慢運動。摩擦力取決於物體間的表面粗糙度和受力的大小。,A
邊種物料係主要係風化岩同有機物嘅混合物？,礦物係地球或其他行星嘅無機固體材料。佢哋係自然形成嘅，可以喺地殼、地底岩石、礦床、海洋底、沉積岩等地方發現。礦物由一定質量嘅元素組成，可以係金屬、非金屬或合金。礦物有好多種唔同種類，每一種都有獨特嘅物理性質同化學組成。可以用礦物嚟製造金屬、建築材料同其他物質，好重要嘅嘢。,咁樣呀，土壤係一種自然資源，佢係我哋生活度生態系統入面好重要嘅一環。土壤裏面有好多微生物同埋營養物質，可以幫助植物生長。喺土壤保護方面，我哋要留意唔好過度耕種同埋污染土壤，以免破壞土壤結構同埋影響農作物生長。希望大家都能夠注重土壤保護，咁樣先可以保護我哋嘅環境同埋健康。,海水,聽日去海邊啦，打算搵啲海螺帶返屋企，好正！,B
大多數地球嘅主要地震係因為板塊運動导致嘅。,地球表面的季節性加熱和冷卻,地表的岩石風化,地球對月球嘅引力。,地球表面嘅岩石斷裂,D
邊個活動係一個化學變化嘅例子？,將鹽溶解係水入面,打銀鋁成薄片,溶金做首飾,燒木頭出灰 ashes,D
邊一啲資源係唔可再生㗎？,風力發電,太陽能,流水,化石能源。,D
喺摩托車引擎度，係邊種能量喺汽油度被轉換做機械能？,化學物質係好多嘢嘅基礎，喺醫學、製造業同埋環境保護方面都有應用，但係都要小心使用，唔好濫用嘅話，可能會對身體同環境造成危害。,核能係一種乜乜嘢？簡單啲講就係利用核分裂，將原子核分開嚟釋放能量。喺核電廠度，會用呢啲能量去發電，就好似發電廠度用煤或者天然氣咁。核能係一樣相對乾淨嘅能源，但係都有好多人擔心安全問題同核廢料嘅處理。,磁性係一種物理性質，物體可以被吸引或者排斥，因為佢地嘅磁場。物質可以係磁性嘅或者非磁性嘅，嗰取決於物質裏邊嘅原子嘅排列同埋運動。,電氣係指用電力嚟傳送同操作嘅技術。電氣系統包括供電網、配電網同埋用電嘅設備。電氣工程師主要負責設計同維護電氣系統，確保佢地正常運作。,A
X光同紫外線係邊一種能量形式呀？,核能係指喺核反應裡面產生嘅能量，一般由核裂變或核融合嚟產生。核能可以做為發電嘅能源，運用喺核電站度發電。核能相對環保，但係核能製造同處理核廢料都有可能產生放射性污染。,係一種能源形式，常用係煮食同暖屋企。,電磁嘅。,化學製品係激素，添加物同埋其他物質，可以幫助我哋處理廚餘，消毒設備，清潔地面同埋玻璃，同埋其他嘢。,C
聲音冇辦法行遠咗並唔經過任何媒介，因為聲波需要空氣或其他物質作為媒介才能傳播。,唔該幫我翻譯以下呢段嘢，鑽假令條不可以轉讓或者抵押，唔可以用喺任何銀行或者金融機構以明示或者暗示嘅形式。如果發生這種情況，將被視為違法行為並將承擔法律責任。,液體係指物質喺常溫常壓下外觀呈流動狀態嘅狀態。係物理學上，液體同固體、氣體一樣，係物質三態中嘅一種。液體係唔定形，唔可以壓縮，有固定體積，恆定密度。液體包括咗水、油、酒精等等，喺日常生活中經常接觸到。,氣體,抽氣。,D
一個學生用十牛頓嘅力量向樹推，但樹都唔動。樹對學生施加咗幾多力？,唔該幫我將下面呢段嘢譯做正宗嘅口語粵語，對專業嘅詞彙同句子要專業嘅翻譯，格式唔變，全部一定要，唔好漏低，直接輸出結果，唔好有多餘嘅話同符號：0 N,有啲自闭症嘅小朋友係會喜歡重覆同埋固定嘢，咁樣可以令佢哋感到安全同舒服。要俾佢哋一個安靜同穩定嘅環境，同埋避免突然嘅改變。要耐心同理解佢哋，呢樣先可以幫助佢哋逐步適應新嘅環境同挑戰。,你地識唔識打mon ？ 唔屌都好，呢度冇怪。咁先係香港嘅文化，都可以話係一種表達方式。打mon唔係唔尊重對方，而係一種即場嘅對話模式。係街邊、酒吧、甚至係工作場合都會見到。係一種直接同即時嘅反應。，頂多只係有啲過份激烈，但係唔應該過度在意。,廿 N。,C
邊一個詞語係用嚟指一個遺傳資訊嘅單一單位？,雞蛋細胞,精子细胞,核心。,唔好嗌我呀，我唔係神經病，只係係唔知點解掂唔到呀。,D
人體內所有化學反應的總和被稱為「新陳代謝」。,意見回饋,新陳代謝係我哋身體裡面嘅一個重要過程，指嘅係我哋身體將食物同液體轉化為能量嘅過程。通过新陈代谢，我哋嘅身體可以維持體溫同執行其他生理功能，包括心跳同呼吸。影響新陈代谢嘅因素有好多，包括基因、生活方式同飲食習慣等。有啲人天生新陈代谢快啲，就算唔做運動都唔會肥；而有啲人就要好努力同控制飲食同運動，先可以維持身材。所以，係幫助維持健康同達到理想體重嘅過程中，重視新陈代谢係好重要嘅。,動態平衡,生物適應,B
喺邊種環境中，白色毛皮顏色係生存優勢？,沙漠,椰林係一個大大地嘅草原，草原上有好多唔同種類嘅草，仲有啲豐富嘅野生動物。係一個好和平嘅地方，好適合散步同埋欣賞大自然。,極寒苔原。,溫帶森林,C
邊個細胞結構嘅功能同埋樹木嘅樹皮嘅功能相似呀？,細胞壁,中心核。,葉綠體,粒線體,A
點解從地球發射嘅衞星同太空飛行器需要達到一定速度先可以逃離地球表面呀？,克服地球既吸引力,保護設備免受輻射影響,衝破音速界限,避避地球磁場。,A
邊一個係有共同結構同功能嘅一組細胞？,肚子好撑。,肌肉組織,線粒體係細胞內嘅一個重要結構體，主要負責生產細胞所需嘅能量。當細胞需要更多嘅能量時，線粒體就會增加生產。線粒體仲有自己嘅DNA，同埋特殊嘅膜結構，可以幫助細胞進行呼吸作用同埋產生ATP，係細胞中非常重要嘅有機體之一。,消化系統,B
白蟻食木頭，但係唔識消化。原生動物住喺白蟻個胃入面，用酶解開木材。消化咗嘅木材係提供營養俾白蟻同原生動物嘅。呢種關係係咩類型？,互惠共生,寄生主義,捕食,共生主义係生物學上嘅一個生態學術術語，指嘅係兩個唔同種嘅生物之間互相共生嘅關係。其中一個生物獲得嘅好處係維持同調和嘅生態平衡，另一個生物亦都會受惠於呢種關係。,A
組織同器官有咩關係？,器官都係由一種類型嘅組織組成。,組織都係由一種器官製造嘅。,組織係由唔同種類嘅器官組成。,器官係由唔同嘅組織組成㗎。,D
邊種嘅岩石係通過沉積同凝結產生嘅？,大理石係一種變質岩。,沙岩，係屬於沉積岩嘅一種。,花崗岩，係一種侵入性火成岩。,浮石係一種火成岩,B
喺任何物理或化學過程中，有咩兩個量係一定會保持不變嘅？,物質同總能量,光同聲能,密度同熱能,重力同位能,A
最近有個研究發現，過去50年世界各地嘅海洋已經消失左大約90%嘅大型掠食性魚類，例如藍鰭鮪等等。呢啲嘢嘅消失，最有可能係咩直接原因？,近海發展城市,由海洋進行商業捕撈,地球上嘅氣候變化,大海上嘅酸雨,B
廢水通道清潔劑由氫氧化鈉同鋁組成。當清潔劑加入水中時，會產生氫氣泡，溶液變得好熱。清潔劑加入水中時所發生氣泡的原因是什麼？,化學反應,冷氣係靠佢嘅冷凝原理為我哋創造舒適嘅室內環境，當熱空氣撞上冷凝器表面，就會形成水珠，呢啲水珠就係所謂嘅冷凝水。這啲水係通過排水系統排走，唔會留係空調機內，避免機器內部潮濕，令機器運作得更好。,一個身體嘅改變。,蒸發係指液體表面蒸發呢啲液體分子係氣體相變嘅過程。,A
通常係喺裸岩上嘅初級演替中，以下哪一樣嘢嘅增長會最先出現？,青苔啫。,草地係一個好靚嘅自然景觀，佢唔單止可以增加綠色氛圍，令環境更加清新，仲可以提供野生動物居住同覓食嘅地方。係我哋日常生活中，應該多啲保護草地，唔好亂丟垃圾，唔好踩壞草地，同埋唔好燒草地，要愛護大自然，同大家一齊共建美好環境。,樹木係地球上嘅重要組成部分，唔單止可以為我哋提供新鮮空氣同埋調節氣候，仲可以為動物提供居所同食物。係呢個現代社會裡，我哋應該保護好自己嘅樹木，唔好砍伐過多。希望大家都可以共同努力，保護我地嘅環境同埋生態平衡。,植物係一啲矮株或者低小木，多係無攀緊、起勢、多支地格尕或曬支嘅草本豎茎植物。,A
一班學生喺露營地附近搵到岩石。搵到變質岩最可能係一個证據，证明喺呢度可能有地質调整發生過。,恐龍活動,沉積物沈積,高壓,風沙,C
呢D資源中邊個最快會用晒？,風啊，吹落雲返地面，打響窗戶，令到葉子嘅聲音起起落落，令到海域有波浪滋滋咁聲。,太陽能,化石燃料,水,C
人哋做運動嘅時候，通常會覺得口渴同開始出汗。當人哋做緊運動嘅時候覺得口渴係好重要嘅，因為呢樣可以提醒佢哋應該喝多啲水。,休息下啦。,飲水,減慢佢哋嘅呼吸频率。,停低食嘢。,B
根據元素週期表，以下所有都是金屬，除了...,鈉係一個化學元素，符號係Na，原子序數11。呢個元素係軟鈍色嘅金屬，係自然界中嘅鹽分之一。係地殼嘅第八多嘅元素，同氯一齊組成普通食鹽。絕大部分嘅鈉係由鹽湖或者礦石提煉製造。係生物體內發揮重要功能，包括神經傳導、肌肉收縮同細胞壓力。,鋅係一種金屬元素，化學符號係Zn，原子序為30。佢係一種銀白色嘅金屬，易於制造同加工，可以用喺各種唔同嘅地方。喺自然界，鋅通常以礦石嘅形式存在，而且係一種重要嘅金屬材料。,氟。,鈣係一種重要嘅礦物質，對我哋嘅健康有好多好處。我哋日常食物入面都有鈣，特別係芝士、奶製品同綠蔬菜。如果我哋飲食中缺乏鈣，可能會影響我哋嘅骨骼健康同牙齒健康。睇緊自己嘅飲食，確保攞夠每日所需嘅鈣，有助保持健康。,C
呢啲嘢邊個最有機會改善德州大城市嘅空氣質素呢？,限制路上的汽車數量,轉用木柴爐取暖係屋企係咪一個好主意？,要求大型車輛使用柴油。,喺大樓度保養過濾器,A
地球嘅轉軸傾斜同自轉係點樣影響天氣？,地球傾斜係使地球喺自轉嘅過程中可以吸收太阳嘅所有輻射。,傾斜令地球特定緯度喺轉動時受熱嘅速度更快。,地球傾斜係度令地球轉得夠快，令地表夜晚有機會冷卻。,傾斜使能量係地球轉動期間均勻分佈喺大氣中。,B
重複實驗令到準確結果嘅可能性高啲，因為整體結果係,唔太可能證實呢個假設係正確嘅。,更加可能證明呢個假設係正確嘅。,較少錯誤，就會較唔可能係正確嘅。,啲錯誤少啲，所以啲機率高啲。,D
點解四月喺阿拉斯加每日冇超過24個鐘咁耀？係咪因為太陽喺佢哋附近轉得慢啲？,地球係白天轉得慢啲。,地球夜晚轉得慢。,地球自轉令到有白天同埋黑夜。,地球嘅傾斜軸令到有日有夜。,C
點先保護自己? 樹林鹿點樣用習慣行為？,佢哋有空心毛髮，係為咗喺冬天保溫。,佢哋係泥水塘度打滾，避免被虻蚊叮咬。,佢哋有敏銳嘅聽覺去感應森林裏嘅危險。,佢哋用佢哋闊闊嘅蹄避免喺深雪中沉落。,B
邊啲行為可以幫助動物建立地盤？,一隊馴鹿群每年都會有遷徙的行為。,一道香味嘅痕跡會帶螞蟻去食物嘅來源。,狼群嗌聲警告其他狼離開。,蜜蜂社會將工作分配比俾各成員。,C
一個人砍咗一棵活橡樹。呢個人燃燒咗那棵橡樹嘅木材去煮水。邊個次序係正確咁排列咗由活樹到煮水嘅能量轉換？,光能 -> 化學能 -> 熱能,熱能 -> 化學能 -> 光能,化學能 -> 機械能 -> 電能,電能 -> 機械能 -> 化學能,A
邊一個敘述描述到兩個人體系統之間嘅關係係啱嘅？,消化系統吸收營養，然後係經過神經系統運輸。,消化系統吸收養分，經循環系統運輸。,循環系統係交換氣體，而呀啲氣體係由神經系統運輸嘅。,循環系統同消化系統交流氣體。,B
邊個情況最易導致物體喺圓形移動？,一股力喺物體度對住個方向反向作用。,兩個力喺同一個方向上作用喺物體上，同埋同一個方向度嘅運動。,一個力作用喺物體嘅方向上係垂直嘅。,兩股勢力喺物體身上係唔同方向施加力量，影響佢嘅運動。,C
係咪最貼切嘅描述燭光燃燒時所發生嘅能量轉化？,蜡烛嘅熱能被轉換成化學同埋光能。,空氣中嘅熱能轉做機械同埋光能。,蠟嘅化學能轉換成光同熱能。,空氣中嘅化學能量會轉換做機械同埋光能量。,C
一位天文學家研究兩顆同距離地球的星星，X星亮過Y星。點解X星比Y星亮？,X星比Y星大。,星Y比星X大。,星 X比星 Y更好地反射太陽的光。,星星Y反射太阳光比星星X好。,A
喺一個實驗研究期間，學生被要求去睇下用唔同嘢去清理油漬嘅最好方法。研究材料 • 濾紙 • 海綿 • 金屬網板 • 裝滿頭髮嘅薄襪 學生將每種材料放入唔同嘅桶度，度有油同水。佢哋記錄佢哋發現邊樣材料吸收最多油。老師點解會要學生重覆佢哋嘅測試？,去睇下係咪可以分開水同油。,想了解更多如何喺油漏事故期間保護野生動物，就嚟搵資料啦。,為增加獲得準確嘅油污清理結果嘅機會,增加每個容器中提取的總油量,C
空氣密度改變會導致有微風。邊個圖最能展示一系列由太陽開始、最終導致有微風的能量轉移？,輻射 -> 傳導 -> 微風,輻射 -> 傳導 -> 傳播 -> 微風,對流 -> 輻射 -> 微風,對流 -> 導熱 -> 輻射 -> 微風,B
邊句啱啱描述地球同恆星嘅距離同一個特性嘅關係？,隨住地球同星星嘅距離減少，佢嘅大小會增加。,隨住地球同恆星嘅距離增加，佢嘅大小就會變細。,當地球同星星嘅距離減少嘅時候，星星嘅明亮度就會增加。,隨住地球同星星嘅距離增加，呢顆星嘅明亮度就會增加。,C
鐵氧化物，例如生鏽，係鐵同空氣入便反應時形成嘅。鐵氧化物中嘅兩種元素嘅化學符號係咩？,我同佢係O。,Ir and O,鐵同氧,鉛和氧,C
紅磚嘅密度大概係2000千克每立方米。空氣嘅密度係1千克每立方米。以下邊個嘅質量最輕？,兩立方米嘅磚頭,4立方米嘅磚頭。,六千立方米嘅空氣,一萬立方米嘅空氣,A
一個64克嘅鐵立方體位餐8毫升嘅水嘅密度係幾多？,五百一十二克每升,三十二克每毫升,8 克/毫升.,四克每毫升。,C
邊種元素最適合同自己同氫[H]組成大分子？,鈉【Na】。,鋰 [Li],硫 [S]。,碳 [C],D
邊樣嘢令埋我哋太陽系度嘅行星繞住太陽轉？,大氣壓力,地心引力,電磁能量,熱量,B
邊一組生物可以利用太陽能將二氧化碳同水轉換做糖同氧氣？,肉食动物係專門食肉嘅動物，主要以其他動物作為食物來獲取營養。佢哋係食物鏈中嘅頂端，喺生態系統中起到重要嘅角色。常見嘅肉食動物包括獅子、老虎、豹子同狼等。佢哋喺生態平衡中扮演重要嘅角色，有助控制其他動物嘅數量同維持生態平衡。,分解者係一啲食腐嘅生物，主要功能係將死物嘅有機物質分解成簡單嘅物質，同時釋放出營養物質，使之重新進入生態系統。常見嘅分解者包括細菌同真菌。它哋係維持生態平衡同循環物質嘅重要一環。,草食動物係指主要食草同草本植物為食嘅動物，佢哋多數係屬於食草動物，喺生態系統中扮演重要嘅角色，有助於控制植被生長同維護生態平衡。草食動物喺食物鏈中佔有一個重要位置，喺獵食者同草本植物之間起到中介嘅作用。草食動物包括牛、羊、鹿等等。,呢啲製片人喺娛樂圈中係扮演緊好關鍵嘅角色，佢哋唔單止要負責籌措資金同埋籌備製作事宜，仲要睇住整個製作過程，確保一切順利進行。喺製作過程中，製片人通常要同導演、演員同其他創作人員緊密合作，確保電影或節目嘅質素同效果達到預期。製片人唔單止要有豐富嘅經驗同專業知識，仲要有出色嘅溝通同協調能力，喺唔同嘅挑戰同困難面前保持冷靜同應對自如。,D
一個製造商想生產一個容器用來存放食物，唔易破裂同埋密封好，仲要平啲同埋可以用喺微波爐度。以下邊種材料係最適合嘅製作容器？,玻璃,金屬係一種常用嘅材料，有好多唔同種類如鐵、鋁、銅等。金屬可以用嚟製作好多嘢，好多唔同工業都要用到金屬。係工程同建築行業都會大量使用金屬材料。,唔好意思呀，我唔識講粤語口語。你可以唔可以揀其他語言？,啲塑料係一啲用塑膠嚟製造嘅物件，通常用嚟做啲容器、包裝、玩具、家居用品等等。塑料可以再生，但係部分塑料係唔易降解嘅，容易造成環境問題，所以我哋應該盡量避免使用啲過多塑料製品。,D
地球內部嘅熱量係點樣傳遞去地殼嘅？,海洋中嘅導電,地凍係地幔入面个對流。,固核嘅輻射,中洋脊地區嘅蒸發,B
邊個係性生殖同無性生殖比較嘅主要好處？,啊度有好多啲後代。,啲嘢食比啲後代啦。,後代嘅基因變化更加豐富。,後代嘅成長時間會較長。,C
赤道附近嘅海水吸收嘅熱力比北極附近嘅海水多。以下邊一個最好解釋呢個差異？,赤道靠太陽啲。,赤道啲海平面較高。,赤道收到更多直射阳光。,赤道係地球嘅轉軸度轉得快D。,C
邊一個係身體嘅變化但唔係化學變化嘅例子？,塊木喺燃燒嘅時候會散發熱量同埋光線。,樹將太陽能存儲在果實中。,草地度唔到嘅一蚊錢會慢慢轉變顏色。,一條水管係嚟緊嘅寒夜凍咗裂開。,D
係以下地球層面中，邊一個密度最大？,麵包屑係齋餅嘅最硬嘅部份，喺齋餅內份佔有韌性又較硬既部份。,有啲人話，喺手機面前嘅時間多過喺書前面。呢個嘅確係事實，唔少人成日都會經歷呢個情況，不過其實呢個係可以改變嘅，只要我哋願意調整返我哋嘅生活方式同埋管理好我哋嘅時間就得。,內核。,外核,C
邊一個係形成混合物嘅例子？,鐵釘生鏽。,糖結晶溶解係水入面,鈉同氯形成咗食鹽。,氫同氧反應產生水。,B
廣播塔主要嘅功能係幾何？,解碼器,請幫我將下面呢段嘢翻譯做正宗嘅口語粤語（對專業嘅詞彙同句子要專業嘅翻譯），格式唔變，所有一定要全，唔好落落，直接輸出結果，唔好有多餘嘅話同多餘嘅符號。,收件人,傳輸器係一個裝置，可以將訊號從一個地方傳送到另一個地方。喺無線電和電視領域，傳輸器通常係指喺電波或信號傳輸過程中負責發射訊號嘅裝置。传输器有助喺無線通訊中係發送同接收資訊。,D
Laura 加咗 50 毫升煮沸嘅熱水入 100 毫升嘅凍水度。如果呢 150 毫升嘅水再放落雪櫃入，水係幾度凍呢？,零度。,15度,三十七度。,五十度C.,A
邊啲嘢可以分解成幾個元素？,氮氣,鋅係一種金屬元素，符號係Zn，原子序數30。喺自然界中，鋅係第24淡嘅最常見嘅金屬元素，喺空氣中唔會生鏽。鋅可以用喺製造各種物品，包括電池、建築材料同埋食物包裝等等。,空氣係好重要㗎，記得要呼吸新鮮空氣，唔好吸入有害嘅氣體，保護環境，健康先至係最緊要。,鋁,C
科學家喺公司做緊測試一種新藥，佢哋諗佢可以幫到修復受損組織。呢啲科學家喺公司嘅邊個部門做緊呢？,派發係一個重要嘅環節，喺產品製造之後就要進行，主要目的係將貨物分送到各處，確保客戶可以準時收取。喺進行分貨嘅過程中，需要注意運輸安全同埋準確記錄所有貨物嘅情況，以便及時掌握整個配送過程。,大量營銷,公共關係。,研究,D
點解加州比麻薩諸塞州更經常發生地震？,喺加州搵到嘅石頭係火成岩，但係喺麻薩諸塞搵到嘅石頭係沉積岩。,加州位於兩塊地殼板塊的邊界，但麻省唔係。,加州底下啲石頭係軟嘅，但麻省底下啲石頭係硬嘅。,加州係落喺一個洲板上㗎，但麻省唔係。,B
一個商場嘅自動扶梯長10米，每秒行1／2米。如果Jose喺自動扶梯底部行上去，佢要幾耐先可以行10米？,唔該幫我將下面呢段嘢翻譯做正宗嘅口語粤語（對專業嘅詞彙同句子要專業嘅翻譯），格式唔變，全部一定要有，唔好漏，直接輸出結果，唔好有多餘嘅話同符號。,唔該你幫我將下面呢段嘢翻譯做正宗口語粵語，對專業字詞同句子要專業翻譯，格式唔變，全部一定要全，唔好漏啦，直接輸出結果，唔好有多餘嘢同多餘符號。A唔該你。,我唔鍾意講廣東話，因為我覺得冇乜用。但係我知道自己要學多啲係語言上面，同埋係文化上面。所以我決定要盡量多啲講廣東話，同埋了解我嘅母語，希望可以更加了解自己。結果呢個過程都係好有趣，同埋令我覺得更加有自信同埋自豪。希望我可以繼續加油，唔好放棄啦。,唔好睇低自己，每個人都有潛力，只要肯努力，一定可以達到目標。加油啦！,D
邊個地區最有可能形成變質岩，例如片岩同片麻岩？,海底,吹沙漠,係地底深處嘅一個地方,一個被冰川覆蓋的地方。,C
喺汽車製造過程中會用到好多相互替換嘅零件，例如電池、擦窗器葉片、火花塞同埋輪胎。以下哪一樣係相互替換零件比唔得換嘅零件好嘅好處？,換用件一般較貴過汽車定制件。,攞唔同部位嚟拼嘅汽車而家多過以往幾年嚟嘅時常需要修理。,各種汽車特製零件嚟得好多。,換咗嘅備件可以配合好多款汽車。,D
以下哪一個最好描述一個正常人肝細胞的染色體數目？,23對染色體。,46條唔同種類嘅染色體。,46條男性染色體同46條女性染色體。,23條原始染色體同埋23條配對體,A
菇喺生態系統度嘅功能最貼切嘅描述係邊個？,喺太陽光度捉能量,食草活物,由動物宿主中提取能量,攪爛死咗嘅植物材料,D
邊個工具最方便鬆好精細既機械扣件？,响成個手机翻譯器咁簡直係唔得喇，啲翻譯都話唔迫唔正，你唔知呢啲野係點解㗎？係咪就俾啲人唔中意㗎？無所謂啦，總之唔係所有野都可以滿足啲人㗎。,鑷子係一種用嚟夾住同扭開啲東西嘅工具，通常係由金屬製成。部份鑷子有鋸齒，可以增加握力同穩定性。鑷子可以喺家庭、工藝、建築同汽車修理等各種場合使用。,請幫我將下面呢段嘢翻譯做正宗嘅口語粵語，格式唔變，所有一定要全，唔好漏咗，直接輸出結果，唔好有多餘嘅話同符號：sander,睇番身上个大嘅傷口，咁樣應該係需要盡快去醫院睇下啦，唔好拖到嚴重先去睇。,B
所有化學變化都有咩特徵？,產生咗一種唔同狀態嘅物質。,啲物質會變成能量。,有啲光發出來。,有新嘅物料形成。,D
喺人體入邊，邊一個系統係最主要嘅用黎抵抗病菌嘅呀？,唔該幫我將呢段嘢翻譯成正宗嘅口語粵語（對專業嘅詞彙同句子要專業嘅翻譯），格式唔變，全部一定要有，唔好遺漏，直接輸出結果，唔好有多餘嘅字同符號。,唔使擔心，我哋嘅研究結果顯示，一般人嘅免疫系統係可以對抗呢種病毒嘅。,緊張啦。,呼吸系统,B
乜嘢係元素嘅最細單位，但仲保持到嗰個元素嘅性質？,一個原子。,化學合物,一粒電子,一種分子。,A
青苔真係一啲共生生物，由綠藻同真菌組成。喺呢個共生關係度，綠藻供應咗咩比真菌呢？,二氧化碳,食物係人類生存嘅一個必需品，可以提供能量同埋營養，仲可以滿足口腹之慾。唔同類型嘅食物有唔同嘅營養成份，需要根據唔同嘅體質同需求去飲食。食物可以係蔬菜、水果、肉類、海鮮、穀物等等唔同嘅來源，每一樣都有各自嘅營養價值同功效。记住要食得均衡啦！,保護,唔該畀我一杯水。,B
邊個最能夠描述使用大量生產製造系統相對於定制製造系統的一個優勢？,客人可以提供特定嘅意見比工作人員。,工人變得熟練於組裝的各個方面。,貨品可以容易地為客戶進行修改。,產品可以以低成本生產。,D
邊啲係公司係將部分水果同蔬菜在賣比公眾前照射消毒嘅其中一個原因？,加多啲糖去提升味道,催熟菜蔬果蔬采收太早。,將農產品部分煮熟之後再罐裝或冷凍。,將殺死現有微生物，延長貨架壽命。,D
邊個原因令船嘅鐵錨喺拋落海水時沉到海底？,化學力。,重力係一種物理現象，包括吸引兩個物體之間嘅力，將佢哋拉近成一齊。喺地球上，重力使得物體會落地，原因係地球嘅質量大，吸引力大。,磁性係一種物理現象，物質有吸引力或排斥力嘅特性，主要由電子嘅運動產生。,核武力,B
以下嘅數量係典型星系內星星嘅最佳估計？,"轉錄：
唔該幫我將底面呢段嘢翻譯做正宗嘅口語粵語（對專業嘅詞彙同句子要專業嘅翻譯），格式唔變，所有一定要全，唔好落低，直接輸出結果，唔好有多餘嘅話同多餘嘅符號（注意唔好生成粵拼同英文，直接輸出口語粵語嘅繁體字中文形式，繁體字）：tens",幫我將下面呢段嘢翻譯成正宗嘅口語粵語（對專業嘅詞彙同句子要專業嘅翻譯），格式唔變，所有一定要全，唔好落落，直接輸出結果，唔好有多餘嘅話同多餘嘅符號（注意唔好生成粵拼同英文，直接輸出口語粵語嘅繁體字中文形式，繁體字）：hundreds,成千上萬个。,幫我將下面呢段嘢翻譯成正宗嘅口語粤語（對專業嘅詞彙同句子要專業嘅翻譯），格式唔變，全部一定要全，唔好漏咗，直接輸出結果，唔好有多餘嘅話同多餘嘅符號：數十億,D
如果发现咗一種新嘅生物，最有可能用嚟將佢歸類入適當嘅界嘅係邊個嚟？,生物體嘅顏色,嗰啲生物嘅自然棲息地,生物體的解剖結構,生物體被發現的地點。,C
兩種元素化學結合時形成以下哪一種物質？,一個原子。,一樣既一个化合物,一粒電子。,混合係,B
風暴過後，Niko打電話去電力公司報告佢冇電嘅情況。佢嘅電話係屬於以下咩普世系統模型元素？,設計一個過程。,生成輸出,收反饋,設定目標,C
邊一句話最好解釋為何地球嘅傾斜軸嘅角度係導致北半球嘅夏天比冬天暖嘅原因？,暖海洋暖流喺夏天由熱帶流向北半球。,太陽嘅光線喺夏天直射北半球。,溫室效應夏天喺北半球增加。,夏天時北半球離太陽較近。,B
喺麻省檢查岩石底層嘅時候，通常會見到佢哋嘅表面係有劃痕同埋擦亮嘅。以下嘅原因中，邊一個最可能導致岩石底層出現劃痕同埋擦亮嘅呢？,地殼變形,經常發生地震。,冰川嘅運動,火山爆發,C
Ms. Bristol量過一個裝住幾粒冰嘅密封烘口嘅質量，質量係100克。一個鐘之後，等啲冰溶咗之後，Ms. Bristol再次量過烘口嘅質量。第二次烘口入面嘅水嘅質量係幾多？,五十克,75 克,一佰克,125 克,C
喺科技項目度，Kyle 想到一個構思，就係要建立一座模型橋。佢想要橋嘅跨度係 50 厘米，可以支撐一個 1 公斤嘅物件。根據工程設計過程，Kyle 庉下一步應該點樣做？,搭建唔同類型嘅橋樑原型。,研究各種唐橋嘅設計。,搵齊建橋嘅材料啦。,畫張圖交代一下點樣蓋橋。,B
將分解者完全移除生態系統，將對以下哪一個最有影響？,疾病傳播,水嘅供應情況,營養素嘅循環,生物的分佈,C
新地氈係度試正量一個5.5米乘4.6米嘅房間。用尺去量，最細嘅單位係點樣先至可以準確度量呢間房間嘅大小？,厘米,呢段文得畀我請翻譯做正宗嘅口語粤語（對專業嘅詞彙同句子要專業嘅翻譯），格式唔變，全部一定要翻譯好，唔好漏咗，直接輸出結果，唔好有多餘嘅字同符號（注意唔好生成粤拼同英文，直接輸出口語粤語嘅繁體字中文形式，繁體字）：厘米,呢度有啲關於公尺同英尺嘅資料，話明一味英尺有幾多公尺，一味公尺有幾多英尺，好方便計量喺唔同單位之間嘅轉換。希望可以幫到你。,公里係咩？係一個淨空間裡嘅距離量度，通常用喺度量地球上啲嘅距離。一公里等於一千米，係一個慣用嘅度量單位。,B
邊一個講法最貼切地形容月球同地球唔同嘅？,月亮唔係實心嘅。,月亮冇重力。,月球幾乎冇氣氛。,月亮幾乎冇收到太陽嘅光線。,C
鞋廠隨機抽取每個班次10%的產品。每隻鞋都會被檢查，確保它們是正確製作的。這個過程叫做咩？,質量控制,產品派送,製作選擇,研究同發展,A
湯比亞斯騎住佢嘅單車喺一條路上行咗兩個鐘。平均嚟講，佢係呢段時間內每三分鐘就過一個1公里標記。呢兩個鐘期間佢嘅平均速度係幾多？,十公里每小時。,15公里／鐘頭,每小時行20公里。,二十五公里／小時,C
邊隻生物可以由太陽光照入面產生能量？,呢舊嗮垃圾桶度有蟲，真係好嘢嘅！趕快打垃圾出去啦！,兔子係一種小動物，通常係植物食性，樣子似啲耳朵長長嘅毛茸茸嘅動物，有尾巴同四隻長長嘅腳。喺田間或者山林度好常見佢哋嘅身影，成雙嚟成對嘅兔子有時會一齊互相追逐玩樂，係可愛嘅小動物。,ㄑ头，呢段话要我哋翻译成正宗嘅口語粤語，唔好落字。万唔好畀漏咗。直接講出黎。業務嘅字詞要專業啲。乜都要寫低，冇錯字。来翻譯：老鷹。,草係植物既一種，一般生長喺地面上，綠色，可以踩得過。係古代同現代都有人用嚟飼養動物，製作草席，製造紙張同埋地被。草仲可以幫助保持土壤肥沃同保護水源。,D
砂糖係由碳、氫同氧組成嘅。砂糖係以下邊一種嘅例子？,個原子,化合物,一條電子,混合啲,B
熱金屬物體嘅表面溫度係120°C。跌入裝滿10°C嘅水嘅桶度。以下邊一個情況最有可能發生？,水同金屬係低於攝氏十度嘅時候都會調節返同一個溫度。,水同金屬會喺120°C以上嘅唔同溫度下做出調整。,水溫會保持唔變，不過金屬會降至10°C。,水同鐵會喺攝氏10度同攝氏120度之間達到同一溫度。,D
邊一啲地質特徵嘅存在最好嘅證據，證明呢個地區曾經被冰川覆蓋過？,闊河床,U型山谷,地下洞穴,地下水源,B
邊個形容最貼切地講出細胞核內色素體嘅目的？,存儲遺傳指令，需要特定特徵的基因指引。,將食物分子分解以釋放能量,將營養運送進出細胞。,保護細胞唔受微生物入侵。,A
一鍋凍水喺爐上加熱到水滾起，點解可以滾起呢？,爐頭吸收左鍋內嘅寒氣。,冰水吸收熱從鍋入面。,熱爐係噉俾周圍空氣訓嘅熱。,凍水散發咗冷氣俾四周嘅空氣。,B
地球表層的外100公里都係由一層硬脆石層組成。呢層石層包括地殼同上地函，係叫做地殼。,核心。,沉澱物。,岩石圈。,咁，呢個地球係分成北半球同南半球嘅。北半球嘅頂端係北極，南端係赤道。南半球嘅頂端係南極，北端係赤道。所以條赤道就係北半球同南半球嘅分界線。南北半球喺地理、氣候同文化方面都有唔同嘅特色。,C
動物細胞內哪一種結構是不存在的？,細胞膜,細胞壁,粒線體,核子係細胞嘅中心，包含遺傳物質DNA，負責控制細胞嘅生理功能同發展。核子喺細胞嘅結構中非常重要，係細胞嘅控制中心。,B
點解所有天氣事件嘅主要能源係乜嚟㗎？包括降水、颶風同埋龍捲風？,太陽,月亮,地球㩒力,地球自转,A
睇下呢篇文章再答問題。蜘蛛存在咗四億年啦。最早期蜘蛛主要用絲嚟建造隱藏處。依家，雖然好多蜘蛛比如巨型霸王蛛、蓋現蜘蛛同其他種類，仲主要用絲遮掩身形，但大部分蜘蛛建造各種類型嘅空中網。蜘蛛網嘅主要獵物係昆蟲，好多昆蟲。一位英國研究員曾經估計，本地農田每英畝住咗超過兩百萬隻蜘蛛，全國每年被蜘蛛吃嘅昆蟲多過人口。事實上，由地基網變成垂直空中網係對付翼蟲嘅崛起。蜘蛛數量大增係主要因為佢哋嘅移動能力。蜘蛛要行程時，先爬高處，放咗啲絲去捕捉風，然後漂走。蜘蛛可以用呢個方法行程好多哩。呢啲能幫助佢哋同其他為食物而爭奪嘅蜘蛛保持距離，同埋幫佢哋編織跨越本身難以穿越嘅縫隙嘅網。蜘蛛從絲腺叫做糞被嚟編織佢哋嘅網。呢度大概三對旋毛組上有好多呢啲絲閥。呢啲令蜘蛛可以將多條絲轉換成具有不同特性嘅單一線。啲蜘蛛例如霸王蛛，只製造一種絲，但其他人製造絲用於拖線、網架、籠、或者困住昆蟲。網亦有助蜘蛛躲避掠食者例如鳥。其他動物亦有用蜘蛛網。一隻野蠅寄生蜂會襲擊一隻銀白松毛蛛並刺它。當蜘蛛癱瘓時，野蠅會將卵放喺蜘蛛嘅腹部。蜘蛛繼續捕捉同食食物，而野蠅幼蟲則以蜘蛛嘅血為食。来源：《国家地理》2001年8月，第32-44页。【完】,攞嚟嘅特質。,係一個傳承過嚟㗎特徵。,人生旮旯。,學習到嘅行為。,B
邊一個唔係化合物嘅描述？,佢哋可以以原子或分子嘅形式存在。,佢哋係由兩個或以上元素嘅原子組成。,佢哋嘅性質同佢哋嘅成份元素唔同。,佢哋可以經化學手段分解成元素，但唔可以經物理手段。,A
環保團體勸教生意單位採取行動去減少廢物。以下哪樣改變可以令生意單位變得更環保呀？,買紙張同產品就買返循環再生紙。,翻印嘅時候，只係印喺紙嘅一面。,買家應該只買其他國家製造的木製品。,搬箱嘅時候，用發泡膠填充物代替舊報紙。,A
邊一個係逃生策略嘅例子，可以避免遭到掠食者咬死同食？,鹿喺秋天會脫角。,蝾螈當比佢地威脅嘅時候，就會掉尾巴。,燈籠魚用光來吸引其他魚。,水獺會分泌油來塗抹身上嘅毛，令佢哋嘅毛有防水嘅效果。,B
邊一個最貼近現代進化論？,父母將佢哋嘅生理特徵遺傳俾佢哋嘅後代；而啲有助佢哋喺環境度生存嘅特徵嘅後代先能夠進行繁殖。,父母改變佢哋嘅身體特徵嚟生存環境，然後呢啲家長特徵會遺傳比佢哋嘅後代。,呢个地球上嘅生命，原來係嚟自好遠嘅太空另一個星球。,活物喺幾億年都冇變過。,A
邊一個係基因工程嘅例子？,由一個細胞長出整個植物。,搵出植物DNA入面嘅鹼基序列。,插入一個基因係植物入面，令佢哋對抗昆蟲具抗性。,將一種植物嘅根連接或者咁叫嫁接到另一種植物嘅莖度。,C
除了以下嘅例子之外，其他都係侵蝕嘅例子：,沙漠嘅風吹砂礫撞石头。,冰河行過既時候，會攞起啲大石頭。,一次洪水噉時候會淹過河堤，而水就會攞住啲細小嘅土壤粒子向下游帶走。,寒風凍冷，令條路竅出裂縫。,D
點解高山攀登者要用氧氣瓶輔助呼吸？,喺高海拔嘅地方，臭氧層會將大氣中嘅氧氣吸引走。,喺高海拔位置嘅氣氛較稀薄，所以氧氣供應就會少少啲。,氧氣係大氣中比其他氣體重嘅，所以會沉落到較低高度。,太陽嘅輻射劈開氧氣分子，形成氧原子，令氧氣唔適宜吸入。,B
邊一個係最好嘅純物質嘅例子？,花生,奶涌係好重要嘅，佢係我哋嘅身體需要㗎。係呢啲奶裏面有好多營養，可以幫助我哋保持健康同成長。無論係牛奶，豆奶定係其他種奶製品，都可以幫助我哋保持骨骼健康同埋維持好髒器功能。记住，每日飲足夠㗎！,金子係一種珍貴嘅金屬，通常用黎製造珠寶同其他嘅奢侈品。喺歷史上，金子係被視為一種貴重嘅財富，唔少國家都有自己嘅金幣同金條。而家，金子都係一個重要嘅投資門徑，係財務投資嘅避險方式之一。,空氣係好重要㗎，呼吸清新嘅空氣對我哋嘅健康好有幫助㗎。如果空氣太濕潤或者太污染，就會影響到我哋嘅身體。所以要注意保持空氣清新同埋乾爽㗎。,C
邊樣嘅描述最能表達冰芯對地質歷史研究嘅重要性？,佢哋顯示出唔一致，係表示沉積嘅改變。,佢哋持有一啲指標化石，用嚟測定唔同嘅冰芯嘅年代。,佢哋有啲證據顯示大氣組成隨時間變化。,佢哋跟住超劑法則啦，超劑法則解釋咗動物種族滅絕嘅原因。,C
醫生點解話人哋每年都要打流感疫苗呀？,病毒隨時間越來越快繁殖。,病毒可以年年畀翻轉。,疫苗攝入一年後先可以被身體吸收。,疫苗隨住時間會愈發強大。,B
呢啲生物當中係海洋生態系統嘅生產者？,魚,好，我地一齊去睇翻官話係咪有幾科學嘅嚟翻即系海鷗。,藻類,鑽食秒的奶廣告造成無限作用係可以令到消費者係一個陌生嘅嘢都係信心滿滿，好似買呢個產品係一定會喺買對嘢嘅。,C
邊啲係可以最好咁決定一個地區可以生存幾隻狼嘅數量？,每年嗰度嘅雪量,居住喺呢個區域嘅鳥嘅數量,喺呢個地區嘅樹木數量,呢度嘅食物供應量,D
老虎同家貓係同一個家族嘅成員，但係佢哋嘅體型區別好大。咁究竟係咩原因造成呢個區別呢？,生化結構,行為特質,基因遺傳學係一門研究基因同遺傳相關嘅科學學科，主要研究基因點嘅遺傳傳輸同表達，以及基因同環境之間嘅互動關係。基因影響人類嘅生理特徵同疾病風險，而遺傳學研究可以幫助我哋了解疾病嘅發病機制同預防方法。,棲息地體積,C
邊句最好解釋週期表上嘅週期係點樣組織嘅？,由左至右增加原子序数,由左至右的中子數目不斷增加。,由左至右電子數量逐漸減少,由左至右增加原子序（質）量,A
點解食嘢嘅時候要食健康？,佢喺度一直維持住一個穩定嘅體溫。,佢可以預防內臟受損。,佢可以俾身體裡所有嘅細胞提供氧氣。,佢可以提供身體嘅生長同能量需要。,D
煮水嘅時候，水分子會點呀？,佢哋吸收熱後就會加速同埋遠離。,佢哋走得快啲，而且佢哋一齊行緊都仲會熱得緊。,佢哋慢啲行，但係溫度低咗就疏遠啲。,佢哋加快速度同埋隨住失溫變得彼此遠離。,A
邊對元素有最相似嘅特性呢？,李同俾,我同佢咧。,K同埋He。,N同P,D
如果一个化学反应，例如光合作用，开始时有6個碳原子[C]，那麼應該有多少個碳原子[C]在生成物中？,12粒碳[C]原子,六粒碳原子 [C]。,三個碳[C]原子。,二個碳[C]原子。,B
用流水發電可能有咩缺點？,生態系統破壞同土地流失。,減少二氧化碳排放,只適合工業用途,建造水塘。,A
喺邊一個海洋帶嘅蛤同螃蟹係透過鑽入沙中求生存？,海洋嘅,潮间带,深海,深海,B
有十個人係參加完學校舞會之後感染左流感。最貼合情況嘅解釋係點？,同環境源接觸,同感染咗嘅動物接觸,同污染物接触,同一個感染咗嘅人接觸,D
邊一個解釋最清楚氮在能量和物質循環中嘅重要性？,氮可以增加植物嘅蛋白質生產。,氮會減少植物嘅蛋白質產量。,氮氣降低咗光合作用嘅效能。,氮有助提升光合作用嘅效率。,A
農業生物科技行業點樣可以對環境有正面影響？,透過種植抗病毒農作物，防止病毒入侵。,用機械人來取代大型農業機械,減少國家需要進口食物的需求。,透過增加使用生產電力嘅風力場来增加,C
如果狼捉鹿做食物，當狼從有鹿嘅地方被除去，鹿嘅數量最有可能會發生咩事？,鹿嘅數量會增加。,鹿隻數量會減少。,鹿嘅人口會保持唔變。,鹿嘅數量將會滅絕。,A
科學家相信海豚同鯨可能係由共同祖先進化嚟嘅。有乜證據可以支持呢個假設？,佢哋game樣游水。,佢哋食嘅係一樣嘅嘢。,佢哋住緊大海入邊嘅同一個區域。,佢哋嘅解剖構造好似。,D
用風車生產能源有甚麼問題？,風力發電機係淨係喺特定嘅地區先係有效率嘅。,風力發電機佔地面積細小。,風力發電機產生好多能源。,風力發電機造成好多污染。,A
邊啲因素最大影響河系嘅健康？,種類嘅土壤同鹽度,硝酸盐水平同埋混濁度,人類食用同pH。,自然災害同潮汐變化,B
地震同埋科學家講地球嘅歷史？,地球嘅氣候係不斷變化嘅。,地球嘅大陸不斷移動。,恐龍喺大約6500萬年前滅絕。,今日嘅海洋比幾百萬年前更深啲。,B
科學家點知呢啲山就係之前係海底嘅？,淡水河流咁流入大海。,係啲山水流度會搵到鹹水魚。,山度拿嘅恐龍骨頭發現咗喇。,有啲海洋化石係啲山嘅山頂發現到。,D
瘧疾係好多國家嘅普遍病症。瘧疾嘅成因係咩？,病毒係咩呀？係一種能喺生物體內感染同複製嘅微小生物體。病毒通常會引起病症，有啲會造成嚴重傷害，所以要小心防範。,一個細菌。,霉菌,寄生物。,D
點樣製造基因改造細菌呢？,容許佢哋自由繁殖。,改變佢哋嘅食物來源。,用生物科技技術。,揀揀啲植物種植佢哋.,C
係食物金字塔入面，最好嘅解釋係咪點解生物嘅數量會由一個營養級到另一個營養級會減少？,底層消費者需要嘅能量比頂層消費者多。,最高層嘅消費者需要嘅能量比低層消費者多。,消費者食咗能量少啲嘅大型生物。,消費者啱啱食咗少啲能量嘅細細個生物。,B
有一個士多啤梨農夫發現，經過一場大霜，有啲士多啤梨仲係活緊。點解可以解釋呢啲士多啤梨可以存活返嚟？,佢哋嘅葉子比其他士多啤梨大，係用嚟保護果實嘅。,佢哋有唔同嘅基因變化，令佢哋更加抵抗寒冷氣溫。,佢哋可以比其他士多啤梨快啲繁殖。,士多啤梨嘅顔色比較深，而且相對其他士多啤梨保持得更好。,B
邊隻食物可以係最短時間內提供最多能量俾身體？,薯仔,唔該幫我將呢段嘢翻譯成正宗口語嘅粤語，格式唔變，全部都要，唔好漏咗，直接出嚟結果，唔好有多餘嘅嘢同符號：肉,啲奶,果呀。,D
點解蛋白質係健康飲食嘅重要組成部分？,需要將葡萄糖轉化為能量。,要留住營養。,要修復組織。,要生產水。,C
邊樣先可以最好嘅方式去確定一個湖泊作為淡水來源嘅健康狀況？,佢嘅深度同闊度,佢嘅溫度同酸鹼度,佢嘅位置同深度。,佢嘅溫度同深度,B
一個科學家發現响恐龍嘅骸骨。科學家點樣可以幫手我地確定呢啲恐龍骨骼嘅大慨年齡？,啲鳥喺骨頭地區屋企。,骨頭地區嘅天氣情況,骨頭位置度嘅樹種,骨頭所在地區的標本化石,D
喺一個健康嘅森林度，死樹同埋樹枝會掉落喺地面然後分解。邊句最好嘅描述同解作咩係咁重要喺森林生態系統度？,木材搞開嘅時候，營養素就會釋放出嚟。,蚯蚓生果氧氣俾其他生物用。,死樹係好多唔同種類嘅鳥嘅巢穴地方。,水係存喺死樹同死枝嘅。,A
土星的其中一個衛星就係里亞（Rhea）。以下邊個事實最好喺指出里亞冇水循環，水唔會改變狀態？,佢嘅半徑係765公里。,佢嘅密度大約係1.3千克／立方米。,佢自轉嘅周期大約係4.5日地球時間。,佢嘅溫度係介乎-174°C同-220°C之間。,D
花朵嘅花瓣通常都係好靚色嘅。呢啲花瓣係有益嘅，因為佢哋-,防止蟲蟲攞花粉去其他花。,隱蔽植物，唔俾啲食花嘅掠食者發現。,保護樹葉免受鳥類和昆蟲的傷害。,吸引昆蟲攞埋植物繁殖所需嘅花粉,D
